condition_id,category,as_of,resolve,prob,chg_1h,chg_6h,chg_24h,vol_24h,drift_24h,range_24h,n_points_24h,time_to_res_h,log_volume,log_liquidity,dist_from_50,news_sentiment,label_move,final_outcome
0xb27cdfd48eccfabd56a40dcf0500de51a06452eaa8affd72b0e3f75d86913eec,other,1778378405,1779386400,0.485,0.0,0.0,-0.015,0.00559,-0.000625,0.015,25.0,279.998611,4.61512,0.0,0.015,0.0,0,0
0xb27cdfd48eccfabd56a40dcf0500de51a06452eaa8affd72b0e3f75d86913eec,other,1778400005,1779386400,0.485,0.0,0.0,-0.015,0.002843,-0.000417,0.01,25.0,273.998611,4.61512,0.0,0.015,0.0,0,0
0xb27cdfd48eccfabd56a40dcf0500de51a06452eaa8affd72b0e3f75d86913eec,other,1778421605,1779386400,0.485,0.0,0.0,-0.005,0.001871,-0.000208,0.005,25.0,267.998611,4.61512,0.0,0.015,0.0,0,0
0xb27cdfd48eccfabd56a40dcf0500de51a06452eaa8affd72b0e3f75d86913eec,other,1778443205,1779386400,0.485,-0.005,0.0,0.0,0.001021,0.0,0.005,24.0,261.998611,4.61512,0.0,0.015,0.0,0,0
0xb27cdfd48eccfabd56a40dcf0500de51a06452eaa8affd72b0e3f75d86913eec,other,1778464805,1779386400,0.485,0.0,0.0,0.0,0.001722,0.0,0.005,23.0,255.998611,4.61512,0.0,0.015,0.0,0,0
0xb27cdfd48eccfabd56a40dcf0500de51a06452eaa8affd72b0e3f75d86913eec,other,1778486405,1779386400,0.49,0.005,0.005,0.005,0.001871,0.000208,0.005,25.0,249.998611,4.61512,0.0,0.01,0.0,0,0
0xb27cdfd48eccfabd56a40dcf0500de51a06452eaa8affd72b0e3f75d86913eec,other,1778508005,1779386400,0.485,0.0,-0.005,0.0,0.001871,0.0,0.005,25.0,243.998611,4.61512,0.0,0.015,0.0,1,0
0xb27cdfd48eccfabd56a40dcf0500de51a06452eaa8affd72b0e3f75d86913eec,other,1778529605,1779386400,0.485,-0.005,0.0,0.0,0.001871,0.0,0.005,25.0,237.998611,4.61512,0.0,0.015,0.0,1,0
0xb27cdfd48eccfabd56a40dcf0500de51a06452eaa8affd72b0e3f75d86913eec,other,1778551205,1779386400,0.485,0.0,0.0,0.0,0.001384,0.0,0.005,25.0,231.998611,4.61512,0.0,0.015,0.0,1,0
0xb27cdfd48eccfabd56a40dcf0500de51a06452eaa8affd72b0e3f75d86913eec,other,1778572805,1779386400,0.485,0.0,0.0,-0.005,0.001043,0.0,0.005,23.0,225.998611,4.61512,0.0,0.015,0.0,1,0
0xb27cdfd48eccfabd56a40dcf0500de51a06452eaa8affd72b0e3f75d86913eec,other,1778594405,1779386400,0.14,0.0,-0.345,-0.345,0.09947,-0.015682,0.35,23.0,219.998611,4.61512,0.0,0.36,0.0,0,0
0xb27cdfd48eccfabd56a40dcf0500de51a06452eaa8affd72b0e3f75d86913eec,other,1778616005,1779386400,0.14,0.0,0.0,-0.345,0.16801,-0.015682,0.345,23.0,213.998611,4.61512,0.0,0.36,0.0,0,0
0xb27cdfd48eccfabd56a40dcf0500de51a06452eaa8affd72b0e3f75d86913eec,other,1778637605,1779386400,0.14,0.0,0.0,-0.345,0.172159,-0.015682,0.345,23.0,207.998611,4.61512,0.0,0.36,0.0,0,0
0xb27cdfd48eccfabd56a40dcf0500de51a06452eaa8affd72b0e3f75d86913eec,other,1778659205,1779386400,0.14,0.0,0.0,-0.345,0.131339,-0.015,0.345,24.0,201.998611,4.61512,0.0,0.36,0.0,0,0
0xb27cdfd48eccfabd56a40dcf0500de51a06452eaa8affd72b0e3f75d86913eec,other,1778680805,1779386400,0.14,0.0,0.0,0.0,0.0,0.0,0.0,24.0,195.998611,4.61512,0.0,0.36,0.0,0,0
0xb27cdfd48eccfabd56a40dcf0500de51a06452eaa8affd72b0e3f75d86913eec,other,1778702405,1779386400,0.14,0.0,0.0,0.0,0.0,0.0,0.0,24.0,189.998611,4.61512,0.0,0.36,0.0,0,0
0xb27cdfd48eccfabd56a40dcf0500de51a06452eaa8affd72b0e3f75d86913eec,other,1778724005,1779386400,0.14,0.0,0.0,0.0,0.0,0.0,0.0,24.0,183.998611,4.61512,0.0,0.36,0.0,0,0
0xb27cdfd48eccfabd56a40dcf0500de51a06452eaa8affd72b0e3f75d86913eec,other,1778745605,1779386400,0.14,0.0,0.0,0.0,0.0,0.0,0.0,24.0,177.998611,4.61512,0.0,0.36,0.0,0,0
0xb27cdfd48eccfabd56a40dcf0500de51a06452eaa8affd72b0e3f75d86913eec,other,1778767205,1779386400,0.14,0.0,0.0,0.0,0.0,0.0,0.0,24.0,171.998611,4.61512,0.0,0.36,0.0,0,0
0xb27cdfd48eccfabd56a40dcf0500de51a06452eaa8affd72b0e3f75d86913eec,other,1778788805,1779386400,0.14,0.0,0.0,0.0,0.0,0.0,0.0,24.0,165.998611,4.61512,0.0,0.36,0.0,0,0
0xb27cdfd48eccfabd56a40dcf0500de51a06452eaa8affd72b0e3f75d86913eec,other,1778810405,1779386400,0.14,0.0,0.0,0.0,0.0,0.0,0.0,24.0,159.998611,4.61512,0.0,0.36,0.0,0,0
0xb27cdfd48eccfabd56a40dcf0500de51a06452eaa8affd72b0e3f75d86913eec,other,1778832005,1779386400,0.14,0.0,0.0,0.0,0.0,0.0,0.0,24.0,153.998611,4.61512,0.0,0.36,0.0,0,0
0xb27cdfd48eccfabd56a40dcf0500de51a06452eaa8affd72b0e3f75d86913eec,other,1778853605,1779386400,0.14,0.0,0.0,0.0,0.0,0.0,0.0,24.0,147.998611,4.61512,0.0,0.36,0.0,0,0
0xb27cdfd48eccfabd56a40dcf0500de51a06452eaa8affd72b0e3f75d86913eec,other,1778875205,1779386400,0.14,0.0,0.0,0.0,0.0,0.0,0.0,23.0,141.998611,4.61512,0.0,0.36,0.0,0,0
0xb27cdfd48eccfabd56a40dcf0500de51a06452eaa8affd72b0e3f75d86913eec,other,1778896805,1779386400,0.14,0.0,0.0,0.0,0.0,0.0,0.0,24.0,135.998611,4.61512,0.0,0.36,0.0,0,0
0xb27cdfd48eccfabd56a40dcf0500de51a06452eaa8affd72b0e3f75d86913eec,other,1778918405,1779386400,0.14,0.0,0.0,0.0,0.0,0.0,0.0,23.0,129.998611,4.61512,0.0,0.36,0.0,0,0
0xb27cdfd48eccfabd56a40dcf0500de51a06452eaa8affd72b0e3f75d86913eec,other,1778940005,1779386400,0.14,0.0,0.0,0.0,0.0,0.0,0.0,23.0,123.998611,4.61512,0.0,0.36,0.0,0,0
0xb27cdfd48eccfabd56a40dcf0500de51a06452eaa8affd72b0e3f75d86913eec,other,1778961605,1779386400,0.145,0.0,0.005,0.005,0.001412,0.000217,0.005,24.0,117.998611,4.61512,0.0,0.355,0.0,0,0
0xb27cdfd48eccfabd56a40dcf0500de51a06452eaa8affd72b0e3f75d86913eec,other,1778983205,1779386400,0.145,0.0,0.0,0.005,0.002408,0.000217,0.005,24.0,111.998611,4.61512,0.0,0.355,0.0,0,0
0xb27cdfd48eccfabd56a40dcf0500de51a06452eaa8affd72b0e3f75d86913eec,other,1779004805,1779386400,0.145,0.0,0.0,0.005,0.002518,0.000217,0.005,24.0,105.998611,4.61512,0.0,0.355,0.0,0,0
0xb27cdfd48eccfabd56a40dcf0500de51a06452eaa8affd72b0e3f75d86913eec,other,1779026405,1779386400,0.14,-0.005,-0.005,0.0,0.002041,0.0,0.005,25.0,99.998611,4.61512,0.0,0.36,0.0,1,0
0xb27cdfd48eccfabd56a40dcf0500de51a06452eaa8affd72b0e3f75d86913eec,other,1779048005,1779386400,0.145,0.0,0.005,0.0,0.001384,0.0,0.005,25.0,93.998611,4.61512,0.0,0.355,0.0,1,0
0xb27cdfd48eccfabd56a40dcf0500de51a06452eaa8affd72b0e3f75d86913eec,other,1779069605,1779386400,0.145,0.0,0.0,0.0,0.001384,0.0,0.005,25.0,87.998611,4.61512,0.0,0.355,0.0,1,0
0xb27cdfd48eccfabd56a40dcf0500de51a06452eaa8affd72b0e3f75d86913eec,other,1779091205,1779386400,0.14,0.0,-0.005,-0.005,0.001871,-0.000208,0.005,25.0,81.998611,4.61512,0.0,0.36,0.0,1,0
0xb27cdfd48eccfabd56a40dcf0500de51a06452eaa8affd72b0e3f75d86913eec,other,1779112805,1779386400,0.09,0.0,-0.05,-0.05,0.017659,-0.002273,0.055,23.0,75.998611,4.61512,0.0,0.41,0.0,0,0
0xb27cdfd48eccfabd56a40dcf0500de51a06452eaa8affd72b0e3f75d86913eec,other,1779134405,1779386400,0.09,0.0,0.0,-0.055,0.025742,-0.002391,0.055,24.0,69.998611,4.61512,0.0,0.41,0.0,0,0
0xb27cdfd48eccfabd56a40dcf0500de51a06452eaa8affd72b0e3f75d86913eec,other,1779156005,1779386400,0.09,0.0,0.0,-0.055,0.024134,-0.002391,0.055,24.0,63.998611,4.61512,0.0,0.41,0.0,0,0
0xb27cdfd48eccfabd56a40dcf0500de51a06452eaa8affd72b0e3f75d86913eec,other,1779177605,1779386400,0.09,0.0,0.0,-0.05,0.011349,-0.002174,0.05,24.0,57.998611,4.61512,0.0,0.41,0.0,0,0
0xb27cdfd48eccfabd56a40dcf0500de51a06452eaa8affd72b0e3f75d86913eec,other,1779199205,1779386400,0.09,0.0,0.0,0.0,0.010206,0.0,0.05,24.0,51.998611,4.61512,0.0,0.41,0.0,0,0
0xb27cdfd48eccfabd56a40dcf0500de51a06452eaa8affd72b0e3f75d86913eec,other,1779220805,1779386400,0.095,0.005,0.005,0.005,0.010213,0.000217,0.05,24.0,45.998611,4.61512,0.0,0.405,0.0,0,0
0xb27cdfd48eccfabd56a40dcf0500de51a06452eaa8affd72b0e3f75d86913eec,other,1779242405,1779386400,0.09,0.0,-0.005,0.0,0.010286,0.0,0.05,24.0,39.998611,4.61512,0.0,0.41,0.0,0,0
0xb27cdfd48eccfabd56a40dcf0500de51a06452eaa8affd72b0e3f75d86913eec,other,1779264005,1779386400,0.095,0.0,0.005,0.005,0.01044,0.000227,0.05,23.0,33.998611,4.61512,0.0,0.405,0.0,0,0
0xb27cdfd48eccfabd56a40dcf0500de51a06452eaa8affd72b0e3f75d86913eec,other,1779285605,1779386400,0.1,0.0,0.005,0.01,0.004165,0.000435,0.01,24.0,27.998611,4.61512,0.0,0.4,0.0,0,0
0xe2747461abf0d49ccfeb38f5d5c1fbeddb00927301a0ed95a9e92962814384a7,other,1779152408,1779627600,0.125,0.025,0.025,-0.37,0.191729,-0.015417,0.44,25.0,131.997778,4.61512,0.0,0.375,0.0,0,0
0xe2747461abf0d49ccfeb38f5d5c1fbeddb00927301a0ed95a9e92962814384a7,other,1779174008,1779627600,0.1,-0.005,-0.025,0.01,0.128752,0.000417,0.44,25.0,125.997778,4.61512,0.0,0.4,0.0,0,0
0xe2747461abf0d49ccfeb38f5d5c1fbeddb00927301a0ed95a9e92962814384a7,other,1779195608,1779627600,0.1,0.0,0.0,0.01,0.132525,-0.017045,0.44,23.0,119.997778,4.61512,0.0,0.4,0.0,0,0
0xe2747461abf0d49ccfeb38f5d5c1fbeddb00927301a0ed95a9e92962814384a7,other,1779217208,1779627600,0.095,-0.015,-0.005,-0.005,0.007837,-0.001304,0.03,24.0,113.997778,4.61512,0.0,0.405,0.0,0,0
0xe2747461abf0d49ccfeb38f5d5c1fbeddb00927301a0ed95a9e92962814384a7,other,1779238808,1779627600,0.105,-0.005,0.01,-0.02,0.005103,0.000217,0.015,24.0,107.997778,4.61512,0.0,0.395,0.0,0,0
0xe2747461abf0d49ccfeb38f5d5c1fbeddb00927301a0ed95a9e92962814384a7,other,1779260408,1779627600,0.11,0.0,0.005,0.01,0.005247,0.000435,0.015,24.0,101.997778,4.61512,0.0,0.39,0.0,0,0
0xe2747461abf0d49ccfeb38f5d5c1fbeddb00927301a0ed95a9e92962814384a7,other,1779282008,1779627600,0.105,-0.005,-0.005,0.005,0.004663,0.000435,0.015,24.0,95.997778,4.61512,0.0,0.395,0.0,0,0
0xe2747461abf0d49ccfeb38f5d5c1fbeddb00927301a0ed95a9e92962814384a7,other,1779303608,1779627600,0.105,0.0,0.0,0.01,0.003189,-0.000208,0.01,25.0,89.997778,4.61512,0.0,0.395,0.0,0,0
0xe2747461abf0d49ccfeb38f5d5c1fbeddb00927301a0ed95a9e92962814384a7,other,1779325208,1779627600,0.1,-0.01,-0.005,-0.005,0.003652,-0.000455,0.01,23.0,83.997778,4.61512,0.0,0.4,0.0,0,0
0xe2747461abf0d49ccfeb38f5d5c1fbeddb00927301a0ed95a9e92962814384a7,other,1779346808,1779627600,0.095,0.0,-0.005,-0.015,0.005417,-0.000682,0.015,23.0,77.997778,4.61512,0.0,0.405,0.0,0,0
0xe2747461abf0d49ccfeb38f5d5c1fbeddb00927301a0ed95a9e92962814384a7,other,1779368408,1779627600,0.105,0.0,0.01,0.0,0.004848,-0.000217,0.015,24.0,71.997778,4.61512,0.0,0.395,0.0,0,0
0xe2747461abf0d49ccfeb38f5d5c1fbeddb00927301a0ed95a9e92962814384a7,other,1779390008,1779627600,0.105,0.0,0.0,0.0,0.004113,0.0,0.015,25.0,65.997778,4.61512,0.0,0.395,0.0,0,0
0xe2747461abf0d49ccfeb38f5d5c1fbeddb00927301a0ed95a9e92962814384a7,other,1779411608,1779627600,0.1,0.0,-0.005,0.0,0.0035,0.0,0.01,25.0,59.997778,4.61512,0.0,0.4,0.0,0,0
0xe2747461abf0d49ccfeb38f5d5c1fbeddb00927301a0ed95a9e92962814384a7,other,1779433208,1779627600,0.1,0.0,0.0,0.005,0.002554,0.0,0.005,24.0,53.997778,4.61512,0.0,0.4,0.0,0,0
0xe2747461abf0d49ccfeb38f5d5c1fbeddb00927301a0ed95a9e92962814384a7,other,1779454808,1779627600,0.1,0.0,0.0,-0.005,0.002449,-0.000208,0.005,25.0,47.997778,4.61512,0.0,0.4,0.0,0,0
0xe2747461abf0d49ccfeb38f5d5c1fbeddb00927301a0ed95a9e92962814384a7,other,1779476408,1779627600,0.1,0.0,0.0,-0.005,0.001903,-0.000217,0.005,24.0,41.997778,4.61512,0.0,0.4,0.0,0,0
0xe2747461abf0d49ccfeb38f5d5c1fbeddb00927301a0ed95a9e92962814384a7,other,1779498008,1779627600,0.105,0.0,0.005,0.005,0.001412,0.000217,0.005,24.0,35.997778,4.61512,0.0,0.395,0.0,0,0
0xe2747461abf0d49ccfeb38f5d5c1fbeddb00927301a0ed95a9e92962814384a7,other,1779519608,1779627600,0.105,0.0,0.0,0.005,0.002408,0.000217,0.005,24.0,29.997778,4.61512,0.0,0.395,0.0,0,0
0xc07033f2686df608d7821c87cbd49d4daadf5c4dd12018a983e50797e3adf491,other,1778673608,1778767800,0.5,0.0,0.0,0.0,0.0,0.0,0.0,24.0,26.164444,4.615116,0.0,0.0,0.0,1,0
0xb21be9e5726a55a3c3054e2ceafa67f04de20f469c7b26cc9be1850bcd0a7400,sports,1779062426,1779696000,0.5,0.005,0.005,0.0,0.003266,0.0,0.01,25.0,175.992778,4.615115,0.0,0.0,0.0,1,1
0xb21be9e5726a55a3c3054e2ceafa67f04de20f469c7b26cc9be1850bcd0a7400,sports,1779084026,1779696000,0.495,-0.005,-0.005,-0.01,0.001903,-0.000217,0.005,24.0,169.992778,4.615115,0.0,0.005,0.0,1,1
0xb21be9e5726a55a3c3054e2ceafa67f04de20f469c7b26cc9be1850bcd0a7400,sports,1779105626,1779696000,0.495,0.0,0.0,0.0,0.001412,0.0,0.005,24.0,163.992778,4.615115,0.0,0.005,0.0,1,1
0xf99d9289a082e5683d2c0573551b509a9a9d0a0dd5cd40e3644a4ee323108578,sports,1779134407,1779687000,0.505,0.005,0.005,0.005,0.001021,0.000217,0.005,24.0,153.498056,6.908745,0.0,0.005,0.0,1,0
0xf99d9289a082e5683d2c0573551b509a9a9d0a0dd5cd40e3644a4ee323108578,sports,1779156007,1779687000,0.5,0.0,-0.005,0.0,0.001021,0.0,0.005,24.0,147.498056,6.908745,0.0,0.0,0.0,1,0
0xf99d9289a082e5683d2c0573551b509a9a9d0a0dd5cd40e3644a4ee323108578,sports,1779177607,1779687000,0.495,-0.005,-0.005,-0.005,0.001474,-0.000217,0.01,24.0,141.498056,6.908745,0.0,0.005,0.0,1,0
0xf99d9289a082e5683d2c0573551b509a9a9d0a0dd5cd40e3644a4ee323108578,sports,1779199207,1779687000,0.0005,-0.0045,-0.4945,-0.4995,0.140398,-0.021717,0.5045,24.0,135.498056,6.908745,0.0,0.4995,0.0,0,0
0xf44477dbbe9c0daf06b1b3d332ed825cb9bbc82f964dac86c41a66d9d1499d28,sports,1779134407,1779687000,0.495,-0.005,-0.005,-0.005,0.001021,-0.000217,0.005,24.0,153.498056,6.908745,0.0,0.005,0.0,1,0
0xf44477dbbe9c0daf06b1b3d332ed825cb9bbc82f964dac86c41a66d9d1499d28,sports,1779156007,1779687000,0.5,0.0,0.005,0.0,0.001021,0.0,0.005,24.0,147.498056,6.908745,0.0,0.0,0.0,1,0
0xf44477dbbe9c0daf06b1b3d332ed825cb9bbc82f964dac86c41a66d9d1499d28,sports,1779177607,1779687000,0.5,0.0,0.0,0.0,0.001474,0.0,0.01,24.0,141.498056,6.908745,0.0,0.0,0.0,1,0
0xf44477dbbe9c0daf06b1b3d332ed825cb9bbc82f964dac86c41a66d9d1499d28,sports,1779199207,1779687000,0.0005,-0.0045,-0.4995,-0.4995,0.140398,-0.021717,0.5045,24.0,135.498056,6.908745,0.0,0.4995,0.0,0,0
0x29d5c6ba4158a9381d407432c1f7974d0ae07bf449d27f1e55ecaea4c88adae9,other,1778619612,1778931000,0.49,0.0,-0.005,-0.01,0.002986,-0.000417,0.01,25.0,86.496667,6.908744,0.0,0.01,0.0,0,0
0x29d5c6ba4158a9381d407432c1f7974d0ae07bf449d27f1e55ecaea4c88adae9,other,1778641212,1778931000,0.49,0.0,0.0,-0.01,0.002704,-0.000455,0.01,23.0,80.496667,6.908744,0.0,0.01,0.0,0,0
0x29d5c6ba4158a9381d407432c1f7974d0ae07bf449d27f1e55ecaea4c88adae9,other,1778662812,1778931000,0.49,0.0,0.0,-0.005,0.002518,-0.000217,0.005,24.0,74.496667,6.908744,0.0,0.01,0.0,0,0
0x29d5c6ba4158a9381d407432c1f7974d0ae07bf449d27f1e55ecaea4c88adae9,other,1778684412,1778931000,0.49,0.0,0.0,-0.005,0.002212,-0.000217,0.005,24.0,68.496667,6.908744,0.0,0.01,0.0,0,0
0x29d5c6ba4158a9381d407432c1f7974d0ae07bf449d27f1e55ecaea4c88adae9,other,1778706012,1778931000,0.49,0.0,0.0,0.0,0.001043,0.0,0.005,23.0,62.496667,6.908744,0.0,0.01,0.0,0,0
0x29d5c6ba4158a9381d407432c1f7974d0ae07bf449d27f1e55ecaea4c88adae9,other,1778727612,1778931000,0.49,0.0,0.0,0.0,0.001021,0.0,0.005,24.0,56.496667,6.908744,0.0,0.01,0.0,0,0
0x29d5c6ba4158a9381d407432c1f7974d0ae07bf449d27f1e55ecaea4c88adae9,other,1778749212,1778931000,0.485,0.0,-0.005,-0.005,0.002545,-0.000217,0.01,24.0,50.496667,6.908744,0.0,0.015,0.0,0,0
0x29d5c6ba4158a9381d407432c1f7974d0ae07bf449d27f1e55ecaea4c88adae9,other,1778770812,1778931000,0.485,-0.005,0.0,-0.005,0.002291,-0.000208,0.005,25.0,44.496667,6.908744,0.0,0.015,0.0,1,0
0x29d5c6ba4158a9381d407432c1f7974d0ae07bf449d27f1e55ecaea4c88adae9,other,1778792412,1778931000,0.49,0.0,0.005,0.0,0.002518,0.0,0.005,24.0,38.496667,6.908744,0.0,0.01,0.0,1,0
0x29d5c6ba4158a9381d407432c1f7974d0ae07bf449d27f1e55ecaea4c88adae9,other,1778814012,1778931000,0.495,0.005,0.005,0.005,0.002843,0.000417,0.01,25.0,32.496667,6.908744,0.0,0.005,0.0,1,0
0x29d5c6ba4158a9381d407432c1f7974d0ae07bf449d27f1e55ecaea4c88adae9,other,1778835612,1778931000,0.49,0.005,-0.005,0.005,0.003269,0.0,0.01,24.0,26.496667,6.908744,0.0,0.01,0.0,1,0
0x50ad146b8445796eeffbb292b14395ddf5ebd35d44c7018ca8f2edc2895bfca8,sports,1779080407,1779787800,0.495,0.0,0.0,-0.005,0.002212,-0.000217,0.005,24.0,196.498056,4.61511,0.0,0.005,0.0,1,1
0x50ad146b8445796eeffbb292b14395ddf5ebd35d44c7018ca8f2edc2895bfca8,sports,1779102007,1779787800,0.495,0.0,0.0,-0.005,0.0,0.0,0.0,25.0,190.498056,4.61511,0.0,0.005,0.0,1,1
0x21559b9b55297707716823c46bc8c5d54f746fd95e7644a01e1f0dcc6f3905ec,sports,1778457612,1779091200,0.205,-0.005,-0.295,-0.295,0.134515,-0.012292,0.3,25.0,175.996667,4.61511,0.0,0.295,0.0,1,0
0x21559b9b55297707716823c46bc8c5d54f746fd95e7644a01e1f0dcc6f3905ec,sports,1778479212,1779091200,0.2,-0.005,-0.005,-0.305,0.150989,-0.013261,0.305,24.0,169.996667,4.61511,0.0,0.3,0.0,1,0
0x21559b9b55297707716823c46bc8c5d54f746fd95e7644a01e1f0dcc6f3905ec,sports,1778500812,1779091200,0.205,0.005,0.005,-0.3,0.12459,-0.013409,0.3,23.0,163.996667,4.61511,0.0,0.295,0.0,1,0
0x8421ca3ca0bfa4eacb74bc3f7ede5f8aa2bbc086698bc5418cae62d82cf245b5,other,1778515209,1778770800,0.33,-0.01,-0.01,-0.17,0.045973,-0.007083,0.17,25.0,70.9975,9.210422,0.0,0.17,0.0,0,1
0x8421ca3ca0bfa4eacb74bc3f7ede5f8aa2bbc086698bc5418cae62d82cf245b5,other,1778536809,1778770800,0.34,0.0,0.01,0.0,0.01593,0.0,0.09,23.0,64.9975,9.210422,0.0,0.16,0.0,0,1
0x8421ca3ca0bfa4eacb74bc3f7ede5f8aa2bbc086698bc5418cae62d82cf245b5,other,1778558409,1778770800,0.34,0.0,0.0,0.0,0.015581,0.0,0.09,24.0,58.9975,9.210422,0.0,0.16,0.0,0,1
0x8421ca3ca0bfa4eacb74bc3f7ede5f8aa2bbc086698bc5418cae62d82cf245b5,other,1778580009,1778770800,0.49,0.14,0.15,0.15,0.031482,0.006957,0.17,24.0,52.9975,9.210422,0.0,0.01,0.0,1,1
0x8421ca3ca0bfa4eacb74bc3f7ede5f8aa2bbc086698bc5418cae62d82cf245b5,other,1778601609,1778770800,0.35,0.0,-0.14,0.02,0.030798,0.001304,0.17,24.0,46.9975,9.210422,0.0,0.15,0.0,0,1
0x8421ca3ca0bfa4eacb74bc3f7ede5f8aa2bbc086698bc5418cae62d82cf245b5,other,1778623209,1778770800,0.35,-0.005,0.0,0.01,0.039503,0.000435,0.15,24.0,40.9975,9.210422,0.0,0.15,0.0,0,1
0x8421ca3ca0bfa4eacb74bc3f7ede5f8aa2bbc086698bc5418cae62d82cf245b5,other,1778644809,1778770800,0.35,0.0,0.0,0.01,0.038363,0.000435,0.15,24.0,34.9975,9.210422,0.0,0.15,0.0,0,1
0x8421ca3ca0bfa4eacb74bc3f7ede5f8aa2bbc086698bc5418cae62d82cf245b5,other,1778666409,1778770800,0.35,0.0,0.0,-0.14,0.028065,-0.000217,0.17,24.0,28.9975,9.210422,0.0,0.15,0.0,0,1
0xc1df9a0b2880e024cc8c1557b2bb0f82a7b60ef4467ed9dd9e61ec537c3080b9,other,1778414407,1778611500,0.07,0.0,0.0,-0.43,0.174734,-0.017917,0.43,25.0,54.748056,4.615091,0.0,0.43,0.0,0,0
0xc1df9a0b2880e024cc8c1557b2bb0f82a7b60ef4467ed9dd9e61ec537c3080b9,other,1778436007,1778611500,0.075,0.005,0.005,0.005,0.001021,0.000217,0.005,24.0,48.748056,4.615091,0.0,0.425,0.0,0,0
0xc1df9a0b2880e024cc8c1557b2bb0f82a7b60ef4467ed9dd9e61ec537c3080b9,other,1778457607,1778611500,0.055,0.0,-0.02,-0.015,0.00659,-0.000652,0.02,24.0,42.748056,4.615091,0.0,0.445,0.0,0,0
0xc1df9a0b2880e024cc8c1557b2bb0f82a7b60ef4467ed9dd9e61ec537c3080b9,other,1778479207,1778611500,0.055,0.0,0.0,-0.015,0.00815,-0.000625,0.02,25.0,36.748056,4.615091,0.0,0.445,0.0,0,0
0xc1df9a0b2880e024cc8c1557b2bb0f82a7b60ef4467ed9dd9e61ec537c3080b9,other,1778500807,1778611500,0.045,-0.005,-0.01,-0.025,0.008287,-0.001136,0.03,23.0,30.748056,4.615091,0.0,0.455,0.0,0,0
0xc1df9a0b2880e024cc8c1557b2bb0f82a7b60ef4467ed9dd9e61ec537c3080b9,other,1778522407,1778611500,0.05,0.0,0.005,-0.025,0.005566,-0.001087,0.03,24.0,24.748056,4.615091,0.0,0.45,0.0,0,0
0x8f10f8a1cd8565d673051abd375c1658f74198b1002b3e3d25cb8c332009c86b,other,1778259610,1779642000,0.49,0.04,0.02,-0.005,0.014742,-0.000208,0.05,25.0,383.997222,4.615081,0.0,0.01,0.0,0,0
0x8f10f8a1cd8565d673051abd375c1658f74198b1002b3e3d25cb8c332009c86b,other,1778281210,1779642000,0.475,-0.01,-0.015,-0.025,0.012583,-0.000833,0.05,25.0,377.997222,4.615081,0.0,0.025,0.0,0,0
0x8f10f8a1cd8565d673051abd375c1658f74198b1002b3e3d25cb8c332009c86b,other,1778302810,1779642000,0.475,-0.005,0.0,-0.02,0.010982,0.000217,0.05,24.0,371.997222,4.615081,0.0,0.025,0.0,1,0
0x8f10f8a1cd8565d673051abd375c1658f74198b1002b3e3d25cb8c332009c86b,other,1778324410,1779642000,0.48,0.005,0.005,0.01,0.009888,0.000435,0.05,24.0,365.997222,4.615081,0.0,0.02,0.0,1,0
0x8f10f8a1cd8565d673051abd375c1658f74198b1002b3e3d25cb8c332009c86b,other,1778346010,1779642000,0.48,0.0,0.0,-0.01,0.004995,-0.000217,0.015,24.0,359.997222,4.615081,0.0,0.02,0.0,1,0
0x8f10f8a1cd8565d673051abd375c1658f74198b1002b3e3d25cb8c332009c86b,other,1778367610,1779642000,0.49,-0.005,0.01,0.015,0.005146,0.000682,0.02,23.0,353.997222,4.615081,0.0,0.01,0.0,1,0
0x68396f6c91cbc1bde5b0c2c943a3577300b7553c4f8439a5e900cbd4caadce1b,sports,1778004007,1778576400,0.155,0.0,0.0,0.005,0.161323,0.000208,0.405,25.0,158.998056,4.61507,0.0,0.345,0.0,1,0
0x68396f6c91cbc1bde5b0c2c943a3577300b7553c4f8439a5e900cbd4caadce1b,sports,1778025607,1778576400,0.15,0.0,-0.005,-0.405,0.104424,-0.017609,0.405,24.0,152.998056,4.61507,0.0,0.35,0.0,1,0
0x68396f6c91cbc1bde5b0c2c943a3577300b7553c4f8439a5e900cbd4caadce1b,sports,1778047207,1778576400,0.15,0.0,0.0,-0.165,0.05499,-0.007174,0.165,24.0,146.998056,4.61507,0.0,0.35,0.0,1,0
0x11071dc53eb02fc7363b32be70794dc837255bc751ac5bb8afa87788afe3d888,sports,1779512412,1780218000,0.5,0.01,0.0,0.0,0.003189,0.0,0.01,25.0,195.996667,4.615069,0.0,0.0,0.0,1,1
0x11071dc53eb02fc7363b32be70794dc837255bc751ac5bb8afa87788afe3d888,sports,1779534012,1780218000,0.49,0.0,-0.01,-0.005,0.004293,-0.000217,0.015,24.0,189.996667,4.615069,0.0,0.01,0.0,1,1
0x11071dc53eb02fc7363b32be70794dc837255bc751ac5bb8afa87788afe3d888,sports,1779555612,1780218000,0.49,0.0,0.0,-0.01,0.004341,-0.000217,0.015,24.0,183.996667,4.615069,0.0,0.01,0.0,1,1
0x11071dc53eb02fc7363b32be70794dc837255bc751ac5bb8afa87788afe3d888,sports,1779577212,1780218000,0.495,0.005,0.005,-0.005,0.004377,-0.000217,0.015,24.0,177.996667,4.615069,0.0,0.005,0.0,1,1
0x11071dc53eb02fc7363b32be70794dc837255bc751ac5bb8afa87788afe3d888,sports,1779598812,1780218000,0.57,0.075,0.075,0.07,0.016217,0.003043,0.085,24.0,171.996667,4.615069,0.0,0.07,0.0,1,1
0x11071dc53eb02fc7363b32be70794dc837255bc751ac5bb8afa87788afe3d888,sports,1779620412,1780218000,0.565,-0.005,-0.005,0.075,0.033684,0.003043,0.08,24.0,165.996667,4.615069,0.0,0.065,0.0,1,1
0x11071dc53eb02fc7363b32be70794dc837255bc751ac5bb8afa87788afe3d888,sports,1779642012,1780218000,0.71,0.21,0.145,0.22,0.055304,0.009565,0.22,24.0,159.996667,4.615069,0.0,0.21,0.0,1,1
0x3464c61ec854ecd4caef6181f9c67a9b38c97f660c6b8380bc72be0aa3c91e4d,other,1778821207,1778932800,0.145,0.0,0.005,-0.015,0.027897,-0.000652,0.09,24.0,30.998056,9.210387,0.0,0.355,0.0,0,0
0x3464c61ec854ecd4caef6181f9c67a9b38c97f660c6b8380bc72be0aa3c91e4d,other,1778842807,1778932800,0.135,0.0,-0.01,-0.06,0.024159,-0.002609,0.09,24.0,24.998056,9.210387,0.0,0.365,0.0,0,0
0x33488fec854884c77c10bf15a8318f8e17ac5b5a86eafe73159268c28ca42fbb,sports,1779231605,1779868800,0.49,0.0,0.0,-0.01,0.004082,-0.000435,0.01,24.0,176.998611,4.615055,0.0,0.01,0.0,1,1
0x33488fec854884c77c10bf15a8318f8e17ac5b5a86eafe73159268c28ca42fbb,sports,1779253205,1779868800,0.49,0.0,0.0,-0.005,0.002074,-0.000217,0.005,24.0,170.998611,4.615055,0.0,0.01,0.0,1,1
0x33488fec854884c77c10bf15a8318f8e17ac5b5a86eafe73159268c28ca42fbb,sports,1779274805,1779868800,0.995,0.495,0.505,0.505,0.102903,0.021957,0.505,24.0,164.998611,4.615055,0.0,0.495,0.0,0,1
0xc044f525d1a02059a07f7dadb90b4e7e6e56baacf56f916f60545d8d1281d835,sports,1778770821,1778893800,0.82,0.0,0.0,0.32,0.141722,0.013333,0.37,25.0,34.160833,4.615031,0.0,0.32,0.0,0,1
0xc044f525d1a02059a07f7dadb90b4e7e6e56baacf56f916f60545d8d1281d835,sports,1778792421,1778893800,0.815,0.0,-0.005,-0.005,0.06105,-0.000217,0.3,24.0,28.160833,4.615031,0.0,0.315,0.0,1,1
0xeaef8aeef82a932c976b3f7f60828abc9f72f6e8e4c1ae590dd36dbf7ccec503,sports,1778673608,1778976000,0.73,0.0,0.0,0.23,0.108548,0.01,0.23,24.0,83.997778,4.615026,0.0,0.23,0.0,0,1
0xeaef8aeef82a932c976b3f7f60828abc9f72f6e8e4c1ae590dd36dbf7ccec503,sports,1778695208,1778976000,0.73,0.0,0.0,0.22,0.08182,0.009565,0.23,24.0,77.997778,4.615026,0.0,0.23,0.0,1,1
0xeaef8aeef82a932c976b3f7f60828abc9f72f6e8e4c1ae590dd36dbf7ccec503,sports,1778716808,1778976000,0.73,0.0,0.0,0.0,0.048912,0.0,0.13,24.0,71.997778,4.615026,0.0,0.23,0.0,1,1
0xeaef8aeef82a932c976b3f7f60828abc9f72f6e8e4c1ae590dd36dbf7ccec503,sports,1778738408,1778976000,0.73,0.0,0.0,0.0,0.045508,0.0,0.13,24.0,65.997778,4.615026,0.0,0.23,0.0,1,1
0xeaef8aeef82a932c976b3f7f60828abc9f72f6e8e4c1ae590dd36dbf7ccec503,sports,1778760008,1778976000,0.725,0.0,-0.005,-0.005,0.039106,0.005435,0.13,24.0,59.997778,4.615026,0.0,0.225,0.0,1,1
0xeaef8aeef82a932c976b3f7f60828abc9f72f6e8e4c1ae590dd36dbf7ccec503,sports,1778781608,1778976000,0.605,-0.135,-0.12,-0.125,0.028552,-0.005435,0.135,24.0,53.997778,4.615026,0.0,0.105,0.0,1,1
0xeaef8aeef82a932c976b3f7f60828abc9f72f6e8e4c1ae590dd36dbf7ccec503,sports,1778803208,1778976000,0.595,-0.08,-0.01,-0.135,0.040984,-0.00587,0.145,24.0,47.997778,4.615026,0.0,0.095,0.0,1,1
0xeaef8aeef82a932c976b3f7f60828abc9f72f6e8e4c1ae590dd36dbf7ccec503,sports,1778824808,1778976000,0.595,-0.005,0.0,-0.135,0.058968,-0.006136,0.145,23.0,41.997778,4.615026,0.0,0.095,0.0,1,1
0xeaef8aeef82a932c976b3f7f60828abc9f72f6e8e4c1ae590dd36dbf7ccec503,sports,1778846408,1778976000,0.605,0.0,0.01,-0.12,0.055279,-0.005435,0.145,24.0,35.997778,4.615026,0.0,0.105,0.0,1,1
0xeaef8aeef82a932c976b3f7f60828abc9f72f6e8e4c1ae590dd36dbf7ccec503,sports,1778868008,1778976000,0.655,0.0,0.05,0.05,0.033148,-0.001364,0.09,23.0,29.997778,4.615026,0.0,0.155,0.0,1,1
0x9246914a9d40f72a85bdd026fcfe15289b014e75d40629aed7b1fb37c27d2924,other,1778792406,1778903999,0.5,0.0,0.0,0.0,0.0,0.0,0.0,10.0,30.998056,4.615022,0.0,0.0,0.0,0,1
0x9246914a9d40f72a85bdd026fcfe15289b014e75d40629aed7b1fb37c27d2924,other,1778814006,1778903999,0.51,0.005,0.01,0.01,0.005833,0.00125,0.015,9.0,24.998056,4.615022,0.0,0.01,0.0,0,1
0x3d79fed8eb3b283e44812f403b5548f9e6300d14f0b7e9e4f8709cd7381b8585,sports,1777874404,1778576400,0.495,-0.005,-0.005,-0.005,0.001021,-0.000217,0.005,24.0,194.998889,4.615022,0.0,0.005,0.0,0,1
0x3d79fed8eb3b283e44812f403b5548f9e6300d14f0b7e9e4f8709cd7381b8585,sports,1777896004,1778576400,0.5,0.0,0.005,0.0,0.001021,0.0,0.005,24.0,188.998889,4.615022,0.0,0.0,0.0,0,1
0x3d79fed8eb3b283e44812f403b5548f9e6300d14f0b7e9e4f8709cd7381b8585,sports,1777917604,1778576400,0.5,0.0,0.0,0.0,0.001021,0.0,0.005,24.0,182.998889,4.615022,0.0,0.0,0.0,1,1
0x3d79fed8eb3b283e44812f403b5548f9e6300d14f0b7e9e4f8709cd7381b8585,sports,1777939204,1778576400,0.5,0.0,0.0,0.0,0.001412,0.0,0.005,24.0,176.998889,4.615022,0.0,0.0,0.0,1,1
0x3d79fed8eb3b283e44812f403b5548f9e6300d14f0b7e9e4f8709cd7381b8585,sports,1777960804,1778576400,0.5,0.0,0.0,0.005,0.001021,0.0,0.005,24.0,170.998889,4.615022,0.0,0.0,0.0,1,1
0x3d79fed8eb3b283e44812f403b5548f9e6300d14f0b7e9e4f8709cd7381b8585,sports,1777982404,1778576400,0.51,0.0,0.01,0.01,0.009186,0.000435,0.04,24.0,164.998889,4.615022,0.0,0.01,0.0,1,1
0x3d79fed8eb3b283e44812f403b5548f9e6300d14f0b7e9e4f8709cd7381b8585,sports,1778004004,1778576400,0.77,0.27,0.26,0.27,0.05615,0.011739,0.3,24.0,158.998889,4.615022,0.0,0.27,0.0,1,1
0xff2f30bb83dafe260df891c8750a52294c50165b4e7d21c9886c33c00ad6ed84,sports,1777874404,1778576400,0.49,0.0,0.0,-0.01,0.00509,-0.000435,0.01,24.0,194.998889,4.615022,0.0,0.01,0.0,0,1
0xff2f30bb83dafe260df891c8750a52294c50165b4e7d21c9886c33c00ad6ed84,sports,1777896004,1778576400,0.49,0.0,0.0,-0.01,0.004643,-0.000435,0.01,24.0,188.998889,4.615022,0.0,0.01,0.0,0,1
0xff2f30bb83dafe260df891c8750a52294c50165b4e7d21c9886c33c00ad6ed84,sports,1777917604,1778576400,0.49,-0.005,0.0,-0.01,0.00275,-0.000435,0.01,24.0,182.998889,4.615022,0.0,0.01,0.0,1,1
0xff2f30bb83dafe260df891c8750a52294c50165b4e7d21c9886c33c00ad6ed84,sports,1777939204,1778576400,0.5,0.0,0.01,0.01,0.004082,0.000435,0.01,24.0,176.998889,4.615022,0.0,0.0,0.0,1,1
0xff2f30bb83dafe260df891c8750a52294c50165b4e7d21c9886c33c00ad6ed84,sports,1777960804,1778576400,0.505,0.0,0.005,0.015,0.005209,0.000652,0.015,24.0,170.998889,4.615022,0.0,0.005,0.0,1,1
0xff2f30bb83dafe260df891c8750a52294c50165b4e7d21c9886c33c00ad6ed84,sports,1777982404,1778576400,0.5,0.0,-0.005,0.01,0.004663,0.000217,0.02,24.0,164.998889,4.615022,0.0,0.0,0.0,1,1
0xff2f30bb83dafe260df891c8750a52294c50165b4e7d21c9886c33c00ad6ed84,sports,1778004004,1778576400,0.765,0.265,0.265,0.275,0.053872,0.011739,0.27,24.0,158.998889,4.615022,0.0,0.265,0.0,1,1
0xbea3ef0cb6a8015410c37b3171e886dcaf0bcc850ebacf976e5cd4238e1d5e28,other,1777636809,1778342400,0.325,0.0,0.0,0.0,0.001658,0.0,0.005,25.0,195.9975,4.615022,0.0,0.175,0.0,0,0
0xbea3ef0cb6a8015410c37b3171e886dcaf0bcc850ebacf976e5cd4238e1d5e28,other,1777658409,1778342400,0.32,-0.005,-0.005,-0.005,0.002041,-0.000208,0.005,25.0,189.9975,4.615022,0.0,0.18,0.0,0,0
0xbea3ef0cb6a8015410c37b3171e886dcaf0bcc850ebacf976e5cd4238e1d5e28,other,1777680009,1778342400,0.325,0.0,0.005,0.0,0.025404,0.0,0.125,23.0,183.9975,4.615022,0.0,0.175,0.0,0,0
0xbea3ef0cb6a8015410c37b3171e886dcaf0bcc850ebacf976e5cd4238e1d5e28,other,1777701609,1778342400,0.325,0.0,0.0,0.0,0.024745,0.0,0.125,24.0,177.9975,4.615022,0.0,0.175,0.0,0,0
0xbea3ef0cb6a8015410c37b3171e886dcaf0bcc850ebacf976e5cd4238e1d5e28,other,1777723209,1778342400,0.325,0.0,0.0,0.0,0.024686,0.0,0.125,24.0,171.9975,4.615022,0.0,0.175,0.0,0,0
0xbea3ef0cb6a8015410c37b3171e886dcaf0bcc850ebacf976e5cd4238e1d5e28,other,1777744809,1778342400,0.325,0.0,0.0,0.005,0.024686,0.000217,0.125,24.0,165.9975,4.615022,0.0,0.175,0.0,0,0
0xbea3ef0cb6a8015410c37b3171e886dcaf0bcc850ebacf976e5cd4238e1d5e28,other,1777766409,1778342400,0.325,-0.005,0.0,0.0,0.002408,0.0,0.01,24.0,159.9975,4.615022,0.0,0.175,0.0,0,0
0xbea3ef0cb6a8015410c37b3171e886dcaf0bcc850ebacf976e5cd4238e1d5e28,other,1777788009,1778342400,0.33,0.005,0.005,0.005,0.002879,0.000217,0.01,24.0,153.9975,4.615022,0.0,0.17,0.0,0,0
0xbea3ef0cb6a8015410c37b3171e886dcaf0bcc850ebacf976e5cd4238e1d5e28,other,1777809609,1778342400,0.33,0.0,0.0,0.005,0.002879,0.000435,0.01,24.0,147.9975,4.615022,0.0,0.17,0.0,0,0
0xbea3ef0cb6a8015410c37b3171e886dcaf0bcc850ebacf976e5cd4238e1d5e28,other,1777831209,1778342400,0.33,0.0,0.0,0.005,0.001689,0.0,0.005,24.0,141.9975,4.615022,0.0,0.17,0.0,0,0
0xbea3ef0cb6a8015410c37b3171e886dcaf0bcc850ebacf976e5cd4238e1d5e28,other,1777852809,1778342400,0.325,0.0,-0.005,0.0,0.001903,-0.000217,0.005,24.0,135.9975,4.615022,0.0,0.175,0.0,0,0
0xbea3ef0cb6a8015410c37b3171e886dcaf0bcc850ebacf976e5cd4238e1d5e28,other,1777874409,1778342400,0.325,-0.005,0.0,-0.005,0.002408,-0.000217,0.005,24.0,129.9975,4.615022,0.0,0.175,0.0,0,0
0xbea3ef0cb6a8015410c37b3171e886dcaf0bcc850ebacf976e5cd4238e1d5e28,other,1777896009,1778342400,0.33,0.0,0.005,0.0,0.002473,0.0,0.005,24.0,123.9975,4.615022,0.0,0.17,0.0,0,0
0xbea3ef0cb6a8015410c37b3171e886dcaf0bcc850ebacf976e5cd4238e1d5e28,other,1777917609,1778342400,0.33,0.0,0.0,0.0,0.002408,0.0,0.005,24.0,117.9975,4.615022,0.0,0.17,0.0,0,0
0xbea3ef0cb6a8015410c37b3171e886dcaf0bcc850ebacf976e5cd4238e1d5e28,other,1777939209,1778342400,0.33,0.0,0.0,0.005,0.002245,0.000227,0.005,23.0,111.9975,4.615022,0.0,0.17,0.0,0,0
0xbea3ef0cb6a8015410c37b3171e886dcaf0bcc850ebacf976e5cd4238e1d5e28,other,1777960809,1778342400,0.305,0.0,-0.025,-0.02,0.007648,-0.000909,0.025,23.0,105.9975,4.615022,0.0,0.195,0.0,0,0
0xbea3ef0cb6a8015410c37b3171e886dcaf0bcc850ebacf976e5cd4238e1d5e28,other,1777982409,1778342400,0.28,0.0,-0.025,-0.05,0.020954,-0.002174,0.05,24.0,99.9975,4.615022,0.0,0.22,0.0,0,0
0xbea3ef0cb6a8015410c37b3171e886dcaf0bcc850ebacf976e5cd4238e1d5e28,other,1778004009,1778342400,0.32,0.0,0.04,-0.01,0.019364,-0.000435,0.05,24.0,93.9975,4.615022,0.0,0.18,0.0,1,0
0xbea3ef0cb6a8015410c37b3171e886dcaf0bcc850ebacf976e5cd4238e1d5e28,other,1778025609,1778342400,0.32,-0.01,0.0,-0.01,0.018314,-0.000417,0.05,25.0,87.9975,4.615022,0.0,0.18,0.0,1,0
0xbea3ef0cb6a8015410c37b3171e886dcaf0bcc850ebacf976e5cd4238e1d5e28,other,1778047209,1778342400,0.305,0.0,-0.015,0.0,0.017173,0.000435,0.05,24.0,81.9975,4.615022,0.0,0.195,0.0,1,0
0xbea3ef0cb6a8015410c37b3171e886dcaf0bcc850ebacf976e5cd4238e1d5e28,other,1778068809,1778342400,0.275,0.045,-0.03,-0.005,0.021226,-0.001957,0.105,24.0,75.9975,4.615022,0.0,0.225,0.0,1,0
0xbea3ef0cb6a8015410c37b3171e886dcaf0bcc850ebacf976e5cd4238e1d5e28,other,1778090409,1778342400,0.21,-0.005,-0.065,-0.11,0.035137,-0.005,0.125,24.0,69.9975,4.615022,0.0,0.29,0.0,0,0
0xbea3ef0cb6a8015410c37b3171e886dcaf0bcc850ebacf976e5cd4238e1d5e28,other,1778112009,1778342400,0.175,-0.015,-0.035,-0.145,0.048208,-0.006042,0.16,25.0,63.9975,4.615022,0.0,0.325,0.0,0,0
0xbea3ef0cb6a8015410c37b3171e886dcaf0bcc850ebacf976e5cd4238e1d5e28,other,1778133609,1778342400,0.185,0.005,0.01,-0.12,0.051699,-0.005,0.16,25.0,57.9975,4.615022,0.0,0.315,0.0,0,0
0xbea3ef0cb6a8015410c37b3171e886dcaf0bcc850ebacf976e5cd4238e1d5e28,other,1778155209,1778342400,0.19,0.0,0.005,-0.085,0.035104,-0.003636,0.1,23.0,51.9975,4.615022,0.0,0.31,0.0,1,0
0xbea3ef0cb6a8015410c37b3171e886dcaf0bcc850ebacf976e5cd4238e1d5e28,other,1778176809,1778342400,0.2,-0.015,0.01,-0.01,0.01459,-0.000652,0.05,24.0,45.9975,4.615022,0.0,0.3,0.0,1,0
0xbea3ef0cb6a8015410c37b3171e886dcaf0bcc850ebacf976e5cd4238e1d5e28,other,1778198409,1778342400,0.155,-0.005,-0.045,-0.02,0.013472,-0.000833,0.06,25.0,39.9975,4.615022,0.0,0.345,0.0,1,0
0xbea3ef0cb6a8015410c37b3171e886dcaf0bcc850ebacf976e5cd4238e1d5e28,other,1778220009,1778342400,0.155,0.0,0.0,-0.03,0.016571,-0.001087,0.06,24.0,33.9975,4.615022,0.0,0.345,0.0,1,0
0xbea3ef0cb6a8015410c37b3171e886dcaf0bcc850ebacf976e5cd4238e1d5e28,other,1778241609,1778342400,0.13,0.0,-0.025,-0.06,0.027564,-0.002708,0.125,25.0,27.9975,4.615022,0.0,0.37,0.0,0,0
0xeaaf24f95ff0f497ea7103d8353b2968a7c704089908c65f51b16e403e932ec3,sports,1778083218,1778612400,0.9995,0.4995,0.4995,0.4995,0.0999,0.020813,0.4995,25.0,146.995,4.615022,0.0,0.4995,0.0,0,1
0x55a2423a47cba90a8888f74b18d91a2685353f42e073a31a02f5dfbdd2ff8f22,sports,1777874403,1778590800,0.5,0.0,0.0,0.0,0.0,0.0,0.0,24.0,198.999167,4.615022,0.0,0.0,0.0,0,1
0x55a2423a47cba90a8888f74b18d91a2685353f42e073a31a02f5dfbdd2ff8f22,sports,1777896003,1778590800,0.5,0.0,0.0,0.0,0.0,0.0,0.0,24.0,192.999167,4.615022,0.0,0.0,0.0,1,1
0x55a2423a47cba90a8888f74b18d91a2685353f42e073a31a02f5dfbdd2ff8f22,sports,1777917603,1778590800,0.5,0.0,0.0,0.0,0.0,0.0,0.0,24.0,186.999167,4.615022,0.0,0.0,0.0,1,1
0x55a2423a47cba90a8888f74b18d91a2685353f42e073a31a02f5dfbdd2ff8f22,sports,1777939203,1778590800,0.5,0.0,0.0,0.0,0.0,0.0,0.0,24.0,180.999167,4.615022,0.0,0.0,0.0,1,1
0x55a2423a47cba90a8888f74b18d91a2685353f42e073a31a02f5dfbdd2ff8f22,sports,1777960803,1778590800,0.5,0.0,0.0,0.0,0.0,0.0,0.0,24.0,174.999167,4.615022,0.0,0.0,0.0,1,1
0x55a2423a47cba90a8888f74b18d91a2685353f42e073a31a02f5dfbdd2ff8f22,sports,1777982403,1778590800,0.43,0.0,-0.07,-0.07,0.023648,-0.003043,0.07,24.0,168.999167,4.615022,0.0,0.07,0.0,1,1
0x55a2423a47cba90a8888f74b18d91a2685353f42e073a31a02f5dfbdd2ff8f22,sports,1778004003,1778590800,0.43,0.0,0.0,-0.07,0.035,-0.002917,0.07,25.0,162.999167,4.615022,0.0,0.07,0.0,1,1
0xff3608d34efc90da26df7b213ca0967601a4b8121c64852a06299091eb27cd24,sports,1777874405,1778590800,0.495,-0.005,-0.005,-0.01,0.001793,-0.000435,0.01,24.0,198.998611,4.615022,0.0,0.005,0.0,0,1
0xff3608d34efc90da26df7b213ca0967601a4b8121c64852a06299091eb27cd24,sports,1777896005,1778590800,0.5,0.0,0.005,0.0,0.002041,0.0,0.01,24.0,192.998611,4.615022,0.0,0.0,0.0,0,1
0xff3608d34efc90da26df7b213ca0967601a4b8121c64852a06299091eb27cd24,sports,1777917605,1778590800,0.5,0.0,0.0,0.0,0.001793,0.0,0.01,24.0,186.998611,4.615022,0.0,0.0,0.0,0,1
0xff3608d34efc90da26df7b213ca0967601a4b8121c64852a06299091eb27cd24,sports,1777939205,1778590800,0.5,0.0,0.0,0.0,0.001793,0.0,0.01,24.0,180.998611,4.615022,0.0,0.0,0.0,1,1
0xff3608d34efc90da26df7b213ca0967601a4b8121c64852a06299091eb27cd24,sports,1777960805,1778590800,0.5,0.0,0.0,0.005,0.001793,0.0,0.01,24.0,174.998611,4.615022,0.0,0.0,0.0,1,1
0xff3608d34efc90da26df7b213ca0967601a4b8121c64852a06299091eb27cd24,sports,1777982405,1778590800,0.5,0.0,0.0,0.0,0.001021,0.0,0.005,24.0,168.998611,4.615022,0.0,0.0,0.0,1,1
0xff3608d34efc90da26df7b213ca0967601a4b8121c64852a06299091eb27cd24,sports,1778004005,1778590800,0.5,0.0,0.0,0.0,0.001021,0.0,0.005,24.0,162.998611,4.615022,0.0,0.0,0.0,1,1
0x753a5bec2456a77ba3772402424c3c2864b8ea3bac95149566f5c5ff04f08e3a,sports,1777917606,1778572800,0.59,0.0,-0.08,0.09,0.07674,0.00375,0.17,25.0,181.998333,4.615022,0.0,0.09,0.0,1,1
0x753a5bec2456a77ba3772402424c3c2864b8ea3bac95149566f5c5ff04f08e3a,sports,1777939206,1778572800,0.59,0.0,0.0,0.09,0.070223,0.004091,0.17,23.0,175.998333,4.615022,0.0,0.09,0.0,1,1
0x753a5bec2456a77ba3772402424c3c2864b8ea3bac95149566f5c5ff04f08e3a,sports,1777960806,1778572800,0.545,0.0,-0.045,0.045,0.054356,0.002045,0.17,23.0,169.998333,4.615022,0.0,0.045,0.0,1,1
0x753a5bec2456a77ba3772402424c3c2864b8ea3bac95149566f5c5ff04f08e3a,sports,1777982406,1778572800,0.5,0.0,-0.045,-0.17,0.053534,-0.007391,0.17,24.0,163.998333,4.615022,0.0,0.0,0.0,1,1
0xb895432d90c67f92d25b819c4059315a13045bfe54c5341459b942a375d4a38a,sports,1777874403,1778576400,0.5,0.0,0.0,0.0,0.0,0.0,0.0,24.0,194.999167,4.615022,0.0,0.0,0.0,1,1
0xb895432d90c67f92d25b819c4059315a13045bfe54c5341459b942a375d4a38a,sports,1777896003,1778576400,0.5,-0.005,0.0,0.0,0.002179,0.0,0.005,25.0,188.999167,4.615022,0.0,0.0,0.0,1,1
0xb895432d90c67f92d25b819c4059315a13045bfe54c5341459b942a375d4a38a,sports,1777917603,1778576400,0.495,0.0,-0.005,-0.005,0.002823,-0.000217,0.01,24.0,182.999167,4.615022,0.0,0.005,0.0,1,1
0xb895432d90c67f92d25b819c4059315a13045bfe54c5341459b942a375d4a38a,sports,1777939203,1778576400,0.665,-0.005,0.17,0.165,0.074393,0.007174,0.175,24.0,176.999167,4.615022,0.0,0.165,0.0,1,1
0xb895432d90c67f92d25b819c4059315a13045bfe54c5341459b942a375d4a38a,sports,1777960803,1778576400,0.675,0.0,0.01,0.175,0.086684,0.007391,0.18,24.0,170.999167,4.615022,0.0,0.175,0.0,1,1
0xb895432d90c67f92d25b819c4059315a13045bfe54c5341459b942a375d4a38a,sports,1777982403,1778576400,0.67,0.0,-0.005,0.17,0.076596,0.007391,0.18,24.0,164.999167,4.615022,0.0,0.17,0.0,1,1
0xb895432d90c67f92d25b819c4059315a13045bfe54c5341459b942a375d4a38a,sports,1778004003,1778576400,0.9995,0.0,0.3295,0.5045,0.134988,0.013729,0.6445,25.0,158.999167,4.615022,0.0,0.4995,0.0,0,1
0x9b21afd5a897c5d9297204277a8dd70b8aa6692bc7a36e7f8f69d19e674a60a2,sports,1777874404,1778576400,0.5,0.01,0.0,0.0,0.002041,0.0,0.01,24.0,194.998889,4.615022,0.0,0.0,0.0,0,1
0x9b21afd5a897c5d9297204277a8dd70b8aa6692bc7a36e7f8f69d19e674a60a2,sports,1777896004,1778576400,0.5,0.0,0.0,0.0,0.002041,0.0,0.01,24.0,188.998889,4.615022,0.0,0.0,0.0,0,1
0x9b21afd5a897c5d9297204277a8dd70b8aa6692bc7a36e7f8f69d19e674a60a2,sports,1777917604,1778576400,0.5,0.0,0.0,0.0,0.002041,0.0,0.01,24.0,182.998889,4.615022,0.0,0.0,0.0,1,1
0x9b21afd5a897c5d9297204277a8dd70b8aa6692bc7a36e7f8f69d19e674a60a2,sports,1777939204,1778576400,0.5,0.0,0.0,0.0,0.002242,0.0,0.01,24.0,176.998889,4.615022,0.0,0.0,0.0,1,1
0x9b21afd5a897c5d9297204277a8dd70b8aa6692bc7a36e7f8f69d19e674a60a2,sports,1777960804,1778576400,0.5,0.0,0.0,0.0,0.001021,0.0,0.005,24.0,170.998889,4.615022,0.0,0.0,0.0,1,1
0x9b21afd5a897c5d9297204277a8dd70b8aa6692bc7a36e7f8f69d19e674a60a2,sports,1777982404,1778576400,0.5,0.0,0.0,0.0,0.001021,0.0,0.005,24.0,164.998889,4.615022,0.0,0.0,0.0,1,1
0x9b21afd5a897c5d9297204277a8dd70b8aa6692bc7a36e7f8f69d19e674a60a2,sports,1778004004,1778576400,0.775,0.275,0.275,0.275,0.056188,0.011957,0.28,24.0,158.998889,4.615022,0.0,0.275,0.0,1,1
0x962fa0e24874cbd95aba72f5aca18286200ca3eb39559f806131dc520a2bddc3,sports,1777874405,1778590800,0.5,0.0,0.0,0.0,0.002322,0.0,0.005,24.0,198.998611,4.615022,0.0,0.0,0.0,0,1
0x962fa0e24874cbd95aba72f5aca18286200ca3eb39559f806131dc520a2bddc3,sports,1777896005,1778590800,0.5,0.0,0.0,0.0,0.002322,0.0,0.005,24.0,192.998611,4.615022,0.0,0.0,0.0,1,1
0x962fa0e24874cbd95aba72f5aca18286200ca3eb39559f806131dc520a2bddc3,sports,1777917605,1778590800,0.5,0.0,0.0,-0.005,0.001903,-0.000217,0.005,24.0,186.998611,4.615022,0.0,0.0,0.0,1,1
0x962fa0e24874cbd95aba72f5aca18286200ca3eb39559f806131dc520a2bddc3,sports,1777939205,1778590800,0.5,0.0,0.0,0.0,0.0,0.0,0.0,24.0,180.998611,4.615022,0.0,0.0,0.0,1,1
0x962fa0e24874cbd95aba72f5aca18286200ca3eb39559f806131dc520a2bddc3,sports,1777960805,1778590800,0.495,0.0,-0.005,-0.005,0.001689,-0.000217,0.005,24.0,174.998611,4.615022,0.0,0.005,0.0,1,1
0x962fa0e24874cbd95aba72f5aca18286200ca3eb39559f806131dc520a2bddc3,sports,1777982405,1778590800,0.59,0.0,0.095,0.09,0.025736,0.003913,0.095,24.0,168.998611,4.615022,0.0,0.09,0.0,1,1
0x962fa0e24874cbd95aba72f5aca18286200ca3eb39559f806131dc520a2bddc3,sports,1778004005,1778590800,0.59,0.0,0.0,0.09,0.043978,0.003913,0.095,24.0,162.998611,4.615022,0.0,0.09,0.0,1,1
0x962fa0e24874cbd95aba72f5aca18286200ca3eb39559f806131dc520a2bddc3,sports,1778025605,1778590800,0.9995,0.2245,0.4095,0.4995,0.11134,0.021717,0.5045,24.0,156.998611,4.615022,0.0,0.4995,0.0,0,1
0xfd0e837bad6c291c83495b7fb99c8d1b1f8464c388bf2f67388b9e1b6ad01f2d,sports,1777917608,1778524200,0.185,0.0,0.0,-0.315,0.1575,-0.013125,0.315,25.0,168.497778,4.615022,0.0,0.315,0.0,1,0
0xc253604f19606ea4b4d4004aa23e6ae5d30c42d848514c4b4cf5f5a705f283df,sports,1779134409,1779696000,0.68,-0.005,0.0,0.18,0.068947,0.007826,0.19,24.0,155.9975,4.615022,0.0,0.18,0.0,1,1
0xc253604f19606ea4b4d4004aa23e6ae5d30c42d848514c4b4cf5f5a705f283df,sports,1779156009,1779696000,0.68,0.0,0.0,0.0,0.002408,0.0,0.01,24.0,149.9975,4.615022,0.0,0.18,0.0,1,1
0xc253604f19606ea4b4d4004aa23e6ae5d30c42d848514c4b4cf5f5a705f283df,sports,1779177609,1779696000,0.68,0.0,0.0,0.0,0.002918,0.0,0.015,24.0,143.9975,4.615022,0.0,0.18,0.0,1,1
0x20c46b58aa4cf8ac6c2e193cb7b05e5c73185e8b719b2d38e7208ad4395f9eb9,sports,1777874404,1778576400,0.49,0.0,0.0,-0.01,0.005413,-0.000435,0.015,24.0,194.998889,4.615022,0.0,0.01,0.0,0,1
0x20c46b58aa4cf8ac6c2e193cb7b05e5c73185e8b719b2d38e7208ad4395f9eb9,sports,1777896004,1778576400,0.49,0.0,0.0,-0.01,0.004885,-0.000435,0.015,24.0,188.998889,4.615022,0.0,0.01,0.0,0,1
0x20c46b58aa4cf8ac6c2e193cb7b05e5c73185e8b719b2d38e7208ad4395f9eb9,sports,1777917604,1778576400,0.495,0.0,0.005,-0.005,0.00312,-0.000217,0.015,24.0,182.998889,4.615022,0.0,0.005,0.0,1,1
0x20c46b58aa4cf8ac6c2e193cb7b05e5c73185e8b719b2d38e7208ad4395f9eb9,sports,1777939204,1778576400,0.495,0.0,0.0,0.005,0.003297,0.000217,0.015,24.0,176.998889,4.615022,0.0,0.005,0.0,1,1
0x20c46b58aa4cf8ac6c2e193cb7b05e5c73185e8b719b2d38e7208ad4395f9eb9,sports,1777960804,1778576400,0.5,0.0,0.005,0.01,0.003451,0.000435,0.01,24.0,170.998889,4.615022,0.0,0.0,0.0,1,1
0x20c46b58aa4cf8ac6c2e193cb7b05e5c73185e8b719b2d38e7208ad4395f9eb9,sports,1777982404,1778576400,0.5,0.0,0.0,0.01,0.002545,0.000217,0.005,24.0,164.998889,4.615022,0.0,0.0,0.0,1,1
0x20c46b58aa4cf8ac6c2e193cb7b05e5c73185e8b719b2d38e7208ad4395f9eb9,sports,1778004004,1778576400,0.765,0.265,0.265,0.27,0.054452,0.011739,0.27,24.0,158.998889,4.615022,0.0,0.265,0.0,1,1
0x077ca73da706e66b5097a011e2bd812e23ae2584dcc74d9aa0c2025b29d29942,sports,1777874404,1778576400,0.495,-0.005,-0.005,-0.005,0.001021,-0.000217,0.005,24.0,194.998889,4.615022,0.0,0.005,0.0,0,1
0x077ca73da706e66b5097a011e2bd812e23ae2584dcc74d9aa0c2025b29d29942,sports,1777896004,1778576400,0.5,0.0,0.005,0.0,0.001021,0.0,0.005,24.0,188.998889,4.615022,0.0,0.0,0.0,1,1
0x077ca73da706e66b5097a011e2bd812e23ae2584dcc74d9aa0c2025b29d29942,sports,1777917604,1778576400,0.5,0.0,0.0,0.0,0.001021,0.0,0.005,24.0,182.998889,4.615022,0.0,0.0,0.0,1,1
0x077ca73da706e66b5097a011e2bd812e23ae2584dcc74d9aa0c2025b29d29942,sports,1777939204,1778576400,0.5,0.0,0.0,0.0,0.001021,0.0,0.005,24.0,176.998889,4.615022,0.0,0.0,0.0,1,1
0x077ca73da706e66b5097a011e2bd812e23ae2584dcc74d9aa0c2025b29d29942,sports,1777960804,1778576400,0.5,0.0,0.0,0.005,0.0,0.0,0.0,24.0,170.998889,4.615022,0.0,0.0,0.0,1,1
0x077ca73da706e66b5097a011e2bd812e23ae2584dcc74d9aa0c2025b29d29942,sports,1777982404,1778576400,0.435,0.0,-0.065,-0.065,0.018351,-0.002826,0.065,24.0,164.998889,4.615022,0.0,0.065,0.0,1,1
0x077ca73da706e66b5097a011e2bd812e23ae2584dcc74d9aa0c2025b29d29942,sports,1778004004,1778576400,0.77,0.27,0.335,0.27,0.063895,0.011739,0.335,24.0,158.998889,4.615022,0.0,0.27,0.0,1,1
0xbd8a0665a554c422e8567434f5ebd1a610cbbc9d1f4114455a702a33591ad125,sports,1777874404,1778590800,0.5,0.0,0.0,0.0,0.003378,0.0,0.01,24.0,198.998889,4.615022,0.0,0.0,0.0,0,1
0xbd8a0665a554c422e8567434f5ebd1a610cbbc9d1f4114455a702a33591ad125,sports,1777896004,1778590800,0.5,0.0,0.0,0.0,0.003378,0.0,0.01,24.0,192.998889,4.615022,0.0,0.0,0.0,0,1
0xbd8a0665a554c422e8567434f5ebd1a610cbbc9d1f4114455a702a33591ad125,sports,1777917604,1778590800,0.5,0.0,0.0,0.0,0.003378,0.0,0.01,24.0,186.998889,4.615022,0.0,0.0,0.0,0,1
0xbd8a0665a554c422e8567434f5ebd1a610cbbc9d1f4114455a702a33591ad125,sports,1777939204,1778590800,0.5,0.0,0.0,0.0,0.0,0.0,0.0,24.0,180.998889,4.615022,0.0,0.0,0.0,0,1
0xbd8a0665a554c422e8567434f5ebd1a610cbbc9d1f4114455a702a33591ad125,sports,1777960804,1778590800,0.5,0.0,0.0,0.0,0.0,0.0,0.0,24.0,174.998889,4.615022,0.0,0.0,0.0,0,1
0xbd8a0665a554c422e8567434f5ebd1a610cbbc9d1f4114455a702a33591ad125,sports,1777982404,1778590800,0.5,0.0,0.0,0.0,0.0,0.0,0.0,24.0,168.998889,4.615022,0.0,0.0,0.0,0,1
0xbd8a0665a554c422e8567434f5ebd1a610cbbc9d1f4114455a702a33591ad125,sports,1778004004,1778590800,0.5,0.0,0.0,0.0,0.0,0.0,0.0,24.0,162.998889,4.615022,0.0,0.0,0.0,1,1
0xbd8a0665a554c422e8567434f5ebd1a610cbbc9d1f4114455a702a33591ad125,sports,1778025604,1778590800,0.5,0.0,0.0,0.0,0.0,0.0,0.0,24.0,156.998889,4.615022,0.0,0.0,0.0,1,1
0xbd8a0665a554c422e8567434f5ebd1a610cbbc9d1f4114455a702a33591ad125,sports,1778047204,1778590800,0.5,0.0,0.0,0.0,0.0,0.0,0.0,24.0,150.998889,4.615022,0.0,0.0,0.0,1,1
0xbd8a0665a554c422e8567434f5ebd1a610cbbc9d1f4114455a702a33591ad125,sports,1778068804,1778590800,0.5,0.0,0.0,0.0,0.001021,0.0,0.005,24.0,144.998889,4.615022,0.0,0.0,0.0,1,1
0xbd8a0665a554c422e8567434f5ebd1a610cbbc9d1f4114455a702a33591ad125,sports,1778090404,1778590800,0.9995,0.2195,0.4995,0.4995,0.114765,0.021717,0.5045,24.0,138.998889,4.615022,0.0,0.4995,0.0,0,1
0x0375933dbe5c7ddde74e97b08b2757c9e66599209da3aa99d8367995df83e6dd,sports,1777874404,1778590800,0.5,0.0,0.0,0.0,0.0,0.0,0.0,24.0,198.998889,4.615022,0.0,0.0,0.0,0,1
0x0375933dbe5c7ddde74e97b08b2757c9e66599209da3aa99d8367995df83e6dd,sports,1777896004,1778590800,0.505,0.0,0.005,0.005,0.002545,0.000217,0.01,24.0,192.998889,4.615022,0.0,0.005,0.0,1,1
0x0375933dbe5c7ddde74e97b08b2757c9e66599209da3aa99d8367995df83e6dd,sports,1777917604,1778590800,0.505,0.0,0.0,0.005,0.002941,0.000217,0.01,24.0,186.998889,4.615022,0.0,0.005,0.0,1,1
0x0375933dbe5c7ddde74e97b08b2757c9e66599209da3aa99d8367995df83e6dd,sports,1777939204,1778590800,0.505,0.0,0.0,0.005,0.00275,0.000217,0.01,24.0,180.998889,4.615022,0.0,0.005,0.0,1,1
0x0375933dbe5c7ddde74e97b08b2757c9e66599209da3aa99d8367995df83e6dd,sports,1777960804,1778590800,0.505,0.0,0.0,0.005,0.001793,0.000217,0.01,24.0,174.998889,4.615022,0.0,0.005,0.0,1,1
0x0375933dbe5c7ddde74e97b08b2757c9e66599209da3aa99d8367995df83e6dd,sports,1777982404,1778590800,0.2,0.02,-0.305,-0.305,0.088806,-0.013261,0.325,24.0,168.998889,4.615022,0.0,0.3,0.0,1,1
0x0375933dbe5c7ddde74e97b08b2757c9e66599209da3aa99d8367995df83e6dd,sports,1778004004,1778590800,0.19,0.0,-0.01,-0.315,0.151272,-0.013696,0.325,24.0,162.998889,4.615022,0.0,0.31,0.0,1,1
0x9bed3dccfbb921cbc6f384e6971d29a3f591618978f641a73ce713776881c3a8,sports,1778090403,1778659200,0.49,0.0,-0.025,-0.045,0.01713,-0.001957,0.055,24.0,157.999167,4.615022,0.0,0.01,0.0,1,1
0x9bed3dccfbb921cbc6f384e6971d29a3f591618978f641a73ce713776881c3a8,sports,1778112003,1778659200,0.49,0.0,0.0,-0.05,0.014664,-0.002174,0.055,24.0,151.999167,4.615022,0.0,0.01,0.0,1,1
0x9bed3dccfbb921cbc6f384e6971d29a3f591618978f641a73ce713776881c3a8,sports,1778133603,1778659200,0.48,-0.02,-0.01,-0.035,0.012271,-0.001458,0.035,25.0,145.999167,4.615022,0.0,0.02,0.0,1,1
0xf4a95f077931d903235aeaad51658d8f92c8894d0335b47d4648620db05a69eb,sports,1778454013,1779094800,0.495,0.0,0.0,-0.005,0.003379,-0.000208,0.01,25.0,177.996389,4.615022,0.0,0.005,0.0,1,1
0xf4a95f077931d903235aeaad51658d8f92c8894d0335b47d4648620db05a69eb,sports,1778475613,1779094800,0.495,0.0,0.0,-0.005,0.002212,0.0,0.005,24.0,171.996389,4.615022,0.0,0.005,0.0,1,1
0xf4a95f077931d903235aeaad51658d8f92c8894d0335b47d4648620db05a69eb,sports,1778497213,1779094800,0.495,0.0,0.0,0.005,0.001903,0.000217,0.005,24.0,165.996389,4.615022,0.0,0.005,0.0,1,1
0xf4a95f077931d903235aeaad51658d8f92c8894d0335b47d4648620db05a69eb,sports,1778518813,1779094800,0.5,0.0,0.005,0.005,0.001021,0.000217,0.005,24.0,159.996389,4.615022,0.0,0.0,0.0,1,1
0xc7a6fa070f0d2448383983b5834208b547e1f5ce2d5b81799c1067fd1601863d,other,1778000407,1778371200,0.32,0.0,0.0,-0.18,0.081077,-0.0075,0.28,25.0,102.998056,4.615022,0.0,0.18,0.0,0,0
0xc7a6fa070f0d2448383983b5834208b547e1f5ce2d5b81799c1067fd1601863d,other,1778022007,1778371200,0.32,0.0,0.0,0.015,0.0,0.0,0.0,24.0,96.998056,4.615022,0.0,0.18,0.0,0,0
0xc7a6fa070f0d2448383983b5834208b547e1f5ce2d5b81799c1067fd1601863d,other,1778043607,1778371200,0.22,-0.07,-0.1,-0.1,0.028662,-0.004167,0.105,25.0,90.998056,4.615022,0.0,0.28,0.0,0,0
0xc7a6fa070f0d2448383983b5834208b547e1f5ce2d5b81799c1067fd1601863d,other,1778065207,1778371200,0.27,0.005,0.05,-0.05,0.04595,-0.002174,0.14,24.0,84.998056,4.615022,0.0,0.23,0.0,1,0
0xc7a6fa070f0d2448383983b5834208b547e1f5ce2d5b81799c1067fd1601863d,other,1778086807,1778371200,0.305,0.0,0.035,-0.015,0.048252,-0.000682,0.14,23.0,78.998056,4.615022,0.0,0.195,0.0,0,0
0xc7a6fa070f0d2448383983b5834208b547e1f5ce2d5b81799c1067fd1601863d,other,1778108407,1778371200,0.32,0.035,0.015,0.0,0.0469,0.0,0.14,24.0,72.998056,4.615022,0.0,0.18,0.0,1,0
0xc7a6fa070f0d2448383983b5834208b547e1f5ce2d5b81799c1067fd1601863d,other,1778130007,1778371200,0.18,-0.015,-0.14,-0.04,0.072409,-0.005652,0.325,24.0,66.998056,4.615022,0.0,0.32,0.0,0,0
0xc7a6fa070f0d2448383983b5834208b547e1f5ce2d5b81799c1067fd1601863d,other,1778151607,1778371200,0.495,0.28,0.315,0.225,0.085731,0.012391,0.325,24.0,60.998056,4.615022,0.0,0.005,0.0,1,0
0xc7a6fa070f0d2448383983b5834208b547e1f5ce2d5b81799c1067fd1601863d,other,1778173207,1778371200,0.34,0.0,-0.155,0.035,0.110118,0.00087,0.325,24.0,54.998056,4.615022,0.0,0.16,0.0,1,0
0xc7a6fa070f0d2448383983b5834208b547e1f5ce2d5b81799c1067fd1601863d,other,1778194807,1778371200,0.23,0.0,-0.11,-0.09,0.111217,-0.004091,0.325,23.0,48.998056,4.615022,0.0,0.27,0.0,1,0
0xc7a6fa070f0d2448383983b5834208b547e1f5ce2d5b81799c1067fd1601863d,other,1778216407,1778371200,0.135,0.005,-0.095,-0.045,0.11874,-0.005217,0.37,24.0,42.998056,4.615022,0.0,0.365,0.0,1,0
0xc7a6fa070f0d2448383983b5834208b547e1f5ce2d5b81799c1067fd1601863d,other,1778238007,1778371200,0.145,0.015,0.01,-0.35,0.128642,-0.015435,0.37,24.0,36.998056,4.615022,0.0,0.355,0.0,1,0
0xc7a6fa070f0d2448383983b5834208b547e1f5ce2d5b81799c1067fd1601863d,other,1778259607,1778371200,0.5,-0.005,0.355,0.16,0.130976,0.006667,0.38,25.0,30.998056,4.615022,0.0,0.0,0.0,0,0
0xc7a6fa070f0d2448383983b5834208b547e1f5ce2d5b81799c1067fd1601863d,other,1778281207,1778371200,0.5,0.0,0.0,0.27,0.17201,0.01,0.38,25.0,24.998056,4.615022,0.0,0.0,0.0,0,0
0x97a63c853890276f6be06b72d907928b7888fad93628ad489c5716bdf67581c4,sports,1779750007,1780146000,0.5,0.0,0.0,0.0,0.0,0.0,0.0,25.0,109.998056,4.615022,0.0,0.0,0.0,0,1
0x97a63c853890276f6be06b72d907928b7888fad93628ad489c5716bdf67581c4,sports,1779771607,1780146000,0.5,0.0,0.0,0.0,0.0,0.0,0.0,25.0,103.998056,4.615022,0.0,0.0,0.0,0,1
0x97a63c853890276f6be06b72d907928b7888fad93628ad489c5716bdf67581c4,sports,1779793207,1780146000,0.5,0.0,0.0,0.0,0.0,0.0,0.0,24.0,97.998056,4.615022,0.0,0.0,0.0,0,1
0x97a63c853890276f6be06b72d907928b7888fad93628ad489c5716bdf67581c4,sports,1779814807,1780146000,0.5,0.0,0.0,0.0,0.0,0.0,0.0,24.0,91.998056,4.615022,0.0,0.0,0.0,0,1
0x97a63c853890276f6be06b72d907928b7888fad93628ad489c5716bdf67581c4,sports,1779836407,1780146000,0.5,0.0,0.0,0.0,0.0,0.0,0.0,24.0,85.998056,4.615022,0.0,0.0,0.0,0,1
0x97a63c853890276f6be06b72d907928b7888fad93628ad489c5716bdf67581c4,sports,1779858007,1780146000,0.5,0.0,0.0,0.0,0.0,0.0,0.0,24.0,79.998056,4.615022,0.0,0.0,0.0,0,1
0x97a63c853890276f6be06b72d907928b7888fad93628ad489c5716bdf67581c4,sports,1779879607,1780146000,0.5,0.0,0.0,0.0,0.0,0.0,0.0,24.0,73.998056,4.615022,0.0,0.0,0.0,0,1
0x97a63c853890276f6be06b72d907928b7888fad93628ad489c5716bdf67581c4,sports,1779901207,1780146000,0.5,0.0,0.0,0.0,0.0,0.0,0.0,24.0,67.998056,4.615022,0.0,0.0,0.0,0,1
0x97a63c853890276f6be06b72d907928b7888fad93628ad489c5716bdf67581c4,sports,1779922807,1780146000,0.5,0.0,0.0,0.0,0.0,0.0,0.0,24.0,61.998056,4.615022,0.0,0.0,0.0,0,1
0x97a63c853890276f6be06b72d907928b7888fad93628ad489c5716bdf67581c4,sports,1779944407,1780146000,0.5,0.0,0.0,0.0,0.0,0.0,0.0,23.0,55.998056,4.615022,0.0,0.0,0.0,0,1
0x97a63c853890276f6be06b72d907928b7888fad93628ad489c5716bdf67581c4,sports,1779966007,1780146000,0.5,0.0,0.0,0.0,0.0,0.0,0.0,24.0,49.998056,4.615022,0.0,0.0,0.0,0,1
0x97a63c853890276f6be06b72d907928b7888fad93628ad489c5716bdf67581c4,sports,1779987607,1780146000,0.49,-0.01,-0.01,-0.01,0.002823,-0.000435,0.01,24.0,43.998056,4.615022,0.0,0.01,0.0,0,1
0x97a63c853890276f6be06b72d907928b7888fad93628ad489c5716bdf67581c4,sports,1780009207,1780146000,0.5,0.0,0.01,0.0,0.003062,0.0,0.015,24.0,37.998056,4.615022,0.0,0.0,0.0,0,1
0x97a63c853890276f6be06b72d907928b7888fad93628ad489c5716bdf67581c4,sports,1780030807,1780146000,0.5,0.0,0.0,0.0,0.003536,0.0,0.015,25.0,31.998056,4.615022,0.0,0.0,0.0,0,1
0x97a63c853890276f6be06b72d907928b7888fad93628ad489c5716bdf67581c4,sports,1780052407,1780146000,0.5,0.0,0.0,0.0,0.004959,0.000435,0.025,24.0,25.998056,4.615022,0.0,0.0,0.0,1,1
0x3813fc8d94ea95ca21996f91b8d613a0aba02ac46fd9a2b2cc0730dedcc992fb,sports,1777636809,1778227200,0.5,0.005,-0.01,0.0,0.004311,0.0,0.02,25.0,163.9975,4.615022,0.0,0.0,0.0,1,1
0x65b00afe2f0e0132ff7b5aac596cfe1adbe112cea35d5fd890700279ebe5c14f,sports,1777636816,1777809600,0.185,0.0,0.0,0.0,0.0,0.0,0.0,25.0,47.995556,4.615022,0.0,0.315,0.0,0,0
0x65b00afe2f0e0132ff7b5aac596cfe1adbe112cea35d5fd890700279ebe5c14f,sports,1777658416,1777809600,0.185,0.005,0.0,0.0,0.001021,0.0,0.005,24.0,41.995556,4.615022,0.0,0.315,0.0,0,0
0x65b00afe2f0e0132ff7b5aac596cfe1adbe112cea35d5fd890700279ebe5c14f,sports,1777680016,1777809600,0.185,-0.005,0.0,0.0,0.001474,0.0,0.01,24.0,35.995556,4.615022,0.0,0.315,0.0,0,0
0x65b00afe2f0e0132ff7b5aac596cfe1adbe112cea35d5fd890700279ebe5c14f,sports,1777701616,1777809600,0.19,0.0,0.005,0.005,0.002085,0.000227,0.01,23.0,29.995556,4.615022,0.0,0.31,0.0,1,0
0x093e0c96b82cbcc3420f33671329240ea1bae4a127ba10279ac06eaa6d7139f3,sports,1778389207,1778507100,0.655,0.0,-0.015,-0.03,0.014571,-0.001304,0.045,24.0,32.748056,4.615022,0.0,0.155,0.0,0,1
0x093e0c96b82cbcc3420f33671329240ea1bae4a127ba10279ac06eaa6d7139f3,sports,1778410807,1778507100,0.665,0.01,0.01,-0.025,0.016369,-0.001087,0.045,24.0,26.748056,4.615022,0.0,0.165,0.0,1,1
0xc288052650e6b49062f4871c640ae885e99dbc51a1dc98af39e67faba4e8cea0,other,1778004008,1778371200,0.075,0.0,-0.425,-0.425,0.158762,-0.017708,0.425,25.0,101.997778,4.615022,0.0,0.425,0.0,0,0
0xc288052650e6b49062f4871c640ae885e99dbc51a1dc98af39e67faba4e8cea0,other,1778025608,1778371200,0.07,0.0,-0.005,-0.43,0.208653,-0.018696,0.43,24.0,95.997778,4.615022,0.0,0.43,0.0,0,0
0xc288052650e6b49062f4871c640ae885e99dbc51a1dc98af39e67faba4e8cea0,other,1778047208,1778371200,0.065,0.0,-0.005,-0.435,0.210155,-0.018913,0.435,24.0,89.997778,4.615022,0.0,0.435,0.0,0,0
0xc288052650e6b49062f4871c640ae885e99dbc51a1dc98af39e67faba4e8cea0,other,1778068808,1778371200,0.065,0.0,0.0,-0.435,0.144343,-0.018913,0.44,24.0,83.997778,4.615022,0.0,0.435,0.0,1,0
0xc288052650e6b49062f4871c640ae885e99dbc51a1dc98af39e67faba4e8cea0,other,1778090408,1778371200,0.065,0.0,0.0,-0.01,0.00802,-0.001591,0.04,23.0,77.997778,4.615022,0.0,0.435,0.0,0,0
0xc288052650e6b49062f4871c640ae885e99dbc51a1dc98af39e67faba4e8cea0,other,1778112008,1778371200,0.065,0.0,0.0,-0.005,0.003605,-0.000217,0.015,24.0,71.997778,4.615022,0.0,0.435,0.0,1,0
0xc288052650e6b49062f4871c640ae885e99dbc51a1dc98af39e67faba4e8cea0,other,1778133608,1778371200,0.065,-0.005,0.0,0.0,0.094606,0.000208,0.44,25.0,65.997778,4.615022,0.0,0.435,0.0,1,0
0xc288052650e6b49062f4871c640ae885e99dbc51a1dc98af39e67faba4e8cea0,other,1778155208,1778371200,0.185,0.0,0.12,0.12,0.097798,0.005217,0.435,24.0,59.997778,4.615022,0.0,0.315,0.0,1,0
0xc288052650e6b49062f4871c640ae885e99dbc51a1dc98af39e67faba4e8cea0,other,1778176808,1778371200,0.11,0.025,-0.075,0.045,0.112906,0.001667,0.435,25.0,53.997778,4.615022,0.0,0.39,0.0,1,0
0xc288052650e6b49062f4871c640ae885e99dbc51a1dc98af39e67faba4e8cea0,other,1778198408,1778371200,0.125,-0.015,0.015,0.06,0.110729,-0.016304,0.435,24.0,47.997778,4.615022,0.0,0.375,0.0,1,0
0xc288052650e6b49062f4871c640ae885e99dbc51a1dc98af39e67faba4e8cea0,other,1778220008,1778371200,0.14,-0.11,0.015,0.075,0.101848,0.003125,0.385,25.0,41.997778,4.615022,0.0,0.36,0.0,1,0
0xc288052650e6b49062f4871c640ae885e99dbc51a1dc98af39e67faba4e8cea0,other,1778241608,1778371200,0.5,0.0,0.36,0.315,0.131578,0.009375,0.42,25.0,35.997778,4.615022,0.0,0.0,0.0,1,0
0xc288052650e6b49062f4871c640ae885e99dbc51a1dc98af39e67faba4e8cea0,other,1778263208,1778371200,0.5,0.0,0.0,0.39,0.165051,0.01625,0.39,25.0,29.997778,4.615022,0.0,0.0,0.0,1,0
0xb9126445a84a744f3c84d8d333947c610ad4f8499442760ae4ecc95d77dc007c,other,1777636804,1780286399,0.835,0.0,0.18,0.335,0.127228,0.014565,0.34,24.0,735.998611,4.615022,0.0,0.335,0.0,1,1
0x7e1db1999c797bbd76cbcd28123754a4bf35ae42719e7e0fd3da39ecaf58678c,sports,1777806007,1778014800,0.5,0.0,0.0,0.0,0.0,0.0,0.0,24.0,57.998056,4.615022,0.0,0.0,0.0,0,0
0x7e1db1999c797bbd76cbcd28123754a4bf35ae42719e7e0fd3da39ecaf58678c,sports,1777827607,1778014800,0.5,0.0,0.0,0.0,0.0,0.0,0.0,24.0,51.998056,4.615022,0.0,0.0,0.0,0,0
0x7e1db1999c797bbd76cbcd28123754a4bf35ae42719e7e0fd3da39ecaf58678c,sports,1777849207,1778014800,0.5,0.0,0.0,0.0,0.0,0.0,0.0,25.0,45.998056,4.615022,0.0,0.0,0.0,0,0
0x7e1db1999c797bbd76cbcd28123754a4bf35ae42719e7e0fd3da39ecaf58678c,sports,1777870807,1778014800,0.5,0.0,0.0,0.0,0.0,0.0,0.0,24.0,39.998056,4.615022,0.0,0.0,0.0,0,0
0x7e1db1999c797bbd76cbcd28123754a4bf35ae42719e7e0fd3da39ecaf58678c,sports,1777892407,1778014800,0.5,0.0,0.0,0.0,0.0,0.0,0.0,25.0,33.998056,4.615022,0.0,0.0,0.0,0,0
0x7e1db1999c797bbd76cbcd28123754a4bf35ae42719e7e0fd3da39ecaf58678c,sports,1777914007,1778014800,0.5,0.0,0.0,0.0,0.0,0.0,0.0,24.0,27.998056,4.615022,0.0,0.0,0.0,0,0
0x95e64fb398341ba4d27bb0a7f69a0c17bfbb7770b0a48895f561ba547aa9c79a,sports,1777903206,1778014800,0.77,0.01,-0.005,0.08,0.034551,0.003333,0.09,25.0,30.998333,4.615022,0.0,0.27,0.0,1,1
0x95e64fb398341ba4d27bb0a7f69a0c17bfbb7770b0a48895f561ba547aa9c79a,sports,1777924806,1778014800,0.685,0.0,-0.085,-0.075,0.030749,-0.003261,0.095,24.0,24.998333,4.615022,0.0,0.185,0.0,1,1
0xd1ecbf724bfc36901ec8b6e60d4281fa14158f726a50f9e12bb9d51e2302723d,other,1779598805,1779888600,0.5,0.0,0.005,0.0,0.00293,0.0,0.01,25.0,80.498611,4.615022,0.0,0.0,0.0,0,1
0xd1ecbf724bfc36901ec8b6e60d4281fa14158f726a50f9e12bb9d51e2302723d,other,1779620405,1779888600,0.5,0.0,0.0,0.0,0.00293,0.0,0.01,25.0,74.498611,4.615022,0.0,0.0,0.0,0,1
0xd1ecbf724bfc36901ec8b6e60d4281fa14158f726a50f9e12bb9d51e2302723d,other,1779642005,1779888600,0.5,0.0,0.0,0.005,0.002212,0.000217,0.005,24.0,68.498611,4.615022,0.0,0.0,0.0,0,1
0xd1ecbf724bfc36901ec8b6e60d4281fa14158f726a50f9e12bb9d51e2302723d,other,1779663605,1779888600,0.5,0.0,0.0,0.005,0.0,0.0,0.0,24.0,62.498611,4.615022,0.0,0.0,0.0,0,1
0xd1ecbf724bfc36901ec8b6e60d4281fa14158f726a50f9e12bb9d51e2302723d,other,1779685205,1779888600,0.5,0.0,0.0,0.0,0.0,0.0,0.0,24.0,56.498611,4.615022,0.0,0.0,0.0,1,1
0xd1ecbf724bfc36901ec8b6e60d4281fa14158f726a50f9e12bb9d51e2302723d,other,1779706805,1779888600,0.5,0.0,0.0,0.0,0.0,0.0,0.0,24.0,50.498611,4.615022,0.0,0.0,0.0,0,1
0xd1ecbf724bfc36901ec8b6e60d4281fa14158f726a50f9e12bb9d51e2302723d,other,1779728405,1779888600,0.5,0.0,0.0,0.0,0.0,0.0,0.0,24.0,44.498611,4.615022,0.0,0.0,0.0,1,1
0xd1ecbf724bfc36901ec8b6e60d4281fa14158f726a50f9e12bb9d51e2302723d,other,1779750005,1779888600,0.5,0.0,0.0,0.0,0.0,0.0,0.0,25.0,38.498611,4.615022,0.0,0.0,0.0,1,1
0xd1ecbf724bfc36901ec8b6e60d4281fa14158f726a50f9e12bb9d51e2302723d,other,1779771605,1779888600,0.59,0.0,0.09,0.09,0.02985,0.00375,0.09,25.0,32.498611,4.615022,0.0,0.09,0.0,0,1
0xd1ecbf724bfc36901ec8b6e60d4281fa14158f726a50f9e12bb9d51e2302723d,other,1779793205,1779888600,0.54,-0.05,-0.05,0.04,0.042902,0.001739,0.09,24.0,26.498611,4.615022,0.0,0.04,0.0,0,1
0x0ce2e54530634fabb962bf7755fd6d49eefa7ff92ea195281a9cfd2cfec44ebc,sports,1777636809,1777765800,0.2,0.0,0.0,0.0,0.002533,0.0,0.005,25.0,35.830833,4.615022,0.0,0.3,0.0,0,0
0x0ce2e54530634fabb962bf7755fd6d49eefa7ff92ea195281a9cfd2cfec44ebc,sports,1777658409,1777765800,0.2,0.0,0.0,0.005,0.0025,0.000208,0.005,25.0,29.830833,4.615022,0.0,0.3,0.0,1,0
0xcea084e1971ba9c1b74c5957e94aa51fe54506893b09cbb2dfef32f9bb97baf8,sports,1777636804,1777765800,0.21,0.0,0.0,0.0,0.0,0.0,0.0,24.0,35.832222,4.615022,0.0,0.29,0.0,0,1
0xcea084e1971ba9c1b74c5957e94aa51fe54506893b09cbb2dfef32f9bb97baf8,sports,1777658404,1777765800,0.21,0.0,0.0,0.0,0.0,0.0,0.0,24.0,29.832222,4.615022,0.0,0.29,0.0,0,1
0x22eed02819979ad5a238cc1565acb0746d29cacf4df49a9708408e7c5355f2fd,sports,1777806006,1777910400,0.17,0.0,0.005,-0.05,0.023559,-0.002174,0.055,24.0,28.998333,4.615022,0.0,0.33,0.0,1,0
0x1df672d65d9cbc5da3ac9e18f9a59aa539d4d89aa8d8fc114bc8cb35e95b2bf3,other,1777636804,1777813200,0.0395,0.0,0.0,-0.0005,0.044149,-2.2e-05,0.2165,24.0,48.998889,4.615022,0.0,0.4605,0.0,0,0
0x1df672d65d9cbc5da3ac9e18f9a59aa539d4d89aa8d8fc114bc8cb35e95b2bf3,other,1777658404,1777813200,0.0395,0.0,0.0,-0.0005,0.000207,-2.2e-05,0.0005,24.0,42.998889,4.615022,0.0,0.4605,0.0,0,0
0x1df672d65d9cbc5da3ac9e18f9a59aa539d4d89aa8d8fc114bc8cb35e95b2bf3,other,1777680004,1777813200,0.0395,0.0,0.0,0.0,0.000102,0.0,0.0005,24.0,36.998889,4.615022,0.0,0.4605,0.0,0,0
0x1df672d65d9cbc5da3ac9e18f9a59aa539d4d89aa8d8fc114bc8cb35e95b2bf3,other,1777701604,1777813200,0.0395,0.0,0.0,0.0,0.000102,0.0,0.0005,24.0,30.998889,4.615022,0.0,0.4605,0.0,0,0
0x1df672d65d9cbc5da3ac9e18f9a59aa539d4d89aa8d8fc114bc8cb35e95b2bf3,other,1777723204,1777813200,0.04,0.0005,0.0005,0.0005,0.000141,2.2e-05,0.0005,24.0,24.998889,4.615022,0.0,0.46,0.0,0,0
0x5edd2b18767d77f78faaa6f92cbf62deb0fbe503e6dca63e3263c3d0c99e38c4,sports,1777636809,1777765800,0.665,0.0,0.0,0.0,0.001658,0.0,0.005,25.0,35.830833,4.615022,0.0,0.165,0.0,0,1
0x5edd2b18767d77f78faaa6f92cbf62deb0fbe503e6dca63e3263c3d0c99e38c4,sports,1777658409,1777765800,0.665,0.0,0.0,0.0,0.001384,0.0,0.005,25.0,29.830833,4.615022,0.0,0.165,0.0,1,1
0x3efb5ce55760276589398e6ba5147b7cd053d22dbc617b29bad4e61735040245,sports,1777636816,1777813200,0.2,0.0,0.0,0.0,0.0,0.0,0.0,25.0,48.995556,4.615022,0.0,0.3,0.0,0,0
0x3efb5ce55760276589398e6ba5147b7cd053d22dbc617b29bad4e61735040245,sports,1777658416,1777813200,0.2,0.0,0.0,0.0,0.0,0.0,0.0,24.0,42.995556,4.615022,0.0,0.3,0.0,0,0
0x3efb5ce55760276589398e6ba5147b7cd053d22dbc617b29bad4e61735040245,sports,1777680016,1777813200,0.2,0.0,0.0,0.0,0.0,0.0,0.0,24.0,36.995556,4.615022,0.0,0.3,0.0,0,0
0x3efb5ce55760276589398e6ba5147b7cd053d22dbc617b29bad4e61735040245,sports,1777701616,1777813200,0.2,0.0,0.0,0.0,0.0,0.0,0.0,23.0,30.995556,4.615022,0.0,0.3,0.0,0,0
0x3efb5ce55760276589398e6ba5147b7cd053d22dbc617b29bad4e61735040245,sports,1777723216,1777813200,0.205,0.0,0.005,0.005,0.001938,0.000227,0.005,23.0,24.995556,4.615022,0.0,0.295,0.0,1,0
0x38a4fba3733f1feaffcb221d36b2ad9a1c125bac11a4e6103fffee6efb8d2292,other,1777636809,1777818600,0.029,0.0,0.0,-0.006,0.082776,-0.00025,0.416,25.0,50.4975,4.615022,0.0,0.471,0.0,0,0
0x38a4fba3733f1feaffcb221d36b2ad9a1c125bac11a4e6103fffee6efb8d2292,other,1777658409,1777818600,0.0175,0.0,-0.0115,-0.017,0.005688,-0.000708,0.017,25.0,44.4975,4.615022,0.0,0.4825,0.0,0,0
0x38a4fba3733f1feaffcb221d36b2ad9a1c125bac11a4e6103fffee6efb8d2292,other,1777680009,1777818600,0.0175,0.0,0.0,-0.0115,0.005829,-0.000523,0.0115,23.0,38.4975,4.615022,0.0,0.4825,0.0,0,0
0x38a4fba3733f1feaffcb221d36b2ad9a1c125bac11a4e6103fffee6efb8d2292,other,1777701609,1777818600,0.0175,0.0,0.0,-0.0115,0.005538,-0.0005,0.0115,24.0,32.4975,4.615022,0.0,0.4825,0.0,0,0
0x38a4fba3733f1feaffcb221d36b2ad9a1c125bac11a4e6103fffee6efb8d2292,other,1777723209,1777818600,0.0175,0.0,0.0,-0.0115,0.003247,-0.0005,0.0115,24.0,26.4975,4.615022,0.0,0.4825,0.0,0,0
0x38fd2f52f5c25ad790bd18b960c02bc946bc8271cd001f4a0fe337ada96dc7f8,sports,1777636816,1778109600,0.495,0.0,0.0,0.0,0.0,0.0,0.0,25.0,131.328889,4.615022,0.0,0.005,0.0,0,1
0x38fd2f52f5c25ad790bd18b960c02bc946bc8271cd001f4a0fe337ada96dc7f8,sports,1777658416,1778109600,0.5,0.01,0.005,0.005,0.001474,0.000217,0.01,24.0,125.328889,4.615022,0.0,0.0,0.0,0,1
0x38fd2f52f5c25ad790bd18b960c02bc946bc8271cd001f4a0fe337ada96dc7f8,sports,1777680016,1778109600,0.495,0.0,-0.005,0.0,0.001474,0.0,0.01,24.0,119.328889,4.615022,0.0,0.005,0.0,0,1
0x38fd2f52f5c25ad790bd18b960c02bc946bc8271cd001f4a0fe337ada96dc7f8,sports,1777701616,1778109600,0.495,0.0,0.0,0.0,0.001508,0.0,0.01,23.0,113.328889,4.615022,0.0,0.005,0.0,0,1
0x38fd2f52f5c25ad790bd18b960c02bc946bc8271cd001f4a0fe337ada96dc7f8,sports,1777723216,1778109600,0.495,0.005,0.0,0.0,0.001833,0.0,0.01,23.0,107.328889,4.615022,0.0,0.005,0.0,0,1
0x38fd2f52f5c25ad790bd18b960c02bc946bc8271cd001f4a0fe337ada96dc7f8,sports,1777744816,1778109600,0.495,0.0,0.0,-0.005,0.002085,0.0,0.01,23.0,101.328889,4.615022,0.0,0.005,0.0,1,1
0x38fd2f52f5c25ad790bd18b960c02bc946bc8271cd001f4a0fe337ada96dc7f8,sports,1777766416,1778109600,0.5,0.0,0.005,0.005,0.00304,0.000217,0.01,24.0,95.328889,4.615022,0.0,0.0,0.0,1,1
0x38fd2f52f5c25ad790bd18b960c02bc946bc8271cd001f4a0fe337ada96dc7f8,sports,1777788016,1778109600,0.5,0.0,0.0,0.005,0.003269,0.000217,0.01,24.0,89.328889,4.615022,0.0,0.0,0.0,1,1
0x38fd2f52f5c25ad790bd18b960c02bc946bc8271cd001f4a0fe337ada96dc7f8,sports,1777809616,1778109600,0.5,0.0,0.0,0.005,0.00275,0.000217,0.01,24.0,83.328889,4.615022,0.0,0.0,0.0,1,1
0x38fd2f52f5c25ad790bd18b960c02bc946bc8271cd001f4a0fe337ada96dc7f8,sports,1777831216,1778109600,0.22,-0.28,-0.28,-0.275,0.057028,-0.012174,0.28,24.0,77.328889,4.615022,0.0,0.28,0.0,1,1
0x38fd2f52f5c25ad790bd18b960c02bc946bc8271cd001f4a0fe337ada96dc7f8,sports,1777852816,1778109600,0.12,0.0,-0.1,-0.38,0.170982,-0.016304,0.385,24.0,71.328889,4.615022,0.0,0.38,0.0,1,1
0x38fd2f52f5c25ad790bd18b960c02bc946bc8271cd001f4a0fe337ada96dc7f8,sports,1777874416,1778109600,0.115,0.0,-0.005,-0.385,0.191169,-0.016739,0.385,24.0,65.328889,4.615022,0.0,0.385,0.0,1,1
0x38fd2f52f5c25ad790bd18b960c02bc946bc8271cd001f4a0fe337ada96dc7f8,sports,1777896016,1778109600,0.12,0.0,0.005,-0.38,0.157252,-0.016522,0.385,24.0,59.328889,4.615022,0.0,0.38,0.0,1,1
0x38fd2f52f5c25ad790bd18b960c02bc946bc8271cd001f4a0fe337ada96dc7f8,sports,1777917616,1778109600,0.275,0.0,0.155,0.055,0.044058,0.006739,0.16,24.0,53.328889,4.615022,0.0,0.225,0.0,0,1
0x38fd2f52f5c25ad790bd18b960c02bc946bc8271cd001f4a0fe337ada96dc7f8,sports,1777939216,1778109600,0.275,0.0,0.0,0.155,0.073383,0.007045,0.16,23.0,47.328889,4.615022,0.0,0.225,0.0,0,1
0x38fd2f52f5c25ad790bd18b960c02bc946bc8271cd001f4a0fe337ada96dc7f8,sports,1777960816,1778109600,0.275,0.0,0.0,0.16,0.078636,0.007045,0.16,23.0,41.328889,4.615022,0.0,0.225,0.0,0,1
0x38fd2f52f5c25ad790bd18b960c02bc946bc8271cd001f4a0fe337ada96dc7f8,sports,1777982416,1778109600,0.275,0.0,0.0,0.155,0.058746,0.006739,0.155,24.0,35.328889,4.615022,0.0,0.225,0.0,0,1
0x38fd2f52f5c25ad790bd18b960c02bc946bc8271cd001f4a0fe337ada96dc7f8,sports,1778004016,1778109600,0.275,0.0,0.0,0.0,0.001689,0.0,0.005,24.0,29.328889,4.615022,0.0,0.225,0.0,1,1
0x73a635d936e3b4bd537d7d43f4f14e82a2cadf273a933d8dfca0559ad7544b04,sports,1777636814,1777752000,0.215,0.0,0.0,0.0,0.0,0.0,0.0,25.0,31.996111,4.615022,0.0,0.285,0.0,0,0
0x73a635d936e3b4bd537d7d43f4f14e82a2cadf273a933d8dfca0559ad7544b04,sports,1777658414,1777752000,0.215,0.0,0.0,0.0,0.0,0.0,0.0,24.0,25.996111,4.615022,0.0,0.285,0.0,1,0
0xdbb08111559bcc0cfddd07dca2b2e9886234c5c3533c8be74f9cc0fb9046bdf8,other,1777636804,1777813200,0.295,0.0,-0.01,-0.195,0.090889,-0.008478,0.195,24.0,48.998889,4.615022,0.0,0.205,0.0,0,0
0xdbb08111559bcc0cfddd07dca2b2e9886234c5c3533c8be74f9cc0fb9046bdf8,other,1777658404,1777813200,0.295,0.0,0.0,-0.19,0.087414,-0.00087,0.2,24.0,42.998889,4.615022,0.0,0.205,0.0,0,0
0xdbb08111559bcc0cfddd07dca2b2e9886234c5c3533c8be74f9cc0fb9046bdf8,other,1777680004,1777813200,0.395,0.0,0.1,-0.09,0.068183,-0.003913,0.195,24.0,36.998889,4.615022,0.0,0.105,0.0,1,0
0xdbb08111559bcc0cfddd07dca2b2e9886234c5c3533c8be74f9cc0fb9046bdf8,other,1777701604,1777813200,0.265,-0.005,-0.13,-0.04,0.041363,-0.001739,0.13,24.0,30.998889,4.615022,0.0,0.235,0.0,0,0
0xdbb08111559bcc0cfddd07dca2b2e9886234c5c3533c8be74f9cc0fb9046bdf8,other,1777723204,1777813200,0.27,-0.015,0.005,-0.025,0.043451,-0.001087,0.13,24.0,24.998889,4.615022,0.0,0.23,0.0,0,0
0x6a9698c1fd6e4f06ea01b59c34dffa4cc1dc460000c613dec21cde667173f779,other,1778659210,1778938200,0.155,0.0,0.0,-0.345,0.151751,-0.015,0.345,24.0,77.497222,4.615022,0.0,0.345,0.0,0,1
0x6a9698c1fd6e4f06ea01b59c34dffa4cc1dc460000c613dec21cde667173f779,other,1778680810,1778938200,0.15,0.0,-0.005,-0.01,0.002322,-0.000217,0.005,24.0,71.497222,4.615022,0.0,0.35,0.0,0,1
0x6a9698c1fd6e4f06ea01b59c34dffa4cc1dc460000c613dec21cde667173f779,other,1778702410,1778938200,0.15,0.0,0.0,-0.005,0.002554,-0.000217,0.005,24.0,65.497222,4.615022,0.0,0.35,0.0,0,1
0x6a9698c1fd6e4f06ea01b59c34dffa4cc1dc460000c613dec21cde667173f779,other,1778724010,1778938200,0.15,0.0,0.0,-0.005,0.002212,-0.000217,0.005,24.0,59.497222,4.615022,0.0,0.35,0.0,0,1
0x6a9698c1fd6e4f06ea01b59c34dffa4cc1dc460000c613dec21cde667173f779,other,1778745610,1778938200,0.14,-0.005,-0.01,-0.015,0.002614,-0.000417,0.01,25.0,53.497222,4.615022,0.0,0.36,0.0,0,1
0x6a9698c1fd6e4f06ea01b59c34dffa4cc1dc460000c613dec21cde667173f779,other,1778767210,1778938200,0.145,0.0,0.005,-0.005,0.0065,-0.000208,0.03,25.0,47.497222,4.615022,0.0,0.355,0.0,0,1
0x6a9698c1fd6e4f06ea01b59c34dffa4cc1dc460000c613dec21cde667173f779,other,1778788810,1778938200,0.145,0.0,0.0,-0.005,0.008694,-0.000208,0.035,25.0,41.497222,4.615022,0.0,0.355,0.0,0,1
0x6a9698c1fd6e4f06ea01b59c34dffa4cc1dc460000c613dec21cde667173f779,other,1778810410,1778938200,0.145,0.0,0.0,-0.005,0.008052,-0.000208,0.035,25.0,35.497222,4.615022,0.0,0.355,0.0,0,1
0x6a9698c1fd6e4f06ea01b59c34dffa4cc1dc460000c613dec21cde667173f779,other,1778832010,1778938200,0.145,0.0,0.0,0.005,0.007937,0.000217,0.035,24.0,29.497222,4.615022,0.0,0.355,0.0,0,1
0xdda577435353362dca45cbd204cd9656f7ade4665650655d015d7f9298760132,sports,1777636804,1777809600,0.5,0.0,0.0,0.0,0.0,0.0,0.0,24.0,47.998889,4.615022,0.0,0.0,0.0,0,1
0xdda577435353362dca45cbd204cd9656f7ade4665650655d015d7f9298760132,sports,1777658404,1777809600,0.5,0.0,0.0,0.0,0.0,0.0,0.0,24.0,41.998889,4.615022,0.0,0.0,0.0,0,1
0xdda577435353362dca45cbd204cd9656f7ade4665650655d015d7f9298760132,sports,1777680004,1777809600,0.5,0.0,0.0,0.0,0.0,0.0,0.0,24.0,35.998889,4.615022,0.0,0.0,0.0,0,1
0xdda577435353362dca45cbd204cd9656f7ade4665650655d015d7f9298760132,sports,1777701604,1777809600,0.5,0.0,0.0,0.0,0.0,0.0,0.0,24.0,29.998889,4.615022,0.0,0.0,0.0,0,1
0xcf7770b1f143f89f9cabf715972d05e44188eec853aa26076f0756ed0e8bb4cf,sports,1779807609,1780171200,0.5,0.0,0.0,0.0,0.001021,0.0,0.005,24.0,100.9975,2.397832,0.0,0.0,0.0,0,0
0xcf7770b1f143f89f9cabf715972d05e44188eec853aa26076f0756ed0e8bb4cf,sports,1779946204,1780171200,0.27,0.005,0.01,-0.23,0.116949,-0.01,0.245,24.0,62.498889,2.397832,0.0,0.23,0.0,0,0
0xcf7770b1f143f89f9cabf715972d05e44188eec853aa26076f0756ed0e8bb4cf,sports,1780084800,1780171200,0.26,0.0,-0.015,-0.01,0.007878,-0.000682,0.02,23.0,24.0,2.397832,0.0,0.24,0.0,1,0
0xda1d75fe49a708e72dbff3769990d233f7cdf20d28f9af4aebdfda635e0e6048,sports,1778518827,1778936400,0.495,0.0,-0.005,-0.005,0.001871,-0.000208,0.005,25.0,115.9925,4.615022,0.0,0.005,0.0,0,0
0xda1d75fe49a708e72dbff3769990d233f7cdf20d28f9af4aebdfda635e0e6048,sports,1778684413,1778936400,0.445,0.0,0.0,-0.05,0.022449,-0.002273,0.05,23.0,69.996389,4.615022,0.0,0.055,0.0,0,0
0xda1d75fe49a708e72dbff3769990d233f7cdf20d28f9af4aebdfda635e0e6048,sports,1778850000,1778936400,0.41,0.0,0.0,-0.005,0.00275,-0.000217,0.01,24.0,24.0,4.615022,0.0,0.09,0.0,1,0
0x2cd4be96c17153d271e3c3909e66a49616712c3230eb10080ecd2c0b1f84c2a8,sports,1778904006,1779195600,0.5,0.0,0.0,0.0,0.001043,0.0,0.005,23.0,80.998333,4.615022,0.0,0.0,0.0,1,0
0x2cd4be96c17153d271e3c3909e66a49616712c3230eb10080ecd2c0b1f84c2a8,sports,1779006603,1779195600,0.27,0.0,0.0,-0.23,0.046949,-0.01,0.23,24.0,52.499167,4.615022,0.0,0.23,0.0,0,0
0x2cd4be96c17153d271e3c3909e66a49616712c3230eb10080ecd2c0b1f84c2a8,sports,1779109200,1779195600,0.245,0.005,0.025,-0.025,0.016528,-0.001087,0.055,24.0,24.0,4.615022,0.0,0.255,0.0,1,0
0xa0abced62641786e8714ab9541f4273f4f120b1a03f86a032e30a0473f93d7e9,other,1777618807,1777833900,0.18,-0.045,-0.055,-0.31,0.135044,-0.012917,0.315,25.0,59.748056,4.615022,0.0,0.32,0.0,0,1
0xa0abced62641786e8714ab9541f4273f4f120b1a03f86a032e30a0473f93d7e9,other,1777683153,1777833900,0.185,-0.045,-0.045,-0.05,0.023061,-0.001818,0.055,23.0,41.874167,4.615022,0.0,0.315,0.0,1,1
0xa0abced62641786e8714ab9541f4273f4f120b1a03f86a032e30a0473f93d7e9,other,1777747500,1777833900,0.245,0.055,0.055,0.015,0.024331,0.002727,0.065,23.0,24.0,4.615022,0.0,0.255,0.0,1,1
0x8029309016f1e14b28dbeb348cac412f5308bb3edd36f6872102dc0a7cf8b622,sports,1778281220,1778532300,0.465,0.0,0.0,-0.035,0.016912,-0.001458,0.04,25.0,69.744444,4.615022,0.0,0.035,0.0,0,0
0x8029309016f1e14b28dbeb348cac412f5308bb3edd36f6872102dc0a7cf8b622,sports,1778363560,1778532300,0.485,0.0,0.02,0.02,0.007614,0.00087,0.02,24.0,46.872222,4.615022,0.0,0.015,0.0,0,0
0x8029309016f1e14b28dbeb348cac412f5308bb3edd36f6872102dc0a7cf8b622,sports,1778445900,1778532300,0.47,0.0,0.005,-0.015,0.009647,-0.000652,0.025,24.0,24.0,4.615022,0.0,0.03,0.0,1,0
0xee912f45ad92d90f72a4f5f6bf8fa941f313837d594bc47d0fcb2f90773821a5,sports,1777618807,1777765800,0.21,0.0,0.0,0.0,0.0,0.0,0.0,25.0,40.831389,4.615022,0.0,0.29,0.0,0,0
0xee912f45ad92d90f72a4f5f6bf8fa941f313837d594bc47d0fcb2f90773821a5,sports,1777649103,1777765800,0.21,0.0,0.0,0.0,0.0,0.0,0.0,24.0,32.415833,4.615022,0.0,0.29,0.0,0,0
0xee912f45ad92d90f72a4f5f6bf8fa941f313837d594bc47d0fcb2f90773821a5,sports,1777679400,1777765800,0.21,0.0,0.0,0.0,0.0,0.0,0.0,23.0,24.0,4.615022,0.0,0.29,0.0,1,0
0x2aa960f99b70ccee37218b30ac30b4abcc60ed42cc646cea7ba276f1b89cbfce,sports,1777802404,1778014800,0.21,0.0,0.005,-0.29,0.141463,-0.012609,0.295,24.0,58.998889,4.615022,0.0,0.29,0.0,1,1
0x2aa960f99b70ccee37218b30ac30b4abcc60ed42cc646cea7ba276f1b89cbfce,sports,1777865402,1778014800,0.11,0.0,0.0,-0.095,0.047822,-0.00413,0.1,24.0,41.499444,4.615022,0.0,0.39,0.0,1,1
0x2aa960f99b70ccee37218b30ac30b4abcc60ed42cc646cea7ba276f1b89cbfce,sports,1777928400,1778014800,0.28,0.0,0.17,0.17,0.064248,0.007391,0.17,24.0,24.0,4.615022,0.0,0.22,0.0,1,1
0x2b659f957f6972c6d19171d5841b3c3fdd906b1e3ef544205e96ed1cb3186099,sports,1777806006,1778014800,0.65,0.0,0.0,0.15,0.069984,0.006522,0.155,24.0,57.998333,4.615022,0.0,0.15,0.0,1,1
0x2b659f957f6972c6d19171d5841b3c3fdd906b1e3ef544205e96ed1cb3186099,sports,1777867203,1778014800,0.73,0.0,-0.005,0.08,0.041173,0.003478,0.085,24.0,40.999167,4.615022,0.0,0.23,0.0,1,1
0x2b659f957f6972c6d19171d5841b3c3fdd906b1e3ef544205e96ed1cb3186099,sports,1777928400,1778014800,0.665,0.0,-0.065,-0.065,0.025609,-0.003043,0.07,24.0,24.0,4.615022,0.0,0.165,0.0,1,1
0x10f7cbc8660134423e070c01f2eee6f734af3d37e611026d410fb0acd616da30,sports,1777802404,1778101200,0.5,0.0,0.0,0.0,0.002408,0.0,0.005,24.0,82.998889,4.615022,0.0,0.0,0.0,1,0
0x10f7cbc8660134423e070c01f2eee6f734af3d37e611026d410fb0acd616da30,sports,1777908602,1778101200,0.195,0.0,0.0,-0.305,0.086319,-0.013261,0.31,24.0,53.499444,4.615022,0.0,0.305,0.0,1,0
0x10f7cbc8660134423e070c01f2eee6f734af3d37e611026d410fb0acd616da30,sports,1778014800,1778101200,0.27,0.0,0.0,0.0,0.0,0.0,0.0,24.0,24.0,4.615022,0.0,0.23,0.0,1,0
0x0b2771d8ac6373544266bb045e17440edb1b48fc9ad52c377e185af0e4bc77f8,sports,1777618807,1777765800,0.205,0.0,0.0,0.0,0.0,0.0,0.0,25.0,40.831389,4.615022,0.0,0.295,0.0,0,0
0x0b2771d8ac6373544266bb045e17440edb1b48fc9ad52c377e185af0e4bc77f8,sports,1777649103,1777765800,0.205,0.0,0.0,0.0,0.0,0.0,0.0,24.0,32.415833,4.615022,0.0,0.295,0.0,0,0
0x0b2771d8ac6373544266bb045e17440edb1b48fc9ad52c377e185af0e4bc77f8,sports,1777679400,1777765800,0.205,0.0,0.0,0.0,0.0,0.0,0.0,23.0,24.0,4.615022,0.0,0.295,0.0,1,0
0x3f58102b743936748fdd94d581b0cacb60aadbfff78f318348565f20074ebf77,sports,1777618807,1778076000,0.495,0.0,0.0,-0.005,0.0025,-0.000208,0.015,25.0,126.998056,4.615022,0.0,0.005,0.0,0,1
0x3f58102b743936748fdd94d581b0cacb60aadbfff78f318348565f20074ebf77,sports,1777804203,1778076000,0.445,-0.055,-0.055,-0.05,0.011178,-0.002174,0.055,24.0,75.499167,4.615022,0.0,0.055,0.0,0,1
0x3f58102b743936748fdd94d581b0cacb60aadbfff78f318348565f20074ebf77,sports,1777989600,1778076000,0.435,0.005,0.0,-0.01,0.004165,-0.000217,0.015,24.0,24.0,4.615022,0.0,0.065,0.0,1,1
0x027f8a0f5c1f525464e5c55d45c79a74ed28fef6e2da8ab44c5fce5b763d769b,sports,1777618804,1777723200,0.505,0.0,0.0,0.0,0.001384,0.0,0.005,25.0,28.998889,4.615022,0.0,0.005,0.0,0,0
0x027f8a0f5c1f525464e5c55d45c79a74ed28fef6e2da8ab44c5fce5b763d769b,sports,1777627802,1777723200,0.505,0.0,0.0,0.0,0.001412,0.0,0.005,24.0,26.499444,4.615022,0.0,0.005,0.0,0,0
0x027f8a0f5c1f525464e5c55d45c79a74ed28fef6e2da8ab44c5fce5b763d769b,sports,1777636800,1777723200,0.505,0.0,0.0,0.0,0.001412,0.0,0.005,24.0,24.0,4.615022,0.0,0.005,0.0,0,0
0x541083f1849987649470836eb762e76c2948a01eacf67d2491f22d6f8a2a68ac,sports,1778400008,1778956500,0.495,0.0,0.0,-0.005,0.00238,-0.000208,0.005,25.0,154.581111,4.615022,0.0,0.005,0.0,0,1
0x541083f1849987649470836eb762e76c2948a01eacf67d2491f22d6f8a2a68ac,sports,1778635054,1778956500,0.5,0.0,0.0,0.0,0.0,0.0,0.0,24.0,89.290556,4.615022,0.0,0.0,0.0,1,1
0x541083f1849987649470836eb762e76c2948a01eacf67d2491f22d6f8a2a68ac,sports,1778870100,1778956500,0.25,-0.02,-0.02,0.0,0.01102,-0.000455,0.03,23.0,24.0,4.615022,0.0,0.25,0.0,1,1
0x685237fb7d382eeb1dbe9518022599cd942d8b067dc2db1183a372116560ec34,other,1777618809,1777780799,0.535,0.0,0.005,-0.01,0.020514,-0.000417,0.08,25.0,44.997222,4.615022,0.0,0.035,0.0,0,1
0x685237fb7d382eeb1dbe9518022599cd942d8b067dc2db1183a372116560ec34,other,1777656604,1777780799,0.605,0.0,0.01,0.075,0.030627,0.003478,0.08,24.0,34.498611,4.615022,0.0,0.105,0.0,1,1
0x685237fb7d382eeb1dbe9518022599cd942d8b067dc2db1183a372116560ec34,other,1777694399,1777780799,0.5,0.0,-0.04,-0.035,0.035749,-0.001591,0.105,23.0,24.0,4.615022,0.0,0.0,0.0,1,1
0x3c58e45e5f65030ad7a936def2d55e145b685bd3a618e4acb289ecbb9866d404,sports,1777874405,1778576400,0.5,0.0,0.0,0.0,0.0,0.0,0.0,24.0,194.998611,4.615022,0.0,0.0,0.0,0,0
0x62fd174ea3526d123a972e9fcc117d8818c7a616688728109ddf8ee7f7c35be1,sports,1779991207,1780650000,0.39,0.0,0.0,-0.11,0.063685,-0.004783,0.155,24.0,182.998056,4.615022,0.0,0.11,0.0,0,0
0xbde83969d65c237fb6da73aefc59717e8137a5ea138b9b63623cd7e7980b98de,sports,1777618809,1777723200,0.5,0.0,0.0,0.0,0.0,0.0,0.0,25.0,28.9975,4.615022,0.0,0.0,0.0,0,1
0xbde83969d65c237fb6da73aefc59717e8137a5ea138b9b63623cd7e7980b98de,sports,1777627804,1777723200,0.5,0.0,0.0,0.0,0.0,0.0,0.0,24.0,26.498889,4.615022,0.0,0.0,0.0,0,1
0xbde83969d65c237fb6da73aefc59717e8137a5ea138b9b63623cd7e7980b98de,sports,1777636800,1777723200,0.5,0.0,0.0,0.0,0.0,0.0,0.0,24.0,24.0,4.615022,0.0,0.0,0.0,1,1
0x7839508c550e398bcb52169d7829e3dfd0345e695c512040aebdcc3b539508b1,sports,1778115609,1779120000,0.49,-0.005,-0.005,-0.01,0.003227,-0.000417,0.01,25.0,278.9975,4.615022,0.0,0.01,0.0,0,0
0x7839508c550e398bcb52169d7829e3dfd0345e695c512040aebdcc3b539508b1,sports,1778574604,1779120000,0.5,0.0,0.0,0.0,0.0,0.0,0.0,24.0,151.498889,4.615022,0.0,0.0,0.0,0,0
0x7839508c550e398bcb52169d7829e3dfd0345e695c512040aebdcc3b539508b1,sports,1779033600,1779120000,0.27,0.0,0.01,0.0,0.009891,0.0,0.03,24.0,24.0,4.615022,0.0,0.23,0.0,1,0
0x810f9fdbdf67509c98ca452171850b1270d03fbb2f035138aba90f2dd4d5eec7,sports,1778454015,1779094800,0.495,0.0,0.0,-0.005,0.002179,-0.000208,0.005,25.0,177.995833,4.615022,0.0,0.005,0.0,1,1
0x78b599421edc6d38f9a10fddbf237add7a72b719e6d07de8ef05e8d15ac47651,sports,1780005608,1780160400,0.505,-0.015,-0.01,0.0,0.005836,0.0,0.02,24.0,42.997778,4.615022,0.0,0.005,0.0,0,0
0x78b599421edc6d38f9a10fddbf237add7a72b719e6d07de8ef05e8d15ac47651,sports,1780039804,1780160400,0.51,-0.01,-0.01,0.005,0.006252,0.000217,0.02,24.0,33.498889,4.615022,0.0,0.01,0.0,0,0
0x78b599421edc6d38f9a10fddbf237add7a72b719e6d07de8ef05e8d15ac47651,sports,1780074000,1780160400,0.51,-0.005,-0.005,-0.005,0.005288,-0.000455,0.015,23.0,24.0,4.615022,0.0,0.01,0.0,1,0
0xd2eef3a52e8c2c1c9053cfd8107e00903019cb3f09d7f3ef56c6f2615574bc30,other,1778090403,1778659200,0.665,0.0,0.0,-0.14,0.075783,-0.006087,0.18,24.0,157.999167,4.615022,0.0,0.165,0.0,1,1
0xabfde64c47dcf839556f6729e18f3123e10aa6ea9c55ed3e68299c6787a216de,sports,1777618809,1777765800,0.2,0.0,0.005,0.0,0.002533,0.0,0.005,25.0,40.830833,4.615022,0.0,0.3,0.0,0,0
0xabfde64c47dcf839556f6729e18f3123e10aa6ea9c55ed3e68299c6787a216de,sports,1777649104,1777765800,0.2,0.0,0.0,0.0,0.002545,0.0,0.005,24.0,32.415556,4.615022,0.0,0.3,0.0,0,0
0xabfde64c47dcf839556f6729e18f3123e10aa6ea9c55ed3e68299c6787a216de,sports,1777679400,1777765800,0.2,0.0,0.0,0.005,0.001938,0.000227,0.005,23.0,24.0,4.615022,0.0,0.3,0.0,1,0
0x1b2ae8f24c71c828c0cf1ecff8f67b600d8512567e2033b98389a3982bf6f42c,sports,1777618809,1778043600,0.52,0.0,0.0,0.005,0.0025,0.000208,0.005,25.0,117.9975,4.615022,0.0,0.02,0.0,0,1
0x1b2ae8f24c71c828c0cf1ecff8f67b600d8512567e2033b98389a3982bf6f42c,sports,1777788004,1778043600,0.51,0.0,0.0,0.0,0.003122,0.0,0.015,25.0,70.998889,4.615022,0.0,0.01,0.0,0,1
0x1b2ae8f24c71c828c0cf1ecff8f67b600d8512567e2033b98389a3982bf6f42c,sports,1777957200,1778043600,0.515,0.0,0.0,0.015,0.006594,0.000652,0.035,24.0,24.0,4.615022,0.0,0.015,0.0,0,1
0x554a49504bf3fb8b67d9bd1efdda8e6c4eeca7f631ee36aa3d3f40977eff1feb,sports,1778619610,1778944500,0.5,0.0,0.0,0.0,0.001384,0.0,0.005,25.0,90.247222,4.615022,0.0,0.0,0.0,1,1
0x554a49504bf3fb8b67d9bd1efdda8e6c4eeca7f631ee36aa3d3f40977eff1feb,sports,1778738855,1778944500,0.675,0.0,0.0,0.175,0.059121,0.007609,0.175,24.0,57.123611,4.615022,0.0,0.175,0.0,0,1
0x554a49504bf3fb8b67d9bd1efdda8e6c4eeca7f631ee36aa3d3f40977eff1feb,sports,1778858100,1778944500,0.645,0.0,-0.01,-0.01,0.010729,0.0,0.03,23.0,24.0,4.615022,0.0,0.145,0.0,1,1
0x13bfe7b516598b1ce8a383c26ef30c56e9c0fed47ed50f58bb3db9afd97686d7,sports,1777618807,1777723200,0.5,0.0,0.0,0.0,0.001384,0.0,0.005,25.0,28.998056,4.615022,0.0,0.0,0.0,0,0
0x13bfe7b516598b1ce8a383c26ef30c56e9c0fed47ed50f58bb3db9afd97686d7,sports,1777627803,1777723200,0.5,0.0,0.0,0.0,0.001412,0.0,0.005,24.0,26.499167,4.615022,0.0,0.0,0.0,0,0
0x13bfe7b516598b1ce8a383c26ef30c56e9c0fed47ed50f58bb3db9afd97686d7,sports,1777636800,1777723200,0.5,0.0,0.0,0.0,0.001412,0.0,0.005,24.0,24.0,4.615022,0.0,0.0,0.0,1,0
0x5036ce74c2fe8dd7eb2e2076fe6574ba6bb7fc14ef161f13edec9dce7cbcd652,sports,1777654811,1778792400,0.5,0.0,0.0,0.0,0.0,0.0,0.0,25.0,315.996944,4.615022,0.0,0.0,0.0,0,0
0x5036ce74c2fe8dd7eb2e2076fe6574ba6bb7fc14ef161f13edec9dce7cbcd652,sports,1778180405,1778792400,0.51,0.0,0.01,0.01,0.003452,0.000417,0.01,25.0,169.998611,4.615022,0.0,0.01,0.0,0,0
0x5036ce74c2fe8dd7eb2e2076fe6574ba6bb7fc14ef161f13edec9dce7cbcd652,sports,1778706000,1778792400,0.5,0.0,0.0,0.0,0.0,0.0,0.0,24.0,24.0,4.615022,0.0,0.0,0.0,1,0
0x583642f4cd9c1273f88a389704a86cba0ece730da6bbe55b01df156f034dbea9,sports,1777874404,1778590800,0.25,-0.285,-0.285,-0.25,0.060908,-0.01087,0.35,24.0,198.998889,4.615022,0.0,0.25,0.0,1,0
0x4917de9f4d42d4b65088444d36f984bb8fad8bf3cad783bcc233a57cbace422c,sports,1777618807,1778785200,0.495,0.0,0.0,-0.005,0.002887,-0.000208,0.01,25.0,323.998056,4.615022,0.0,0.005,0.0,0,0
0x4917de9f4d42d4b65088444d36f984bb8fad8bf3cad783bcc233a57cbace422c,sports,1778158803,1778785200,0.5,0.0,0.0,0.0,0.0,0.0,0.0,24.0,173.999167,4.615022,0.0,0.0,0.0,0,0
0x4917de9f4d42d4b65088444d36f984bb8fad8bf3cad783bcc233a57cbace422c,sports,1778698800,1778785200,0.5,0.0,0.0,0.0,0.0,0.0,0.0,24.0,24.0,4.615022,0.0,0.0,0.0,0,0
0x01f709b6941e7266696fbcfaaa0a635dd9b5b154d06dfab32c100702c5574f10,other,1778000407,1778371200,0.145,0.0,-0.355,-0.36,0.101435,-0.015652,0.365,24.0,102.998056,4.615022,0.0,0.355,0.0,1,0
0x01f709b6941e7266696fbcfaaa0a635dd9b5b154d06dfab32c100702c5574f10,other,1778142603,1778371200,0.145,0.005,0.005,-0.01,0.042279,-0.000217,0.18,24.0,63.499167,4.615022,0.0,0.355,0.0,1,0
0x01f709b6941e7266696fbcfaaa0a635dd9b5b154d06dfab32c100702c5574f10,other,1778284800,1778371200,0.495,0.01,-0.005,0.44,0.216508,0.01913,0.455,24.0,24.0,4.615022,0.0,0.005,0.0,1,0
0x99d2b6ee7e1a100010e7d43a44651f52c66d7d020855169838408ba5904cbc60,sports,1778684406,1778869800,0.265,-0.005,-0.005,-0.005,0.00329,-0.000217,0.01,24.0,51.498333,4.615022,0.0,0.235,0.0,0,0
0x99d2b6ee7e1a100010e7d43a44651f52c66d7d020855169838408ba5904cbc60,sports,1778733903,1778869800,0.265,0.0,0.0,-0.005,0.002473,-0.000217,0.005,24.0,37.749167,4.615022,0.0,0.235,0.0,0,0
0x99d2b6ee7e1a100010e7d43a44651f52c66d7d020855169838408ba5904cbc60,sports,1778783400,1778869800,0.265,0.0,-0.005,0.0,0.001689,0.0,0.005,24.0,24.0,4.615022,0.0,0.235,0.0,1,0
0x34a5b0b0b462b25f54a93646c2cb1d0a620372b7ae0bd0a0f96aac0e3ec406a2,sports,1777618811,1777842900,0.745,0.0,0.0,0.25,0.125814,0.010417,0.255,25.0,62.246944,4.615022,0.0,0.245,0.0,0,1
0x34a5b0b0b462b25f54a93646c2cb1d0a620372b7ae0bd0a0f96aac0e3ec406a2,sports,1777687655,1777842900,0.745,0.0,0.0,0.0,0.0,0.0,0.0,23.0,43.123611,4.615022,0.0,0.245,0.0,0,1
0x34a5b0b0b462b25f54a93646c2cb1d0a620372b7ae0bd0a0f96aac0e3ec406a2,sports,1777756500,1777842900,0.745,0.0,0.0,0.0,0.0,0.0,0.0,24.0,24.0,4.615022,0.0,0.245,0.0,1,1
0xacac34aeb84a568ec2fc85c7cc86663750e9a32706c66789ea4a026e2c022ab2,other,1777874403,1778590800,0.165,-0.335,-0.335,-0.335,0.069062,-0.014565,0.345,24.0,198.999167,4.615022,0.0,0.335,0.0,1,0
0xb605ccb500ba3235c538a4e8e4b8aa4ce153066ef7aabd0b4a3f881dfa94f38c,sports,1778619604,1778954400,0.5,0.0,0.0,0.0,0.0,0.0,0.0,25.0,92.998889,4.615022,0.0,0.0,0.0,1,0
0xb605ccb500ba3235c538a4e8e4b8aa4ce153066ef7aabd0b4a3f881dfa94f38c,sports,1778743802,1778954400,0.27,0.0,0.0,-0.23,0.08756,-0.01,0.23,24.0,58.499444,4.615022,0.0,0.23,0.0,0,0
0xb605ccb500ba3235c538a4e8e4b8aa4ce153066ef7aabd0b4a3f881dfa94f38c,sports,1778868000,1778954400,0.27,0.005,0.005,0.005,0.001043,0.000227,0.005,23.0,24.0,4.615022,0.0,0.23,0.0,1,0
0x79a0aeec4a3538a7ff5e48d905d045c0f8329949bd3cbd4841cd3b5369d4f921,sports,1777618812,1777765800,0.5,0.0,0.0,0.0,0.0,0.0,0.0,25.0,40.83,4.615022,0.0,0.0,0.0,0,0
0x79a0aeec4a3538a7ff5e48d905d045c0f8329949bd3cbd4841cd3b5369d4f921,sports,1777649106,1777765800,0.5,0.0,0.0,0.0,0.0,0.0,0.0,24.0,32.415,4.615022,0.0,0.0,0.0,0,0
0x79a0aeec4a3538a7ff5e48d905d045c0f8329949bd3cbd4841cd3b5369d4f921,sports,1777679400,1777765800,0.5,0.0,0.0,0.0,0.0,0.0,0.0,23.0,24.0,4.615022,0.0,0.0,0.0,1,0
0x87e7ea407cecb5b639d03d26ce45d17936407e8439dd7d02ecf5f0e75436a1cf,sports,1777618812,1777834800,0.11,0.0,0.0,-0.385,0.177518,-0.016042,0.385,25.0,59.996667,4.615022,0.0,0.39,0.0,0,0
0x87e7ea407cecb5b639d03d26ce45d17936407e8439dd7d02ecf5f0e75436a1cf,sports,1777683606,1777834800,0.11,0.0,0.005,0.0,0.001689,0.0,0.005,24.0,41.998333,4.615022,0.0,0.39,0.0,0,0
0x87e7ea407cecb5b639d03d26ce45d17936407e8439dd7d02ecf5f0e75436a1cf,sports,1777748400,1777834800,0.115,0.0,0.0,0.01,0.002915,0.000455,0.01,23.0,24.0,4.615022,0.0,0.385,0.0,1,0
0x3ea3f602f196b98acaea7f6f84b5b13c95b39d70a5ca4185d07c88dbe1d229e0,sports,1777618812,1777744800,0.77,0.0,0.0,0.005,0.002041,0.000208,0.005,25.0,34.996667,4.615022,0.0,0.27,0.0,0,0
0x3ea3f602f196b98acaea7f6f84b5b13c95b39d70a5ca4185d07c88dbe1d229e0,sports,1777638606,1777744800,0.77,0.0,0.0,0.0,0.001689,0.0,0.005,24.0,29.498333,4.615022,0.0,0.27,0.0,1,0
0x3ea3f602f196b98acaea7f6f84b5b13c95b39d70a5ca4185d07c88dbe1d229e0,sports,1777658400,1777744800,0.77,0.0,0.0,0.005,0.001412,0.0,0.005,24.0,24.0,4.615022,0.0,0.27,0.0,1,0
0x2a1b07a41249d26adb9254ea8850c20a7ceb8b7f8a539a1e6a34ae4aa13a0508,other,1777618812,1777838400,0.31,0.0,0.0,-0.01,0.017022,-0.000417,0.07,25.0,60.996667,4.615022,0.0,0.19,0.0,1,0
0x2a1b07a41249d26adb9254ea8850c20a7ceb8b7f8a539a1e6a34ae4aa13a0508,other,1777685406,1777838400,0.16,0.0,-0.045,-0.15,0.066382,-0.006818,0.24,23.0,42.498333,4.615022,0.0,0.34,0.0,1,0
0x2a1b07a41249d26adb9254ea8850c20a7ceb8b7f8a539a1e6a34ae4aa13a0508,other,1777752000,1777838400,0.09,-0.005,-0.015,-0.115,0.069784,-0.014091,0.31,23.0,24.0,4.615022,0.0,0.41,0.0,0,0
0xb07991d81e57f8c81998a7807f550fc1b6a27429b77502b7dc9d7671083f29c9,sports,1777802407,1778014800,0.23,0.0,0.005,-0.27,0.130036,-0.011739,0.275,24.0,58.998056,4.615022,0.0,0.27,0.0,1,0
0xb07991d81e57f8c81998a7807f550fc1b6a27429b77502b7dc9d7671083f29c9,sports,1777865403,1778014800,0.13,0.0,0.005,-0.095,0.049508,-0.00413,0.105,24.0,41.499167,4.615022,0.0,0.37,0.0,1,0
0xb07991d81e57f8c81998a7807f550fc1b6a27429b77502b7dc9d7671083f29c9,sports,1777928400,1778014800,0.285,0.0,0.155,0.155,0.058848,0.006957,0.16,24.0,24.0,4.615022,0.0,0.215,0.0,1,0
0xbb62a5c535d2e46d48fcfda9eb2f284a5c923836efb39564ad2fa897ba174f54,sports,1777618809,1778785200,0.49,0.0,0.0,-0.01,0.003189,-0.000417,0.01,25.0,323.9975,4.615022,0.0,0.01,0.0,0,0
0xbb62a5c535d2e46d48fcfda9eb2f284a5c923836efb39564ad2fa897ba174f54,sports,1778158804,1778785200,0.5,0.0,0.0,0.0,0.0,0.0,0.0,25.0,173.998889,4.615022,0.0,0.0,0.0,0,0
0xbb62a5c535d2e46d48fcfda9eb2f284a5c923836efb39564ad2fa897ba174f54,sports,1778698800,1778785200,0.265,-0.01,0.005,-0.005,0.008427,-0.000217,0.03,24.0,24.0,4.615022,0.0,0.235,0.0,1,0
0xb5a0ac1487e3a4c904466e8a5d4e99f4c1ca7ae76fa405eee71af93905c4a6eb,other,1778108404,1778662800,0.5,0.005,0.0,0.005,0.001412,0.000217,0.005,24.0,153.998889,4.615022,0.0,0.0,0.0,1,0
0xc3478e685c9c5b75e1d4da91cbc120da3ffacf015a6b9e9cd19d7c6ce1d7128a,sports,1777618804,1778785200,0.49,0.0,0.0,-0.01,0.003227,-0.000417,0.01,25.0,323.998889,4.615022,0.0,0.01,0.0,0,0
0xc3478e685c9c5b75e1d4da91cbc120da3ffacf015a6b9e9cd19d7c6ce1d7128a,sports,1778158802,1778785200,0.5,0.0,0.0,0.0,0.001903,0.0,0.005,24.0,173.999444,4.615022,0.0,0.0,0.0,0,0
0xc3478e685c9c5b75e1d4da91cbc120da3ffacf015a6b9e9cd19d7c6ce1d7128a,sports,1778698800,1778785200,0.265,-0.01,0.005,-0.005,0.008427,-0.000217,0.03,24.0,24.0,4.615022,0.0,0.235,0.0,1,0
0xe8a4b9297ef8b290ad5021ac7ad81217d518cc381ec97df1a32ab4381ed61c4d,other,1777618807,1778896800,0.335,0.0,0.0,0.0,0.002041,0.0,0.01,25.0,354.998056,4.615022,0.0,0.165,0.0,0,0
0xe8a4b9297ef8b290ad5021ac7ad81217d518cc381ec97df1a32ab4381ed61c4d,other,1778214603,1778896800,0.28,-0.005,0.005,-0.005,0.007211,-0.000217,0.03,24.0,189.499167,4.615022,0.0,0.22,0.0,0,0
0xe8a4b9297ef8b290ad5021ac7ad81217d518cc381ec97df1a32ab4381ed61c4d,other,1778810400,1778896800,0.39,0.005,0.02,0.23,0.102657,0.01,0.235,24.0,24.0,4.615022,0.0,0.11,0.0,1,0
0xdacfe1f08addd901e5d6907b2071b13ceaed7c5b548f1e082c2879f252e467db,other,1778130006,1778418000,0.185,0.0,-0.02,-0.32,0.148451,-0.013333,0.32,25.0,79.998333,4.615022,0.0,0.315,0.0,0,0
0xdacfe1f08addd901e5d6907b2071b13ceaed7c5b548f1e082c2879f252e467db,other,1778230803,1778418000,0.205,0.01,0.005,0.02,0.004584,0.000652,0.015,24.0,51.999167,4.615022,0.0,0.295,0.0,0,0
0xdacfe1f08addd901e5d6907b2071b13ceaed7c5b548f1e082c2879f252e467db,other,1778331600,1778418000,0.165,-0.01,-0.02,-0.035,0.010715,-0.001522,0.045,24.0,24.0,4.615022,0.0,0.335,0.0,0,0
0xfe29e25a41aeadf5a7e6e1eea529ad9ca35e7cd85f15481e68b3c8f3c563011f,sports,1777618809,1777832400,0.5,0.0,0.0,0.0,0.001,0.0,0.005,25.0,59.330833,4.615022,0.0,0.0,0.0,0,1
0xfe29e25a41aeadf5a7e6e1eea529ad9ca35e7cd85f15481e68b3c8f3c563011f,sports,1777682404,1777832400,0.5,0.0,0.0,0.0,0.001043,0.0,0.005,23.0,41.665556,4.615022,0.0,0.0,0.0,0,1
0xfe29e25a41aeadf5a7e6e1eea529ad9ca35e7cd85f15481e68b3c8f3c563011f,sports,1777746000,1777832400,0.5,0.0,0.0,0.0,0.001043,0.000227,0.005,23.0,24.0,4.615022,0.0,0.0,0.0,1,1
0x5270f78d401d647e48110ed602e22ec45f1a62f43eaa441a19b0e1837ccbf97e,sports,1777618809,1777762500,0.735,0.0,0.0,0.01,0.002708,0.000417,0.01,25.0,39.914167,4.615022,0.0,0.235,0.0,0,1
0x5270f78d401d647e48110ed602e22ec45f1a62f43eaa441a19b0e1837ccbf97e,sports,1777647454,1777762500,0.735,0.0,0.0,0.0,0.001689,0.0,0.005,24.0,31.957222,4.615022,0.0,0.235,0.0,0,1
0x5270f78d401d647e48110ed602e22ec45f1a62f43eaa441a19b0e1837ccbf97e,sports,1777676100,1777762500,0.735,0.0,0.0,0.0,0.0,0.0,0.0,23.0,24.0,4.615022,0.0,0.235,0.0,1,1
0xb1f150b824e895b94f4594f032ecc90987379337f357f7379b67329a223fd674,sports,1778284812,1778919300,0.495,0.0,-0.01,-0.005,0.004584,-0.000217,0.015,24.0,176.246667,4.615022,0.0,0.005,0.0,1,1
0xc821baf48bdc06b4d691680ab3644535ec6985ac3439d01781d676f2f35a337d,sports,1777618807,1777765800,0.5,0.0,0.0,0.0,0.0,0.0,0.0,25.0,40.831389,4.615022,0.0,0.0,0.0,0,0
0xc821baf48bdc06b4d691680ab3644535ec6985ac3439d01781d676f2f35a337d,sports,1777649103,1777765800,0.5,0.0,0.0,0.0,0.0,0.0,0.0,24.0,32.415833,4.615022,0.0,0.0,0.0,0,0
0xc821baf48bdc06b4d691680ab3644535ec6985ac3439d01781d676f2f35a337d,sports,1777679400,1777765800,0.5,0.0,0.0,0.0,0.0,0.0,0.0,23.0,24.0,4.615022,0.0,0.0,0.0,1,0
0xa0fe0f07730b21622f8629520bedb2c3542a397633d465c528f7eda4dceb551a,other,1778004008,1778371200,0.465,0.405,-0.035,-0.03,0.145348,-0.00125,0.44,25.0,101.997778,4.615022,0.0,0.035,0.0,1,0
0xa0fe0f07730b21622f8629520bedb2c3542a397633d465c528f7eda4dceb551a,other,1778144404,1778371200,0.055,0.005,0.0,0.005,0.046509,0.000217,0.23,24.0,62.998889,4.615022,0.0,0.445,0.0,1,0
0xa0fe0f07730b21622f8629520bedb2c3542a397633d465c528f7eda4dceb551a,other,1778284800,1778371200,0.495,0.0,-0.005,0.44,0.181664,0.01913,0.445,24.0,24.0,4.615022,0.0,0.005,0.0,0,0
0x64492ca83cd3a815ac7d20764f109e1b083c3f338553e6bc23694c6eed1f2dff,other,1778000408,1778371200,0.09,0.0,0.025,-0.41,0.160766,-0.017826,0.435,24.0,102.997778,4.615022,0.0,0.41,0.0,0,0
0x64492ca83cd3a815ac7d20764f109e1b083c3f338553e6bc23694c6eed1f2dff,other,1778142604,1778371200,0.07,-0.01,-0.015,-0.015,0.030833,-0.000652,0.16,24.0,63.498889,4.615022,0.0,0.43,0.0,0,0
0x64492ca83cd3a815ac7d20764f109e1b083c3f338553e6bc23694c6eed1f2dff,other,1778284800,1778371200,0.5,0.0,0.03,0.325,0.194455,0.015435,0.405,24.0,24.0,4.615022,0.0,0.0,0.0,0,0
0xe3159b83f8e15349e924d6aca11b32168254f682dd5619ec8066969ba0ab2f55,other,1778641211,1778947200,0.5,0.0,0.0,0.0,0.004643,0.0,0.015,24.0,84.996944,4.615022,0.0,0.0,0.0,0,1
0xe3159b83f8e15349e924d6aca11b32168254f682dd5619ec8066969ba0ab2f55,other,1778751005,1778947200,0.495,0.0,0.0,-0.005,0.005413,-0.000217,0.02,24.0,54.498611,4.615022,0.0,0.005,0.0,1,1
0xe3159b83f8e15349e924d6aca11b32168254f682dd5619ec8066969ba0ab2f55,other,1778860800,1778947200,0.52,0.0,0.08,0.025,0.032847,0.001136,0.095,23.0,24.0,4.615022,0.0,0.02,0.0,1,1
0xb61194ef39a7f1753b2f673b90162eaa2cefe485c138fa95cb027616ede95967,sports,1777618809,1777748400,0.35,0.0,0.0,-0.055,0.02658,-0.002292,0.075,25.0,35.9975,4.615022,0.0,0.15,0.0,1,0
0xb61194ef39a7f1753b2f673b90162eaa2cefe485c138fa95cb027616ede95967,sports,1777640404,1777748400,0.24,0.005,-0.11,-0.11,0.042169,-0.004783,0.17,24.0,29.998889,4.615022,0.0,0.26,0.0,1,0
0xb61194ef39a7f1753b2f673b90162eaa2cefe485c138fa95cb027616ede95967,sports,1777662000,1777748400,0.245,0.0,0.005,-0.16,0.056741,-0.006957,0.17,24.0,24.0,4.615022,0.0,0.255,0.0,1,0
0xace90d720e18fe4323fec3f08e059e595fd386fad99e15093417251f53025201,other,1778000407,1778371200,0.1,0.0,0.0,-0.4,0.175007,-0.017391,0.4,24.0,102.998056,4.615022,0.0,0.4,0.0,0,0
0xace90d720e18fe4323fec3f08e059e595fd386fad99e15093417251f53025201,other,1778142603,1778371200,0.1,0.0,-0.4,-0.01,0.111637,-0.000435,0.4,24.0,63.499167,4.615022,0.0,0.4,0.0,1,0
0xace90d720e18fe4323fec3f08e059e595fd386fad99e15093417251f53025201,other,1778284800,1778371200,0.5,-0.005,0.0,0.0,0.001021,0.0,0.005,24.0,24.0,4.615022,0.0,0.0,0.0,0,0
0x01b9f83d16a9c44a8dc391724989510c4c1a839eefe44eb2ae8868c99db48b3f,other,1778000406,1778371200,0.065,0.0,-0.435,-0.435,0.144056,-0.018125,0.435,25.0,102.998333,4.615022,0.0,0.435,0.0,0,0
0x01b9f83d16a9c44a8dc391724989510c4c1a839eefe44eb2ae8868c99db48b3f,other,1778142603,1778371200,0.055,0.0,0.0,0.0,0.045776,0.0,0.23,24.0,63.499167,4.615022,0.0,0.445,0.0,1,0
0x01b9f83d16a9c44a8dc391724989510c4c1a839eefe44eb2ae8868c99db48b3f,other,1778284800,1778371200,0.5,0.005,0.0,0.445,0.150434,0.019348,0.455,24.0,24.0,4.615022,0.0,0.0,0.0,0,0
0x3aeecd3aa8b25f3a3f57e8c460d9c36d29ed67837bc8f4dbf4e1dbb7e5611a88,other,1778000406,1778371200,0.165,-0.005,-0.005,-0.335,0.124628,-0.013958,0.385,25.0,102.998333,4.615022,0.0,0.335,0.0,0,0
0x3aeecd3aa8b25f3a3f57e8c460d9c36d29ed67837bc8f4dbf4e1dbb7e5611a88,other,1778142603,1778371200,0.14,-0.005,-0.02,0.0,0.037191,-0.000435,0.205,24.0,63.499167,4.615022,0.0,0.36,0.0,0,0
0x3aeecd3aa8b25f3a3f57e8c460d9c36d29ed67837bc8f4dbf4e1dbb7e5611a88,other,1778284800,1778371200,0.5,0.0,0.0,0.305,0.179423,0.013696,0.38,24.0,24.0,4.615022,0.0,0.0,0.0,0,0
0x0a8f9687d7ae015c658228da1ae8074c4aee7d5808f0d1c670534d0795c7478a,other,1778792414,1778903999,0.5,0.0,0.0,0.0,0.004216,0.0,0.01,10.0,30.995833,4.615022,0.0,0.0,0.0,0,1
0x0a8f9687d7ae015c658228da1ae8074c4aee7d5808f0d1c670534d0795c7478a,other,1778805006,1778903999,0.515,0.015,0.015,0.015,0.007763,0.002143,0.025,8.0,27.498056,4.615022,0.0,0.015,0.0,0,1
0x0a8f9687d7ae015c658228da1ae8074c4aee7d5808f0d1c670534d0795c7478a,other,1778817599,1778903999,0.515,0.0,0.015,0.015,0.011339,0.003571,0.025,8.0,24.0,4.615022,0.0,0.015,0.0,1,1
0xd1e4f9d2df0aa795f26fabdf64bbacb1cbedc0482f883fa8d7f3cb01e2a1acab,other,1777640405,1778418000,0.37,0.0,0.005,-0.085,0.042131,-0.003542,0.09,25.0,215.998611,4.615022,0.0,0.13,0.0,0,0
0xd1e4f9d2df0aa795f26fabdf64bbacb1cbedc0482f883fa8d7f3cb01e2a1acab,other,1777986002,1778418000,0.3,0.0,-0.005,-0.075,0.048594,-0.003261,0.18,24.0,119.999444,4.615022,0.0,0.2,0.0,1,0
0xd1e4f9d2df0aa795f26fabdf64bbacb1cbedc0482f883fa8d7f3cb01e2a1acab,other,1778331600,1778418000,0.19,0.02,-0.005,0.045,0.021055,0.001957,0.05,24.0,24.0,4.615022,0.0,0.31,0.0,0,0
0x6c62374cd14dff3ee7e9ac50da3525a0687f8ff96e35e2b04f18f31ded9fca34,sports,1778720408,1778951400,0.33,0.0,0.0,-0.17,0.067515,-0.007083,0.17,25.0,64.164444,4.615022,0.0,0.17,0.0,0,1
0x6c62374cd14dff3ee7e9ac50da3525a0687f8ff96e35e2b04f18f31ded9fca34,sports,1778792704,1778951400,0.32,-0.005,-0.015,-0.01,0.009496,-0.000435,0.05,24.0,44.082222,4.615022,0.0,0.18,0.0,0,1
0x6c62374cd14dff3ee7e9ac50da3525a0687f8ff96e35e2b04f18f31ded9fca34,sports,1778865000,1778951400,0.285,-0.005,-0.015,-0.055,0.016182,-0.002273,0.055,23.0,24.0,4.615022,0.0,0.215,0.0,1,1
0xc6c7b95f17ea3817243fb7da8334fa711c7ed5c1223c1267dd0e031d03122fdd,sports,1779062430,1779696000,0.49,0.005,0.0,-0.01,0.005204,-0.000417,0.02,25.0,175.991667,4.615022,0.0,0.01,0.0,1,0
0x94caa36a09ab8ca0e9130a0b3c44f4e6f2ecc97dbbcee4281e7b40c408bd4b4a,other,1777669206,1777826700,0.495,0.0,-0.005,0.0,0.00274,0.0,0.01,23.0,43.748333,4.615022,0.0,0.005,0.0,0,1
0x94caa36a09ab8ca0e9130a0b3c44f4e6f2ecc97dbbcee4281e7b40c408bd4b4a,other,1777704753,1777826700,0.5,-0.005,0.005,0.0,0.005203,0.0,0.025,23.0,33.874167,4.615022,0.0,0.0,0.0,0,1
0x94caa36a09ab8ca0e9130a0b3c44f4e6f2ecc97dbbcee4281e7b40c408bd4b4a,other,1777740300,1777826700,0.5,0.0,0.01,-0.005,0.007216,0.000227,0.03,23.0,24.0,4.615022,0.0,0.0,0.0,1,1
0x0c026e449a94af3ac7e85e302b709ce7ce97c49a43cf3c080f1df54bee33aba3,sports,1777874404,1778590800,0.5,0.0,0.0,0.0,0.001021,0.0,0.005,24.0,198.998889,4.615022,0.0,0.0,0.0,0,0
0x757534b20ac9212bc30e83dde6690b35028db8b9cbdd7d4de9ef7888eea094c3,sports,1779516022,1780218000,0.625,0.0,-0.005,-0.105,0.058186,-0.004375,0.335,25.0,194.993889,4.615022,0.0,0.125,0.0,1,0
0x3f1d325f83ada0168f0cd49b57cc63f98d9d73244d5ff3577c73de7f48d4fba1,sports,1777874404,1778590800,0.5,0.0,0.0,0.0,0.0,0.0,0.0,24.0,198.998889,4.615022,0.0,0.0,0.0,0,0
0x3f68d8a41b96442dd9825ba694636cf9b4f6e57d7f372b026baba35c611d68ef,sports,1778947212,1779282000,0.5,0.0,0.005,0.0,0.003841,0.0,0.015,25.0,92.996667,4.615022,0.0,0.0,0.0,1,1
0x3f68d8a41b96442dd9825ba694636cf9b4f6e57d7f372b026baba35c611d68ef,sports,1779071406,1779282000,0.41,-0.035,-0.035,-0.09,0.026085,-0.003913,0.09,24.0,58.498333,4.615022,0.0,0.09,0.0,0,1
0x3f68d8a41b96442dd9825ba694636cf9b4f6e57d7f372b026baba35c611d68ef,sports,1779195600,1779282000,0.41,0.0,0.0,0.0,0.0,0.0,0.0,24.0,24.0,4.615022,0.0,0.09,0.0,1,1
0x5ce2873875360e9810edd19c6e1931dbc46c60d581be2e68a15b59a42a6e3f7a,other,1779282009,1779634800,0.19,0.0,0.005,-0.29,0.134641,-0.012609,0.305,24.0,97.9975,4.615022,0.0,0.31,0.0,1,0
0x5ce2873875360e9810edd19c6e1931dbc46c60d581be2e68a15b59a42a6e3f7a,other,1779415204,1779634800,0.14,0.0,0.015,0.005,0.005413,0.000217,0.015,24.0,60.998889,4.615022,0.0,0.36,0.0,0,0
0x5ce2873875360e9810edd19c6e1931dbc46c60d581be2e68a15b59a42a6e3f7a,other,1779548400,1779634800,0.085,-0.005,-0.005,-0.055,0.023862,-0.002391,0.055,24.0,24.0,4.615022,0.0,0.415,0.0,0,0
0x0243cf1e96c064cc50e734c6b3e37402f42dbe6d331fb78f0e391db80f890a06,sports,1778947214,1779282000,0.5,0.0,0.005,0.0,0.00433,0.0,0.02,25.0,92.996111,4.615022,0.0,0.0,0.0,0,0
0x0243cf1e96c064cc50e734c6b3e37402f42dbe6d331fb78f0e391db80f890a06,sports,1779071407,1779282000,0.5,0.0,0.0,0.0,0.0,0.0,0.0,24.0,58.498056,4.615022,0.0,0.0,0.0,0,0
0x0243cf1e96c064cc50e734c6b3e37402f42dbe6d331fb78f0e391db80f890a06,sports,1779195600,1779282000,0.5,0.0,0.0,0.0,0.0,0.0,0.0,24.0,24.0,4.615022,0.0,0.0,0.0,1,0
0x720210763aa1b1106988f63e91480f53316233d9bb4ec3cba08b6917b34ac99a,other,1778000407,1778371200,0.14,0.0,-0.36,-0.36,0.101277,-0.015652,0.36,24.0,102.998056,4.615022,0.0,0.36,0.0,0,0
0x720210763aa1b1106988f63e91480f53316233d9bb4ec3cba08b6917b34ac99a,other,1778142603,1778371200,0.135,0.0,0.0,-0.005,0.136418,-0.000217,0.365,24.0,63.499167,4.615022,0.0,0.365,0.0,1,0
0x720210763aa1b1106988f63e91480f53316233d9bb4ec3cba08b6917b34ac99a,other,1778284800,1778371200,0.5,0.0,0.0,0.0,0.001021,0.0,0.005,24.0,24.0,4.615022,0.0,0.0,0.0,0,0
0x49ba7381348f1d275473527a9fa8c9ae13c01021a6401ff3245ff2d04d7cdd55,other,1780009207,1780199999,0.505,0.0,0.0,0.005,0.00275,0.000217,0.01,24.0,52.997778,4.615022,0.0,0.005,0.0,1,1
0x49ba7381348f1d275473527a9fa8c9ae13c01021a6401ff3245ff2d04d7cdd55,other,1780061403,1780199999,0.245,-0.045,-0.26,-0.26,0.078551,-0.011818,0.26,23.0,38.498889,4.615022,0.0,0.255,0.0,1,1
0x49ba7381348f1d275473527a9fa8c9ae13c01021a6401ff3245ff2d04d7cdd55,other,1780113599,1780199999,0.195,-0.005,0.005,-0.31,0.133858,-0.014091,0.315,23.0,24.0,4.615022,0.0,0.305,0.0,1,1
0xcd406063bbd6f02f4cf1ed87041321f88e6d673c5ca8a23bd872265be9ad2d09,sports,1777845605,1778112000,0.215,0.0,-0.285,-0.28,0.057024,-0.012174,0.285,24.0,73.998611,4.615022,0.0,0.285,0.0,1,0
0xcd406063bbd6f02f4cf1ed87041321f88e6d673c5ca8a23bd872265be9ad2d09,sports,1777935602,1778112000,0.27,0.0,0.055,0.055,0.024328,0.002391,0.055,24.0,48.999444,4.615022,0.0,0.23,0.0,0,0
0xcd406063bbd6f02f4cf1ed87041321f88e6d673c5ca8a23bd872265be9ad2d09,sports,1778025600,1778112000,0.27,0.0,0.0,0.0,0.0,0.0,0.0,24.0,24.0,4.615022,0.0,0.23,0.0,1,0
0x1147cf60c18b2d086cfc15b794907d3f0a8625f8c5399d81c90452b98d100fd8,sports,1778162408,1778752800,0.615,0.0,-0.08,0.09,0.084709,0.003913,0.185,24.0,163.997778,4.615022,0.0,0.115,0.0,1,1
0xd01ac51f396c393bf8fd0e3e65ae9443f8f9f4cfe974aa07e1718a9398628c4e,other,1779598806,1780223400,0.5,0.0,0.0,0.0,0.0,0.0,0.0,25.0,173.498333,4.615022,0.0,0.0,0.0,1,0
0x1a2c3789d9cdddba45a5db5f888bdcadf1bc31785972a181d9531768b33fe1da,sports,1778418010,1778995800,0.76,0.0,0.26,0.255,0.111562,0.010625,0.265,25.0,160.497222,4.615022,0.0,0.26,0.0,1,1
0x3770a43dd8a45965417dc7d4d6e9d15857d1f1b7be415b07badaee7796d75033,sports,1777982405,1778339400,0.495,0.0,-0.005,-0.015,0.003605,-0.000652,0.015,24.0,99.165278,4.615022,0.0,0.005,0.0,1,1
0x3770a43dd8a45965417dc7d4d6e9d15857d1f1b7be415b07badaee7796d75033,sports,1778117702,1778339400,0.68,-0.005,-0.005,0.18,0.088075,0.007826,0.195,24.0,61.582778,4.615022,0.0,0.18,0.0,0,1
0x3770a43dd8a45965417dc7d4d6e9d15857d1f1b7be415b07badaee7796d75033,sports,1778253000,1778339400,0.665,0.0,0.0,-0.015,0.008459,-0.000652,0.025,24.0,24.0,4.615022,0.0,0.165,0.0,1,1
0x1c612d783844085fa176e8ebfd97273d8fb82eda6510580ecb5e84f1f47abfb5,sports,1778090403,1778432400,0.495,0.0,0.0,-0.005,0.002322,-0.000217,0.005,24.0,94.999167,4.615022,0.0,0.005,0.0,1,1
0x1c612d783844085fa176e8ebfd97273d8fb82eda6510580ecb5e84f1f47abfb5,sports,1778218201,1778432400,0.65,-0.005,0.0,0.155,0.078836,0.006739,0.175,24.0,59.499722,4.615022,0.0,0.15,0.0,0,1
0x1c612d783844085fa176e8ebfd97273d8fb82eda6510580ecb5e84f1f47abfb5,sports,1778346000,1778432400,0.655,0.0,0.0,0.0,0.002823,0.0,0.01,24.0,24.0,4.615022,0.0,0.155,0.0,1,1
0xad7897ca1257237423ef04bb55cc10fa5a816742d87e95b0d6bd33ffeea7e334,sports,1778871611,1779436800,0.0005,-0.5995,-0.4145,-0.4995,0.16837,-0.021717,0.7745,24.0,156.996944,4.615022,0.0,0.4995,0.0,0,0
0x6bc8bded8467743e8ab801bda403718b0433552cad2caf76c6ad154614ec20d1,other,1778000406,1778371200,0.125,0.0,-0.375,-0.375,0.124086,-0.015625,0.375,25.0,102.998333,4.615022,0.0,0.375,0.0,0,0
0x6bc8bded8467743e8ab801bda403718b0433552cad2caf76c6ad154614ec20d1,other,1778142603,1778371200,0.105,0.0,-0.01,-0.05,0.081804,-0.001957,0.395,24.0,63.499167,4.615022,0.0,0.395,0.0,1,0
0x6bc8bded8467743e8ab801bda403718b0433552cad2caf76c6ad154614ec20d1,other,1778284800,1778371200,0.495,0.0,-0.005,0.15,0.128728,0.006522,0.34,24.0,24.0,4.615022,0.0,0.005,0.0,0,0
0x640deb023d01a35bab7f0643409647f6b2207d22fc57296adad0475abee244d9,sports,1777802404,1777910400,0.155,0.0,0.0,-0.35,0.068424,-0.015217,0.355,24.0,29.998889,4.615022,0.0,0.345,0.0,1,0
0x640deb023d01a35bab7f0643409647f6b2207d22fc57296adad0475abee244d9,sports,1777813202,1777910400,0.155,0.0,0.0,-0.045,0.022778,-0.001739,0.05,24.0,26.999444,4.615022,0.0,0.345,0.0,1,0
0x640deb023d01a35bab7f0643409647f6b2207d22fc57296adad0475abee244d9,sports,1777824000,1777910400,0.155,0.0,0.0,-0.045,0.023121,-0.001957,0.05,24.0,24.0,4.615022,0.0,0.345,0.0,1,0
0x3485e55ce176fae7d159a9a84ba66919059fa9c3a9541b48432e7cf4d7a6788c,sports,1777806004,1778014800,0.195,0.0,0.0,-0.305,0.141285,-0.013261,0.305,24.0,57.998889,4.615022,0.0,0.305,0.0,0,1
0x3485e55ce176fae7d159a9a84ba66919059fa9c3a9541b48432e7cf4d7a6788c,sports,1777867202,1778014800,0.195,0.0,0.0,0.0,0.0,0.0,0.0,24.0,40.999444,4.615022,0.0,0.305,0.0,1,1
0x3485e55ce176fae7d159a9a84ba66919059fa9c3a9541b48432e7cf4d7a6788c,sports,1777928400,1778014800,0.27,0.0,0.075,0.075,0.028552,0.003261,0.075,24.0,24.0,4.615022,0.0,0.23,0.0,1,1
0x861334a24d0809a83f6f76db0d0038ae9a654fa98971587c1dc8c56103b3c500,sports,1777618812,1777741200,0.235,-0.005,-0.265,-0.265,0.113698,-0.011042,0.265,25.0,33.996667,4.615022,0.0,0.265,0.0,0,0
0x861334a24d0809a83f6f76db0d0038ae9a654fa98971587c1dc8c56103b3c500,sports,1777636806,1777741200,0.24,0.0,0.0,-0.26,0.131194,-0.011304,0.265,24.0,28.998333,4.615022,0.0,0.26,0.0,1,0
0x861334a24d0809a83f6f76db0d0038ae9a654fa98971587c1dc8c56103b3c500,sports,1777654800,1777741200,0.28,0.0,0.04,-0.22,0.123243,-0.009565,0.265,24.0,24.0,4.615022,0.0,0.22,0.0,1,0
0x9ff02df42d7b1873205d243c82de4ede98949dff3beee5f9a3451cc78ee1caff,sports,1777917608,1778524200,0.505,0.005,0.005,0.005,0.001,0.000208,0.005,25.0,168.497778,4.615022,0.0,0.005,0.0,1,0
0x8aa71ba8b55bfee7ff60918b735b26e9fcffc3c1803212de59934b5e8c3f72ca,sports,1777618807,1777834800,0.125,0.0,0.0,-0.36,0.179379,-0.015,0.37,25.0,59.998056,4.615022,0.0,0.375,0.0,0,0
0x8aa71ba8b55bfee7ff60918b735b26e9fcffc3c1803212de59934b5e8c3f72ca,sports,1777683603,1777834800,0.125,0.0,0.0,0.0,0.0,0.0,0.0,23.0,41.999167,4.615022,0.0,0.375,0.0,0,0
0x8aa71ba8b55bfee7ff60918b735b26e9fcffc3c1803212de59934b5e8c3f72ca,sports,1777748400,1777834800,0.13,0.0,0.0,0.005,0.002534,0.000227,0.005,23.0,24.0,4.615022,0.0,0.37,0.0,1,0
0x7178c63a29a7163dc4a59900c72c81d64eda4b1d0ba827e397bbd128e9987302,other,1777618807,1777732200,0.14,-0.02,-0.02,-0.015,0.00867,-0.000625,0.025,25.0,31.498056,4.615022,0.0,0.36,0.0,0,0
0x7178c63a29a7163dc4a59900c72c81d64eda4b1d0ba827e397bbd128e9987302,other,1777632303,1777732200,0.14,0.0,-0.02,0.0,0.009402,0.000217,0.025,24.0,27.749167,4.615022,0.0,0.36,0.0,0,0
0x7178c63a29a7163dc4a59900c72c81d64eda4b1d0ba827e397bbd128e9987302,other,1777645800,1777732200,0.14,0.0,0.0,0.005,0.008754,-0.000217,0.02,24.0,24.0,4.615022,0.0,0.36,0.0,0,0
0x879d90bdcefe296ce723854ac49515038545285bac00019c72a7b88cbaf786d2,sports,1777618807,1777723200,0.495,0.0,0.0,0.0,0.0,0.0,0.0,25.0,28.998056,4.615022,0.0,0.005,0.0,0,0
0x879d90bdcefe296ce723854ac49515038545285bac00019c72a7b88cbaf786d2,sports,1777627803,1777723200,0.495,0.0,0.0,0.0,0.0,0.0,0.0,24.0,26.499167,4.615022,0.0,0.005,0.0,0,0
0x879d90bdcefe296ce723854ac49515038545285bac00019c72a7b88cbaf786d2,sports,1777636800,1777723200,0.495,0.0,0.0,0.0,0.0,0.0,0.0,24.0,24.0,4.615022,0.0,0.005,0.0,1,0
0x52cbf225698e6ff42a7aafceefd0bd8ddc25ab3397f5583a1404f642afd5ffe4,other,1777618809,1777726800,0.075,-0.055,-0.05,-0.05,0.013503,-0.002083,0.055,25.0,29.9975,4.615022,0.0,0.425,0.0,0,0
0x52cbf225698e6ff42a7aafceefd0bd8ddc25ab3397f5583a1404f642afd5ffe4,other,1777629604,1777726800,0.07,0.0,-0.06,-0.055,0.019873,-0.002391,0.06,24.0,26.998889,4.615022,0.0,0.43,0.0,0,0
0x52cbf225698e6ff42a7aafceefd0bd8ddc25ab3397f5583a1404f642afd5ffe4,other,1777640400,1777726800,0.07,0.0,-0.01,-0.055,0.024912,-0.002174,0.06,24.0,24.0,4.615022,0.0,0.43,0.0,0,0
0x5d03e5ab3958c02f854c2f51de02d6a96256ec57ed1db9c8010ea11ba77b48ba,sports,1777618812,1777752000,0.2,0.0,0.0,-0.005,0.002533,-0.000208,0.005,25.0,36.996667,4.615022,0.0,0.3,0.0,0,0
0x5d03e5ab3958c02f854c2f51de02d6a96256ec57ed1db9c8010ea11ba77b48ba,sports,1777642206,1777752000,0.205,0.0,0.005,0.0,0.002518,0.0,0.005,24.0,30.498333,4.615022,0.0,0.295,0.0,0,0
0x5d03e5ab3958c02f854c2f51de02d6a96256ec57ed1db9c8010ea11ba77b48ba,sports,1777665600,1777752000,0.205,0.0,0.0,0.005,0.002554,0.000217,0.005,24.0,24.0,4.615022,0.0,0.295,0.0,1,0
0x6b98f434b9988ee804de73e60311c12145f54f42b32435e21d09542de3959ca5,other,1778004007,1778371200,0.075,0.0,-0.425,-0.425,0.158675,-0.017708,0.425,25.0,101.998056,4.615022,0.0,0.425,0.0,0,0
0x6b98f434b9988ee804de73e60311c12145f54f42b32435e21d09542de3959ca5,other,1778144403,1778371200,0.07,0.005,0.0,-0.025,0.09373,-0.00087,0.435,24.0,62.999167,4.615022,0.0,0.43,0.0,1,0
0x6b98f434b9988ee804de73e60311c12145f54f42b32435e21d09542de3959ca5,other,1778284800,1778371200,0.505,0.005,0.005,0.305,0.143121,0.013261,0.405,24.0,24.0,4.615022,0.0,0.005,0.0,0,0
0x00904ffba50cb72798cf2ee90e89844ca317f1590a53e8f1df00ca8ed26f3d4e,sports,1777806006,1778101800,0.5,0.0,0.005,0.0,0.002408,0.0,0.005,24.0,82.165,4.615022,0.0,0.0,0.0,1,0
0x00904ffba50cb72798cf2ee90e89844ca317f1590a53e8f1df00ca8ed26f3d4e,sports,1777910703,1778101800,0.185,0.0,0.0,-0.005,0.001903,-0.000217,0.005,24.0,53.0825,4.615022,0.0,0.315,0.0,1,0
0x00904ffba50cb72798cf2ee90e89844ca317f1590a53e8f1df00ca8ed26f3d4e,sports,1778015400,1778101800,0.265,0.0,0.0,0.0,0.002212,0.0,0.005,24.0,24.0,4.615022,0.0,0.235,0.0,1,0
0xec24bdccd5cd6987272b7e88bdf81b95fb461d31a5abc5c5ccb58a8fa4a5c7f1,sports,1777618812,1777834800,0.125,0.0,0.0,-0.365,0.178361,-0.015208,0.365,25.0,59.996667,4.615022,0.0,0.375,0.0,0,1
0xec24bdccd5cd6987272b7e88bdf81b95fb461d31a5abc5c5ccb58a8fa4a5c7f1,sports,1777683606,1777834800,0.125,0.0,0.0,0.0,0.0,0.0,0.0,24.0,41.998333,4.615022,0.0,0.375,0.0,0,1
0xec24bdccd5cd6987272b7e88bdf81b95fb461d31a5abc5c5ccb58a8fa4a5c7f1,sports,1777748400,1777834800,0.135,0.0,0.0,0.01,0.00498,0.000455,0.01,23.0,24.0,4.615022,0.0,0.365,0.0,1,1
0x63927a13a4f9c31cb3d066da68f7576dc57764357d4bf0acb42f4f7bde0c08af,sports,1777618807,1777765800,0.5,0.0,-0.005,0.0,0.002533,0.0,0.005,25.0,40.831389,4.615022,0.0,0.0,0.0,0,0
0x63927a13a4f9c31cb3d066da68f7576dc57764357d4bf0acb42f4f7bde0c08af,sports,1777649103,1777765800,0.5,0.0,0.0,0.0,0.002545,0.0,0.005,24.0,32.415833,4.615022,0.0,0.0,0.0,0,0
0x63927a13a4f9c31cb3d066da68f7576dc57764357d4bf0acb42f4f7bde0c08af,sports,1777679400,1777765800,0.5,0.0,0.0,-0.005,0.001938,-0.000227,0.005,23.0,24.0,4.615022,0.0,0.0,0.0,1,0
0xccd73f4c3b9e80e683ffa10902031933088a3e481f7499b40001189c1beb28ea,sports,1777806007,1778101200,0.5,0.0,0.0,0.0,0.002408,0.0,0.005,24.0,81.998056,4.615022,0.0,0.0,0.0,1,0
0xccd73f4c3b9e80e683ffa10902031933088a3e481f7499b40001189c1beb28ea,sports,1777910403,1778101200,0.19,0.005,0.005,-0.31,0.088971,-0.013478,0.32,24.0,52.999167,4.615022,0.0,0.31,0.0,1,0
0xccd73f4c3b9e80e683ffa10902031933088a3e481f7499b40001189c1beb28ea,sports,1778014800,1778101200,0.265,0.0,0.0,0.0,0.002212,0.0,0.005,24.0,24.0,4.615022,0.0,0.235,0.0,1,0
0xdc16a878cdb6b05593ddc098d2231c21a283c1f12fad36f6fd7ff0dc421352c0,other,1777618804,1777780800,0.095,0.0,0.0,-0.245,0.117003,-0.010208,0.245,25.0,44.998889,4.615022,0.0,0.405,0.0,0,0
0xdc16a878cdb6b05593ddc098d2231c21a283c1f12fad36f6fd7ff0dc421352c0,other,1777656602,1777780800,0.1,0.0,-0.005,0.0,0.003848,0.0,0.01,24.0,34.499444,4.615022,0.0,0.4,0.0,0,0
0xdc16a878cdb6b05593ddc098d2231c21a283c1f12fad36f6fd7ff0dc421352c0,other,1777694400,1777780800,0.1,0.0,-0.01,0.005,0.00417,0.000227,0.015,23.0,24.0,4.615022,0.0,0.4,0.0,0,0
0xfb999ded4cd5307a2b39d6e029f0e79061214d26b32a655b07f4f9078f1528ed,other,1777935603,1778490000,0.5,0.0,0.0,0.005,0.002085,0.000217,0.01,24.0,153.999167,4.615022,0.0,0.0,0.0,1,1
0x4d23409fa837d932f1a92351cc9727c060436f42230f824fce503326207af0a4,sports,1777618809,1777723200,0.5,0.0,0.0,0.0,0.001384,0.0,0.005,25.0,28.9975,4.615022,0.0,0.0,0.0,0,0
0x4d23409fa837d932f1a92351cc9727c060436f42230f824fce503326207af0a4,sports,1777627804,1777723200,0.5,0.0,0.0,0.0,0.001412,0.0,0.005,24.0,26.498889,4.615022,0.0,0.0,0.0,0,0
0x4d23409fa837d932f1a92351cc9727c060436f42230f824fce503326207af0a4,sports,1777636800,1777723200,0.5,0.0,0.0,0.0,0.001412,0.0,0.005,24.0,24.0,4.615022,0.0,0.0,0.0,0,0
0xbef56572d2d2bb945c88a9ddd4a93943cd0dbca165c8b48ca8d1d0b548a5f416,sports,1777802405,1778014800,0.1,0.0,0.0,-0.035,0.045444,-0.001522,0.22,24.0,58.998611,4.615022,0.0,0.4,0.0,0,0
0xbef56572d2d2bb945c88a9ddd4a93943cd0dbca165c8b48ca8d1d0b548a5f416,sports,1777865402,1778014800,0.08,-0.02,-0.02,-0.02,0.004377,-0.00087,0.02,24.0,41.499444,4.615022,0.0,0.42,0.0,1,0
0xbef56572d2d2bb945c88a9ddd4a93943cd0dbca165c8b48ca8d1d0b548a5f416,sports,1777928400,1778014800,0.14,0.06,0.06,0.04,0.014219,0.001739,0.06,24.0,24.0,4.615022,0.0,0.36,0.0,0,0
0x4bac1b8d6dd75ccc03faf2f3bc860459983e9289e43637141b265c83f2c1f5ea,sports,1778439614,1779078600,0.5,0.0,0.0,0.0,0.001384,0.0,0.005,25.0,177.496111,4.615022,0.0,0.0,0.0,1,0
0x776a9f88b25e91d6a8c8e43fdcf5c494a059ff649d09a56e4840f8716907015e,other,1777640405,1778418000,0.315,0.0,0.0,-0.135,0.065991,-0.005625,0.135,25.0,215.998611,4.615022,0.0,0.185,0.0,0,0
0x776a9f88b25e91d6a8c8e43fdcf5c494a059ff649d09a56e4840f8716907015e,other,1777986002,1778418000,0.265,0.0,-0.005,-0.045,0.040984,-0.001957,0.14,24.0,119.999444,4.615022,0.0,0.235,0.0,1,0
0x776a9f88b25e91d6a8c8e43fdcf5c494a059ff649d09a56e4840f8716907015e,other,1778331600,1778418000,0.08,0.005,0.01,-0.03,0.011156,-0.001304,0.055,24.0,24.0,4.615022,0.0,0.42,0.0,0,0
0xcc6cf0b7efa57bc20c4e1cc4872c25b79371feb41bdb15d37cb5ea59368760e4,sports,1778457611,1779094800,0.5,0.0,0.005,0.0,0.00263,0.0,0.01,25.0,176.996944,4.615022,0.0,0.0,0.0,1,0
0xc0d910c4c9796168eee5d5df0e66673030b70ba4f387ed2b275086235db96aa2,sports,1778011207,1778594400,0.49,0.0,0.0,-0.01,0.003797,-0.000417,0.01,25.0,161.998056,4.615022,0.0,0.01,0.0,0,0
0xc0d910c4c9796168eee5d5df0e66673030b70ba4f387ed2b275086235db96aa2,sports,1778259603,1778594400,0.5,-0.01,-0.005,0.005,0.004165,0.000217,0.015,24.0,92.999167,4.615022,0.0,0.0,0.0,1,0
0xc0d910c4c9796168eee5d5df0e66673030b70ba4f387ed2b275086235db96aa2,sports,1778508000,1778594400,0.245,-0.02,-0.005,-0.015,0.009361,-0.000652,0.035,24.0,24.0,4.615022,0.0,0.255,0.0,1,0
0x349945c14cfe9d4867ab308de49b62e8495ddeba1b1b42eb65f820bf9fd87fe3,sports,1777618809,1777828200,0.5,0.0,0.0,0.0,0.0,0.0,0.0,25.0,58.164167,4.615022,0.0,0.0,0.0,0,0
0x349945c14cfe9d4867ab308de49b62e8495ddeba1b1b42eb65f820bf9fd87fe3,sports,1777680304,1777828200,0.5,0.0,0.0,0.0,0.0,0.0,0.0,23.0,41.082222,4.615022,0.0,0.0,0.0,0,0
0x349945c14cfe9d4867ab308de49b62e8495ddeba1b1b42eb65f820bf9fd87fe3,sports,1777741800,1777828200,0.5,0.0,0.0,0.0,0.0,0.0,0.0,23.0,24.0,4.615022,0.0,0.0,0.0,1,0
0xd9282b069399f2167d039a11be441b63c8237ef7d81a598b8ec321f521b2e013,sports,1777618809,1777719600,0.095,0.0,0.0,0.0,0.001658,0.0,0.005,25.0,27.9975,4.615022,0.0,0.405,0.0,1,0
0xd9282b069399f2167d039a11be441b63c8237ef7d81a598b8ec321f521b2e013,sports,1777626004,1777719600,0.095,0.0,0.0,0.0,0.001689,0.0,0.005,24.0,25.998889,4.615022,0.0,0.405,0.0,1,0
0xd9282b069399f2167d039a11be441b63c8237ef7d81a598b8ec321f521b2e013,sports,1777633200,1777719600,0.095,0.0,0.0,0.0,0.001689,0.0,0.005,24.0,24.0,4.615022,0.0,0.405,0.0,1,0
0xf95815ee395b0627fdd3d9a4cccef749757df0ff61a3233a39ec4bd6f853fc31,sports,1777618804,1777744800,0.125,0.0,0.0,0.005,0.001756,0.000208,0.01,25.0,34.998889,4.615022,0.0,0.375,0.0,0,0
0xf95815ee395b0627fdd3d9a4cccef749757df0ff61a3233a39ec4bd6f853fc31,sports,1777638602,1777744800,0.125,0.0,0.0,0.0,0.0,0.0,0.0,24.0,29.499444,4.615022,0.0,0.375,0.0,1,0
0xf95815ee395b0627fdd3d9a4cccef749757df0ff61a3233a39ec4bd6f853fc31,sports,1777658400,1777744800,0.125,0.0,0.0,0.0,0.0,0.0,0.0,24.0,24.0,4.615022,0.0,0.375,0.0,1,0
0x1feb4293d594a45aace378de8846093391d1be7d116ebec166de4e6e0ebc1d00,sports,1777618804,1777765800,0.505,0.0,-0.005,0.0,0.002533,0.0,0.005,25.0,40.832222,4.615022,0.0,0.005,0.0,0,0
0x1feb4293d594a45aace378de8846093391d1be7d116ebec166de4e6e0ebc1d00,sports,1777649102,1777765800,0.505,0.0,0.0,0.0,0.002545,0.0,0.005,24.0,32.416111,4.615022,0.0,0.005,0.0,0,0
0x1feb4293d594a45aace378de8846093391d1be7d116ebec166de4e6e0ebc1d00,sports,1777679400,1777765800,0.505,0.0,0.0,-0.005,0.001938,-0.000227,0.005,23.0,24.0,4.615022,0.0,0.005,0.0,1,0
0x5b5dac7573f3c4c0ae45b41eae9392a4fdfdd2efefdf2ebe69e30cdb5ca051b2,sports,1777618809,1777928400,0.5,0.0,0.0,0.0,0.0,0.0,0.0,25.0,85.9975,4.615022,0.0,0.0,0.0,0,1
0x5b5dac7573f3c4c0ae45b41eae9392a4fdfdd2efefdf2ebe69e30cdb5ca051b2,sports,1777730404,1777928400,0.5,0.0,0.0,0.0,0.001043,0.0,0.005,23.0,54.998889,4.615022,0.0,0.0,0.0,0,1
0x5b5dac7573f3c4c0ae45b41eae9392a4fdfdd2efefdf2ebe69e30cdb5ca051b2,sports,1777842000,1777928400,0.5,0.0,0.0,0.0,0.0,0.0,0.0,24.0,24.0,4.615022,0.0,0.0,0.0,1,1
0x184362823ea082e609f9d3db468b7a2e4187ce088d75b89d645a9140a597ef0c,other,1777618804,1777833900,0.05,-0.03,0.0,-0.005,0.078404,-0.000208,0.295,25.0,59.748889,4.615022,0.0,0.45,0.0,0,0
0x184362823ea082e609f9d3db468b7a2e4187ce088d75b89d645a9140a597ef0c,other,1777683152,1777833900,0.05,0.0,0.0,0.0,0.00898,-0.000682,0.03,23.0,41.874444,4.615022,0.0,0.45,0.0,0,0
0x184362823ea082e609f9d3db468b7a2e4187ce088d75b89d645a9140a597ef0c,other,1777747500,1777833900,0.055,0.0,0.0,0.005,0.007719,0.000227,0.03,23.0,24.0,4.615022,0.0,0.445,0.0,0,0
0x6e38b5b0a4d12987748eb4e5d4a544dee34e73344f30caddc7651f7b2a520fed,sports,1777618809,1778220000,0.5,0.27,0.28,0.275,0.055903,0.011458,0.285,25.0,166.9975,4.615022,0.0,0.0,0.0,1,0
0x00ae4089ae708982d9e92716f9f8ac6e93b41ab1257586228bd9b4a2098169b4,sports,1779516024,1780218000,0.465,0.0,0.0,-0.035,0.016266,-0.001458,0.04,25.0,194.993333,4.615022,0.0,0.035,0.0,0,0
0xd1de022e036ca2e60877c93608c1be4c517a96afde106d9abdb5ec18ab3f2988,sports,1778011208,1779112800,0.49,0.0,0.0,-0.005,0.002291,-0.000208,0.005,25.0,305.997778,4.615022,0.0,0.01,0.0,0,1
0xd1de022e036ca2e60877c93608c1be4c517a96afde106d9abdb5ec18ab3f2988,sports,1778518804,1779112800,0.485,0.0,0.0,0.0,0.0,0.0,0.0,24.0,164.998889,4.615022,0.0,0.015,0.0,0,1
0xd1de022e036ca2e60877c93608c1be4c517a96afde106d9abdb5ec18ab3f2988,sports,1779026400,1779112800,0.285,0.03,0.0,0.015,0.011824,0.000652,0.03,24.0,24.0,4.615022,0.0,0.215,0.0,1,1
0xc5607cbb960ba5f3bde3e5b6ddc4610e2af768d333f897236a3600ea14b4d9fa,sports,1779512412,1780218000,0.495,0.0,-0.005,-0.005,0.001658,-0.000208,0.005,25.0,195.996667,4.615022,0.0,0.005,0.0,1,1
0x5f061add5a6da7f29b1302c9bdf737e09ba131b95bb2a42bd110d22edba235f7,sports,1778904008,1779195600,0.5,0.0,0.0,0.0,0.0,0.0,0.0,23.0,80.997778,4.615022,0.0,0.0,0.0,1,0
0x5f061add5a6da7f29b1302c9bdf737e09ba131b95bb2a42bd110d22edba235f7,sports,1779006604,1779195600,0.27,0.0,0.0,-0.23,0.046949,-0.01,0.23,24.0,52.498889,4.615022,0.0,0.23,0.0,0,0
0x5f061add5a6da7f29b1302c9bdf737e09ba131b95bb2a42bd110d22edba235f7,sports,1779109200,1779195600,0.275,0.005,0.015,0.005,0.00779,0.000217,0.025,24.0,24.0,4.615022,0.0,0.225,0.0,1,0
0xac94ff528b297384fbcadb6cdaddb16bcc2c3a0db3842ef592bc1650d3fb0ac8,sports,1777618804,1777825200,0.2,0.0,0.0,-0.295,0.109915,-0.012292,0.295,25.0,57.332222,4.615022,0.0,0.3,0.0,0,0
0xac94ff528b297384fbcadb6cdaddb16bcc2c3a0db3842ef592bc1650d3fb0ac8,sports,1777678802,1777825200,0.2,0.0,0.0,0.0,0.0,0.0,0.0,23.0,40.666111,4.615022,0.0,0.3,0.0,0,0
0xac94ff528b297384fbcadb6cdaddb16bcc2c3a0db3842ef592bc1650d3fb0ac8,sports,1777738800,1777825200,0.2,0.0,0.0,0.0,0.001043,0.0,0.005,23.0,24.0,4.615022,0.0,0.3,0.0,1,0
0xa34523a1961c12ec6c418408e3fe4050c3f55acc16a8b9224bedf4fdf54d0ae6,sports,1777618811,1777744800,0.105,0.0,0.0,0.005,0.002041,0.000208,0.005,25.0,34.996944,4.615022,0.0,0.395,0.0,0,0
0xa34523a1961c12ec6c418408e3fe4050c3f55acc16a8b9224bedf4fdf54d0ae6,sports,1777638605,1777744800,0.105,0.0,0.0,0.0,0.002074,0.000217,0.005,24.0,29.498611,4.615022,0.0,0.395,0.0,1,0
0xa34523a1961c12ec6c418408e3fe4050c3f55acc16a8b9224bedf4fdf54d0ae6,sports,1777658400,1777744800,0.105,0.005,0.0,0.005,0.002212,0.0,0.005,24.0,24.0,4.615022,0.0,0.395,0.0,1,0
0xca91e7c76a18cef2d6710981b5d5218e877946d7d4988eeb0e7153f0215d31fe,other,1778641205,1778947200,0.515,0.0,0.015,0.015,0.006403,0.000625,0.015,25.0,84.998611,4.615022,0.0,0.015,0.0,0,0
0xca91e7c76a18cef2d6710981b5d5218e877946d7d4988eeb0e7153f0215d31fe,other,1778751002,1778947200,0.495,-0.005,0.0,-0.005,0.00329,-0.000217,0.01,24.0,54.499444,4.615022,0.0,0.005,0.0,1,0
0xca91e7c76a18cef2d6710981b5d5218e877946d7d4988eeb0e7153f0215d31fe,other,1778860800,1778947200,0.515,0.085,0.075,0.02,0.026968,0.000909,0.085,23.0,24.0,4.615022,0.0,0.015,0.0,1,0
0x93e522969d8a9991e1ca51a56152a9830d592aa97261b0f0e6a3dd44dbf082b3,other,1778792414,1778903999,0.495,0.0,0.0,-0.005,0.004859,-0.000556,0.015,10.0,30.995833,4.615022,0.0,0.005,0.0,0,0
0x93e522969d8a9991e1ca51a56152a9830d592aa97261b0f0e6a3dd44dbf082b3,other,1778805006,1778903999,0.515,0.015,0.02,0.015,0.008345,0.002143,0.03,8.0,27.498056,4.615022,0.0,0.015,0.0,0,0
0x93e522969d8a9991e1ca51a56152a9830d592aa97261b0f0e6a3dd44dbf082b3,other,1778817599,1778903999,0.5,0.0,0.005,0.0,0.010155,0.002143,0.03,8.0,24.0,4.615022,0.0,0.0,0.0,1,0
0xd6e5a2b3ac4dee2382fc094d11e6162f57dadb6f587f790b02ad0176a37246d8,other,1777618807,1777780799,0.295,-0.11,-0.11,-0.1,0.036341,-0.004167,0.135,25.0,44.997778,4.615022,0.0,0.205,0.0,1,0
0xd6e5a2b3ac4dee2382fc094d11e6162f57dadb6f587f790b02ad0176a37246d8,other,1777656603,1777780799,0.265,-0.04,0.03,-0.14,0.072725,-0.006304,0.195,24.0,34.498889,4.615022,0.0,0.235,0.0,1,0
0xd6e5a2b3ac4dee2382fc094d11e6162f57dadb6f587f790b02ad0176a37246d8,other,1777694399,1777780799,0.495,-0.005,0.19,0.09,0.086089,0.004091,0.285,23.0,24.0,4.615022,0.0,0.005,0.0,1,0
0xdc60bb6a3f1dd1611974824a685c28475aa362b0a96e2ae4e40309683540ff7c,sports,1777618807,1777765800,0.75,0.0,0.0,0.015,0.004213,0.000625,0.015,25.0,40.831389,4.615022,0.0,0.25,0.0,0,1
0xdc60bb6a3f1dd1611974824a685c28475aa362b0a96e2ae4e40309683540ff7c,sports,1777649103,1777765800,0.75,0.0,0.0,0.005,0.002545,0.000217,0.01,24.0,32.415833,4.615022,0.0,0.25,0.0,0,1
0xdc60bb6a3f1dd1611974824a685c28475aa362b0a96e2ae4e40309683540ff7c,sports,1777679400,1777765800,0.75,0.0,0.0,0.0,0.0,0.0,0.0,23.0,24.0,4.615022,0.0,0.25,0.0,1,1
0x2de99f5f8a4c6bf341eb6dabf8351136da0e285f35f273a970b6067796d8e4d8,other,1778000407,1778371200,0.065,0.005,-0.435,-0.435,0.123156,-0.018913,0.44,24.0,102.998056,4.615022,0.0,0.435,0.0,0,0
0x2de99f5f8a4c6bf341eb6dabf8351136da0e285f35f273a970b6067796d8e4d8,other,1778142603,1778371200,0.06,0.005,0.0,0.005,0.044522,0.000217,0.22,24.0,63.499167,4.615022,0.0,0.44,0.0,1,0
0x2de99f5f8a4c6bf341eb6dabf8351136da0e285f35f273a970b6067796d8e4d8,other,1778284800,1778371200,0.45,-0.045,-0.05,0.385,0.165719,0.016739,0.435,24.0,24.0,4.615022,0.0,0.05,0.0,1,0
0xe26e222a0e72c7af66efae43b6f02e2ebcb28723061003312bb09a7e70b47520,sports,1777618807,1777762500,0.195,0.0,0.0,0.0,0.001,0.0,0.005,25.0,39.914722,4.615022,0.0,0.305,0.0,1,0
0xe26e222a0e72c7af66efae43b6f02e2ebcb28723061003312bb09a7e70b47520,sports,1777647453,1777762500,0.195,0.0,0.0,0.005,0.0,0.0,0.0,24.0,31.9575,4.615022,0.0,0.305,0.0,1,0
0xe26e222a0e72c7af66efae43b6f02e2ebcb28723061003312bb09a7e70b47520,sports,1777676100,1777762500,0.195,0.0,0.005,0.0,0.001441,0.0,0.005,23.0,24.0,4.615022,0.0,0.305,0.0,1,0
0xa7ce272b083d03b77f40c578553bee642ecbf03b88cc9e08e18aec238d2b3876,other,1778058006,1778428800,0.49,0.0,0.0,-0.015,0.005067,-0.000652,0.015,24.0,102.998333,4.615022,0.0,0.01,0.0,0,1
0xa7ce272b083d03b77f40c578553bee642ecbf03b88cc9e08e18aec238d2b3876,other,1778200203,1778428800,0.13,0.0,-0.005,-0.355,0.175009,-0.015435,0.365,24.0,63.499167,4.615022,0.0,0.37,0.0,0,1
0xa7ce272b083d03b77f40c578553bee642ecbf03b88cc9e08e18aec238d2b3876,other,1778342400,1778428800,0.105,0.01,-0.01,-0.02,0.010319,-0.000652,0.035,24.0,24.0,4.615022,0.0,0.395,0.0,0,1
0x7df061f3467cd9611adc29582384b0eeff33228a3aa65f44ac3ea18a6db613c7,sports,1778090405,1778432400,0.495,0.0,0.0,-0.005,0.00329,-0.000217,0.01,24.0,94.998611,4.615022,0.0,0.005,0.0,1,1
0x7df061f3467cd9611adc29582384b0eeff33228a3aa65f44ac3ea18a6db613c7,sports,1778218202,1778432400,0.28,0.0,0.0,-0.215,0.104932,-0.009348,0.23,24.0,59.499444,4.615022,0.0,0.22,0.0,0,1
0x7df061f3467cd9611adc29582384b0eeff33228a3aa65f44ac3ea18a6db613c7,sports,1778346000,1778432400,0.27,0.01,-0.005,-0.005,0.00351,-0.000217,0.02,24.0,24.0,4.615022,0.0,0.23,0.0,1,1
0x5a1c32e8471cc696b97d55e2ccf46fd1df24a70d197949c799545d57e939d531,other,1777618804,1777748400,0.315,0.0,0.0,-0.005,0.012689,-0.000208,0.07,25.0,35.998889,4.615022,0.0,0.185,0.0,1,0
0x5a1c32e8471cc696b97d55e2ccf46fd1df24a70d197949c799545d57e939d531,other,1777640402,1777748400,0.14,0.0,-0.175,-0.17,0.054147,-0.007391,0.175,24.0,29.999444,4.615022,0.0,0.36,0.0,1,0
0x5a1c32e8471cc696b97d55e2ccf46fd1df24a70d197949c799545d57e939d531,other,1777662000,1777748400,0.115,-0.005,-0.025,-0.2,0.089163,-0.008696,0.2,24.0,24.0,4.615022,0.0,0.385,0.0,0,0
0x633fb6af90e62c20f03db99132fe3f04ac6ce07b015b1a12b2e8442c1c50acfb,sports,1777618807,1777762500,0.12,0.0,0.0,-0.01,0.002708,-0.000417,0.01,25.0,39.914722,4.615022,0.0,0.38,0.0,0,0
0x633fb6af90e62c20f03db99132fe3f04ac6ce07b015b1a12b2e8442c1c50acfb,sports,1777647453,1777762500,0.12,0.0,0.0,0.0,0.001689,0.0,0.005,24.0,31.9575,4.615022,0.0,0.38,0.0,0,0
0x633fb6af90e62c20f03db99132fe3f04ac6ce07b015b1a12b2e8442c1c50acfb,sports,1777676100,1777762500,0.12,0.0,0.0,0.0,0.0,0.0,0.0,23.0,24.0,4.615022,0.0,0.38,0.0,1,0
0x6a24cd3951c079e09985e958ca358293d45a53aa7c2bc947f863a9bbd36e86ca,sports,1778011210,1779112800,0.49,0.0,-0.005,-0.01,0.003379,-0.000417,0.01,25.0,305.997222,4.615022,0.0,0.01,0.0,0,0
0x6a24cd3951c079e09985e958ca358293d45a53aa7c2bc947f863a9bbd36e86ca,sports,1778518805,1779112800,0.495,0.0,0.0,0.0,0.0,0.0,0.0,24.0,164.998611,4.615022,0.0,0.005,0.0,0,0
0x6a24cd3951c079e09985e958ca358293d45a53aa7c2bc947f863a9bbd36e86ca,sports,1779026400,1779112800,0.28,0.03,0.0,0.01,0.011857,0.000435,0.03,24.0,24.0,4.615022,0.0,0.22,0.0,1,0
0xa6d4dad10f15fad45f1a61a5458b3b212a6b97566146bb1341a9209e54154fdf,sports,1777618812,1777719600,0.13,0.0,0.0,0.0,0.0,0.0,0.0,25.0,27.996667,4.615022,0.0,0.37,0.0,1,0
0xa6d4dad10f15fad45f1a61a5458b3b212a6b97566146bb1341a9209e54154fdf,sports,1777626006,1777719600,0.13,0.0,0.0,0.0,0.0,0.0,0.0,24.0,25.998333,4.615022,0.0,0.37,0.0,1,0
0xa6d4dad10f15fad45f1a61a5458b3b212a6b97566146bb1341a9209e54154fdf,sports,1777633200,1777719600,0.13,0.0,0.0,0.0,0.0,0.0,0.0,24.0,24.0,4.615022,0.0,0.37,0.0,1,0
0x40ddfe5d5dfee2392fd1944682e13dd3cad5c27a32f6dff0969afdfc92ddf7ee,other,1777618809,1778443200,0.505,0.0,0.0,0.005,0.00293,0.000208,0.01,25.0,228.9975,4.615022,0.0,0.005,0.0,0,0
0x1118f240ca4db63f61b85f3d4dd5695bfe153b5b7120be40b8fed4ec7262ec75,sports,1778000407,1778457600,0.49,-0.005,-0.005,-0.01,0.002242,-0.000435,0.01,24.0,126.998056,4.615022,0.0,0.01,0.0,0,0
0x1118f240ca4db63f61b85f3d4dd5695bfe153b5b7120be40b8fed4ec7262ec75,sports,1778185803,1778457600,0.51,0.01,0.015,0.015,0.004149,0.000652,0.015,24.0,75.499167,4.615022,0.0,0.01,0.0,1,0
0x1118f240ca4db63f61b85f3d4dd5695bfe153b5b7120be40b8fed4ec7262ec75,sports,1778371200,1778457600,0.255,-0.02,-0.005,-0.015,0.009517,-0.000652,0.04,24.0,24.0,4.615022,0.0,0.245,0.0,1,0
0x482a34d48012aba1dc2a7a8762d27e47f60cf10b0a99a5a2172fe3eec8598d4f,other,1777618807,1777780799,0.355,0.0,-0.005,0.0,0.027497,0.0,0.105,25.0,44.997778,4.615022,0.0,0.145,0.0,1,0
0x482a34d48012aba1dc2a7a8762d27e47f60cf10b0a99a5a2172fe3eec8598d4f,other,1777656603,1777780799,0.175,0.0,-0.03,-0.195,0.092227,-0.008478,0.245,24.0,34.498889,4.615022,0.0,0.325,0.0,1,0
0x482a34d48012aba1dc2a7a8762d27e47f60cf10b0a99a5a2172fe3eec8598d4f,other,1777694399,1777780799,0.095,0.0,0.0,-0.265,0.095642,-0.011818,0.265,23.0,24.0,4.615022,0.0,0.405,0.0,1,0
0x0a1dfd3e01f53be1da38a3c28a69fd9bd1ab1c92167c9432f8ca77b0bbcb273f,sports,1779512413,1780218000,0.5,0.0,0.0,0.0,0.0,0.0,0.0,25.0,195.996389,4.615022,0.0,0.0,0.0,0,0
0xbaae5e2b9ee0183c2f94d3c7ffc82840985f04ccd45d4d646e9485f74f76f8c9,sports,1778457609,1779094800,0.2,0.0,-0.3,-0.3,0.061201,-0.013043,0.3,24.0,176.9975,4.615022,0.0,0.3,0.0,1,0
0xb8037912af0c174648fec3ae1c7d07003dac9d494f2b9829c832fe27ae994296,sports,1779235208,1779868800,0.615,0.0,0.0,-0.08,0.040289,-0.003478,0.08,24.0,175.997778,4.615022,0.0,0.115,0.0,1,1
0x49cfbbd922f31d34ccb9024be96183df14ed77cf0cc7c9882ce45d719489c605,other,1778000406,1778371200,0.085,0.0,-0.415,-0.415,0.137568,-0.017292,0.415,25.0,102.998333,4.615022,0.0,0.415,0.0,0,0
0x49cfbbd922f31d34ccb9024be96183df14ed77cf0cc7c9882ce45d719489c605,other,1778142603,1778371200,0.08,0.0,0.0,0.01,0.158327,0.000435,0.43,24.0,63.499167,4.615022,0.0,0.42,0.0,1,0
0x49cfbbd922f31d34ccb9024be96183df14ed77cf0cc7c9882ce45d719489c605,other,1778284800,1778371200,0.4905,-0.0045,-0.0095,-0.0095,0.002608,-0.000413,0.0145,24.0,24.0,4.615022,0.0,0.0095,0.0,1,0
0x32afb7bb3143724a70f00dbccb8592666b6629d2f1bedb06daaa799c84fd8f12,sports,1778378405,1778507100,0.5,0.0,0.0,0.0,0.0,0.0,0.0,25.0,35.748611,4.615022,0.0,0.0,0.0,0,1
0x32afb7bb3143724a70f00dbccb8592666b6629d2f1bedb06daaa799c84fd8f12,sports,1778399552,1778507100,0.5,0.0,0.0,0.0,0.0,0.0,0.0,24.0,29.874444,4.615022,0.0,0.0,0.0,0,1
0x32afb7bb3143724a70f00dbccb8592666b6629d2f1bedb06daaa799c84fd8f12,sports,1778420700,1778507100,0.5,0.0,0.0,0.0,0.0,0.0,0.0,24.0,24.0,4.615022,0.0,0.0,0.0,1,1
0x5a7d467860b9804e73ab3591289ba0eeccf494348f055286f181b57ffecc57bc,other,1779210006,1780061400,0.49,0.0,0.0,-0.005,0.002518,-0.000217,0.005,24.0,236.498333,4.615022,0.0,0.01,0.0,0,0
0x22f2d50bbfba99441148ceeb639dbb8143fc85d12d554e1453edfe55d2062d9b,sports,1778619611,1778954400,0.5,0.0,0.0,0.0,0.0,0.0,0.0,25.0,92.996944,4.615022,0.0,0.0,0.0,0,0
0x22f2d50bbfba99441148ceeb639dbb8143fc85d12d554e1453edfe55d2062d9b,sports,1778743805,1778954400,0.5,0.0,0.0,0.0,0.0,0.0,0.0,24.0,58.498611,4.615022,0.0,0.0,0.0,0,0
0x22f2d50bbfba99441148ceeb639dbb8143fc85d12d554e1453edfe55d2062d9b,sports,1778868000,1778954400,0.5,0.0,0.0,0.0,0.0,0.0,0.0,23.0,24.0,4.615022,0.0,0.0,0.0,1,0
0xe48b74e75d8e68fdfc0f66cd5a95c67c857316804cc60a85cfa5934261d3f123,sports,1778619615,1778944500,0.5,0.0,0.0,0.0,0.002,0.0,0.01,25.0,90.245833,4.615022,0.0,0.0,0.0,1,0
0xe48b74e75d8e68fdfc0f66cd5a95c67c857316804cc60a85cfa5934261d3f123,sports,1778738857,1778944500,0.27,0.0,0.0,-0.23,0.077701,-0.01,0.23,24.0,57.123056,4.615022,0.0,0.23,0.0,0,0
0xe48b74e75d8e68fdfc0f66cd5a95c67c857316804cc60a85cfa5934261d3f123,sports,1778858100,1778944500,0.265,0.0,0.0,0.0,0.0,0.0,0.0,23.0,24.0,4.615022,0.0,0.235,0.0,1,0
0xc560e01522c42454ed75dacadd3eeaef1e5a958129030dc4995feaa262871d5d,other,1778000406,1778371200,0.095,-0.005,0.025,-0.405,0.166583,-0.016875,0.43,25.0,102.998333,4.615022,0.0,0.405,0.0,0,0
0xc560e01522c42454ed75dacadd3eeaef1e5a958129030dc4995feaa262871d5d,other,1778142603,1778371200,0.11,0.005,0.005,0.015,0.01525,0.001304,0.085,24.0,63.499167,4.615022,0.0,0.39,0.0,1,0
0xc560e01522c42454ed75dacadd3eeaef1e5a958129030dc4995feaa262871d5d,other,1778284800,1778371200,0.5,0.0,0.0,0.43,0.162159,0.018913,0.44,24.0,24.0,4.615022,0.0,0.0,0.0,0,0
0xae99ca808e20fb500c10eebb18d720ebb5d8aec3d2ffe8df3cdd6f55bed84ba8,sports,1779202803,1779364800,0.635,0.0,-0.005,-0.05,0.016049,-0.002174,0.055,24.0,44.999167,4.615022,0.0,0.135,0.0,0,0
0xae99ca808e20fb500c10eebb18d720ebb5d8aec3d2ffe8df3cdd6f55bed84ba8,sports,1779240601,1779364800,0.65,-0.005,0.02,0.01,0.012619,0.000435,0.05,24.0,34.499722,4.615022,0.0,0.15,0.0,0,0
0xae99ca808e20fb500c10eebb18d720ebb5d8aec3d2ffe8df3cdd6f55bed84ba8,sports,1779278400,1779364800,0.66,0.02,-0.005,0.025,0.015393,0.001087,0.055,24.0,24.0,4.615022,0.0,0.16,0.0,1,0
0xb1776d18d61b0fcddebe61c2143300756b4c2c76b3c81432d62b853488ef932f,sports,1778904007,1779195600,0.5,0.0,0.0,0.0,0.002085,0.0,0.01,23.0,80.998056,4.615022,0.0,0.0,0.0,1,1
0xb1776d18d61b0fcddebe61c2143300756b4c2c76b3c81432d62b853488ef932f,sports,1779006603,1779195600,0.68,0.0,0.0,0.18,0.036742,0.007826,0.18,24.0,52.499167,4.615022,0.0,0.18,0.0,0,1
0xb1776d18d61b0fcddebe61c2143300756b4c2c76b3c81432d62b853488ef932f,sports,1779109200,1779195600,0.645,-0.01,-0.02,-0.035,0.010266,-0.001522,0.035,24.0,24.0,4.615022,0.0,0.145,0.0,1,1
0x5a39f5cf1947913b28f661c7260bd03c3def41efe763e9e2c44a45f65e157b6f,other,1779210009,1780061400,0.49,0.0,0.0,-0.01,0.003878,-0.000435,0.01,24.0,236.4975,4.615022,0.0,0.01,0.0,0,0
0x9c0a8ecac623937df96eede5bd4fbf8d7dfd143500ae75440b91ffcb2cdf2328,sports,1779235211,1779868800,0.695,0.0,0.0,0.195,0.05762,0.008478,0.195,24.0,175.996944,4.615022,0.0,0.195,0.0,1,1
0x5d71e69595e23112d76dd15a2b29e0b0a90a65cbde3cb7ba4b08a5b24c827770,other,1778004007,1778371200,0.07,0.0,-0.43,-0.43,0.160458,-0.017917,0.43,25.0,101.998056,4.615022,0.0,0.43,0.0,0,0
0x5d71e69595e23112d76dd15a2b29e0b0a90a65cbde3cb7ba4b08a5b24c827770,other,1778144403,1778371200,0.07,0.005,0.0,-0.015,0.042934,-0.000652,0.215,24.0,62.999167,4.615022,0.0,0.43,0.0,1,0
0x5d71e69595e23112d76dd15a2b29e0b0a90a65cbde3cb7ba4b08a5b24c827770,other,1778284800,1778371200,0.455,-0.03,-0.045,-0.045,0.010458,-0.001957,0.05,24.0,24.0,4.615022,0.0,0.045,0.0,1,0
0xad747306cee70029d9ae12484997b5b867e1abf3b831da47a54c971079b0f604,other,1778000407,1778371200,0.145,0.005,0.005,-0.355,0.158791,-0.015435,0.365,24.0,102.998056,4.615022,0.0,0.355,0.0,0,0
0xad747306cee70029d9ae12484997b5b867e1abf3b831da47a54c971079b0f604,other,1778142603,1778371200,0.145,0.005,-0.225,0.01,0.080912,0.000435,0.315,24.0,63.499167,4.615022,0.0,0.355,0.0,1,0
0xad747306cee70029d9ae12484997b5b867e1abf3b831da47a54c971079b0f604,other,1778284800,1778371200,0.5,0.0,0.02,0.405,0.206518,0.018478,0.435,24.0,24.0,4.615022,0.0,0.0,0.0,0,0
0x95033627df6036a97463177c011049b098f9901142d47d7ea14cc7a1c55a6dc2,sports,1778619615,1778944500,0.5,0.0,0.0,0.0,0.0025,0.0,0.015,25.0,90.245833,4.615022,0.0,0.0,0.0,0,1
0x95033627df6036a97463177c011049b098f9901142d47d7ea14cc7a1c55a6dc2,sports,1778738857,1778944500,0.5,0.0,0.0,0.0,0.0,0.0,0.0,24.0,57.123056,4.615022,0.0,0.0,0.0,0,1
0x95033627df6036a97463177c011049b098f9901142d47d7ea14cc7a1c55a6dc2,sports,1778858100,1778944500,0.5,0.0,0.0,0.0,0.0,0.0,0.0,23.0,24.0,4.615022,0.0,0.0,0.0,1,1
0x42277f73cac8dc1f0df345b08e244c34e58a02b667481f240f3b6401033b5b4f,sports,1778457604,1779094800,0.5,0.0,0.0,0.0,0.001021,0.0,0.005,24.0,176.998889,4.615022,0.0,0.0,0.0,0,0
0x2f263c767cad55cc258044cad0431e82260fad2d7113e32eb301e2ee55f8f1e1,sports,1778457604,1779094800,0.615,0.0,0.045,0.12,0.054006,0.005217,0.2,24.0,176.998889,4.615022,0.0,0.115,0.0,1,0
0x4b3b6d15d696d1b4f262a10eefb5127a5986c832a395fccdd4227ea6d1aa83f8,other,1778000408,1778371200,0.145,0.0,0.03,-0.355,0.140997,-0.015435,0.405,24.0,102.997778,4.615022,0.0,0.355,0.0,0,0
0x4b3b6d15d696d1b4f262a10eefb5127a5986c832a395fccdd4227ea6d1aa83f8,other,1778142604,1778371200,0.135,0.025,-0.2,-0.02,0.077117,0.001087,0.34,24.0,63.498889,4.615022,0.0,0.365,0.0,1,0
0x4b3b6d15d696d1b4f262a10eefb5127a5986c832a395fccdd4227ea6d1aa83f8,other,1778284800,1778371200,0.12,0.0,0.0,0.0,0.025064,0.0,0.06,24.0,24.0,4.615022,0.0,0.38,0.0,0,0
0x198e217daeaa1542521d82cb6677522af1bb79ac896081ba83d6bbf0afc2b66f,sports,1778374809,1778507100,0.265,0.0,0.005,-0.235,0.086915,-0.009792,0.24,25.0,36.7475,4.615022,0.0,0.235,0.0,1,0
0x198e217daeaa1542521d82cb6677522af1bb79ac896081ba83d6bbf0afc2b66f,sports,1778397754,1778507100,0.265,0.0,0.0,-0.005,0.002823,0.0,0.01,24.0,30.373889,4.615022,0.0,0.235,0.0,1,0
0x198e217daeaa1542521d82cb6677522af1bb79ac896081ba83d6bbf0afc2b66f,sports,1778420700,1778507100,0.265,0.0,0.0,-0.005,0.002658,-0.000217,0.01,24.0,24.0,4.615022,0.0,0.235,0.0,1,0
0xc11083556e71c80b616cf873a1f3e6fd60d42f24792c682d88d4738018c44a55,other,1778151605,1778418000,0.165,0.0,0.0,-0.335,0.168097,-0.013958,0.335,25.0,73.998611,4.615022,0.0,0.335,0.0,0,0
0xc11083556e71c80b616cf873a1f3e6fd60d42f24792c682d88d4738018c44a55,other,1778241602,1778418000,0.14,0.0,0.005,-0.025,0.012112,-0.001522,0.045,24.0,48.999444,4.615022,0.0,0.36,0.0,0,0
0xc11083556e71c80b616cf873a1f3e6fd60d42f24792c682d88d4738018c44a55,other,1778331600,1778418000,0.11,-0.015,-0.005,-0.025,0.009086,-0.001087,0.035,24.0,24.0,4.615022,0.0,0.39,0.0,0,0
0xd0a09983f73373a7ea6ad7b96b20219034d3dac75e83adffc2ba75d08980ed1f,sports,1778360406,1778507100,0.25,0.0,-0.025,-0.25,0.110971,-0.01087,0.25,24.0,40.748333,4.615022,0.0,0.25,0.0,0,0
0xd0a09983f73373a7ea6ad7b96b20219034d3dac75e83adffc2ba75d08980ed1f,sports,1778390553,1778507100,0.26,-0.02,-0.01,-0.015,0.010624,-0.000652,0.035,24.0,32.374167,4.615022,0.0,0.24,0.0,0,0
0xd0a09983f73373a7ea6ad7b96b20219034d3dac75e83adffc2ba75d08980ed1f,sports,1778420700,1778507100,0.26,-0.01,-0.01,-0.015,0.011317,-0.000652,0.035,24.0,24.0,4.615022,0.0,0.24,0.0,1,0
0x42752ae96382e4cea4e291385670c4f14bf4e2d5851d542a3eb4c6c532395c46,sports,1778162411,1778810400,0.52,0.0,0.005,-0.005,0.005036,-0.000217,0.015,24.0,179.996944,4.615022,0.0,0.02,0.0,1,1
0xd8be350cbe236d82528bdcb3a5e78ec6884db6f69de18a9e9c978426c19b3784,sports,1778364006,1778490000,0.5,0.0,0.0,0.0,0.0,0.0,0.0,24.0,34.998333,4.615022,0.0,0.0,0.0,0,1
0xd8be350cbe236d82528bdcb3a5e78ec6884db6f69de18a9e9c978426c19b3784,sports,1778383803,1778490000,0.5,0.0,0.0,0.0,0.0,0.0,0.0,24.0,29.499167,4.615022,0.0,0.0,0.0,0,1
0xd8be350cbe236d82528bdcb3a5e78ec6884db6f69de18a9e9c978426c19b3784,sports,1778403600,1778490000,0.5,0.0,0.0,0.0,0.0,0.0,0.0,24.0,24.0,4.615022,0.0,0.0,0.0,1,1
0xef0fadc0c4e3fe0483ab1e552b604528ca0ace18a12bd05e44bcd76e4d59aaed,sports,1778378405,1778490000,0.675,0.02,-0.005,0.175,0.061055,0.007292,0.195,25.0,30.998611,4.615022,0.0,0.175,0.0,0,1
0xef0fadc0c4e3fe0483ab1e552b604528ca0ace18a12bd05e44bcd76e4d59aaed,sports,1778391002,1778490000,0.675,0.02,0.0,-0.01,0.015036,-0.000435,0.05,24.0,27.499444,4.615022,0.0,0.175,0.0,1,1
0xef0fadc0c4e3fe0483ab1e552b604528ca0ace18a12bd05e44bcd76e4d59aaed,sports,1778403600,1778490000,0.675,0.01,0.0,-0.015,0.016037,-0.000652,0.05,24.0,24.0,4.615022,0.0,0.175,0.0,1,1
0x014199865232368b8189182d6c1c3df4d8a2b28705c3e2a041973ff2d767d3c5,sports,1778619604,1778954400,0.5,0.005,0.005,0.0,0.002041,0.0,0.005,25.0,92.998889,4.615022,0.0,0.0,0.0,1,0
0x014199865232368b8189182d6c1c3df4d8a2b28705c3e2a041973ff2d767d3c5,sports,1778743802,1778954400,0.275,0.0,0.0,-0.225,0.086376,-0.009783,0.23,24.0,58.499444,4.615022,0.0,0.225,0.0,0,0
0x014199865232368b8189182d6c1c3df4d8a2b28705c3e2a041973ff2d767d3c5,sports,1778868000,1778954400,0.28,0.025,0.005,0.0,0.011065,0.001364,0.035,23.0,24.0,4.615022,0.0,0.22,0.0,1,0
0x8ab18d734b185f3a7f20b5aee03fd897486bf8400fbcb4f0425176989ef651eb,sports,1778356807,1778490000,0.28,0.035,0.005,-0.22,0.11386,-0.009565,0.255,24.0,36.998056,4.615022,0.0,0.22,0.0,0,0
0x8ab18d734b185f3a7f20b5aee03fd897486bf8400fbcb4f0425176989ef651eb,sports,1778380203,1778490000,0.25,-0.02,-0.03,-0.25,0.0661,-0.01087,0.255,24.0,30.499167,4.615022,0.0,0.25,0.0,0,0
0x8ab18d734b185f3a7f20b5aee03fd897486bf8400fbcb4f0425176989ef651eb,sports,1778403600,1778490000,0.25,-0.01,0.0,-0.025,0.012052,-0.001087,0.035,24.0,24.0,4.615022,0.0,0.25,0.0,1,0
0x28f499aa4d6cdc2fd6a5f0cd9a6f65130178f699029e048acbd1ef779aca253e,sports,1778882409,1779109800,0.27,0.0,0.0,-0.23,0.116624,-0.01,0.245,24.0,63.164167,4.615022,0.0,0.23,0.0,0,0
0x28f499aa4d6cdc2fd6a5f0cd9a6f65130178f699029e048acbd1ef779aca253e,sports,1778952904,1779109800,0.265,0.0,-0.005,-0.005,0.001903,-0.000217,0.005,24.0,43.582222,4.615022,0.0,0.235,0.0,0,0
0x28f499aa4d6cdc2fd6a5f0cd9a6f65130178f699029e048acbd1ef779aca253e,sports,1779023400,1779109800,0.265,0.0,0.0,-0.005,0.0,0.0,0.0,24.0,24.0,4.615022,0.0,0.235,0.0,1,0
0xbd28136abfdb3dd88247f93cea14d11f5b32f748d9d074ac96ab1667219fc0ee,sports,1778364007,1778490000,0.27,0.0,0.025,-0.23,0.10966,-0.01,0.27,24.0,34.998056,4.615022,0.0,0.23,0.0,0,0
0xbd28136abfdb3dd88247f93cea14d11f5b32f748d9d074ac96ab1667219fc0ee,sports,1778383803,1778490000,0.265,0.0,-0.005,-0.235,0.048912,-0.010217,0.27,24.0,29.499167,4.615022,0.0,0.235,0.0,0,0
0xbd28136abfdb3dd88247f93cea14d11f5b32f748d9d074ac96ab1667219fc0ee,sports,1778403600,1778490000,0.265,0.0,0.0,-0.005,0.009086,-0.000217,0.04,24.0,24.0,4.615022,0.0,0.235,0.0,1,0
0xeb7969bf11905654962ed046fede4db76c6d26e123ae7301f7fccda363d15546,sports,1778983205,1779523200,0.5,0.0,0.0,0.0,0.0,0.0,0.0,24.0,149.998611,4.615022,0.0,0.0,0.0,1,0
0xbfca70ead68a36497f01b5920e84f2a6e5b140e11fc0619f100600ea614fc2e6,sports,1778878811,1779109800,0.685,0.0,0.0,0.185,0.095599,0.008043,0.195,24.0,64.163611,4.615022,0.0,0.185,0.0,0,1
0xbfca70ead68a36497f01b5920e84f2a6e5b140e11fc0619f100600ea614fc2e6,sports,1778951105,1779109800,0.675,0.025,-0.01,-0.01,0.008805,-0.000435,0.035,24.0,44.081944,4.615022,0.0,0.175,0.0,0,1
0xbfca70ead68a36497f01b5920e84f2a6e5b140e11fc0619f100600ea614fc2e6,sports,1779023400,1779109800,0.655,0.0,0.0,-0.03,0.009998,-0.00087,0.03,24.0,24.0,4.615022,0.0,0.155,0.0,1,1
0x55fcd27bba104bc03c546f6a207a37ab65a7aae5fe5150dffe0cfe3af847186c,sports,1778011207,1779112800,0.49,0.0,-0.005,-0.01,0.003379,-0.000417,0.01,25.0,305.998056,4.615022,0.0,0.01,0.0,0,1
0x55fcd27bba104bc03c546f6a207a37ab65a7aae5fe5150dffe0cfe3af847186c,sports,1778518803,1779112800,0.495,0.0,0.0,0.0,0.0,0.0,0.0,24.0,164.999167,4.615022,0.0,0.005,0.0,0,1
0x55fcd27bba104bc03c546f6a207a37ab65a7aae5fe5150dffe0cfe3af847186c,sports,1779026400,1779112800,0.645,-0.03,0.0,-0.035,0.012762,-0.001522,0.035,24.0,24.0,4.615022,0.0,0.145,0.0,1,1
0xe9fee2be66c08e1bd8f4b85ffe08abb5971501c8f8b0565972bb6505dd5a8bed,sports,1779390007,1779801000,0.495,0.0,0.0,-0.005,0.002322,-0.000217,0.005,24.0,114.164722,4.615022,0.0,0.005,0.0,0,1
0xe9fee2be66c08e1bd8f4b85ffe08abb5971501c8f8b0565972bb6505dd5a8bed,sports,1779552303,1779801000,0.515,0.0,0.005,0.015,0.006423,0.000652,0.015,24.0,69.0825,4.615022,0.0,0.015,0.0,0,1
0xe9fee2be66c08e1bd8f4b85ffe08abb5971501c8f8b0565972bb6505dd5a8bed,sports,1779714600,1779801000,0.515,0.0,0.0,0.0,0.0,0.0,0.0,24.0,24.0,4.615022,0.0,0.015,0.0,0,1
0xe35d6dcdf15601d91f9fb70f39a168b86ec2a1ec9c1066353fdf70d5e54507f1,other,1778000407,1778371200,0.09,0.0,0.005,-0.41,0.157124,-0.017826,0.43,24.0,102.998056,4.615022,0.0,0.41,0.0,0,0
0xe35d6dcdf15601d91f9fb70f39a168b86ec2a1ec9c1066353fdf70d5e54507f1,other,1778142603,1778371200,0.095,0.0,0.0,0.0,0.008209,0.0,0.045,24.0,63.499167,4.615022,0.0,0.405,0.0,1,0
0xe35d6dcdf15601d91f9fb70f39a168b86ec2a1ec9c1066353fdf70d5e54507f1,other,1778284800,1778371200,0.5,0.0,-0.005,0.445,0.149796,0.019348,0.45,24.0,24.0,4.615022,0.0,0.0,0.0,0,0
0x1835bae2ed11df124d000335fe3347d774046e97da3c7210bee1187fbe239ebe,sports,1778904007,1779195600,0.5,0.0,0.0,0.0,0.003175,0.0,0.015,23.0,80.998056,4.615022,0.0,0.0,0.0,1,0
0x1835bae2ed11df124d000335fe3347d774046e97da3c7210bee1187fbe239ebe,sports,1779006603,1779195600,0.27,0.0,0.0,-0.23,0.046949,-0.01,0.23,24.0,52.499167,4.615022,0.0,0.23,0.0,0,0
0x1835bae2ed11df124d000335fe3347d774046e97da3c7210bee1187fbe239ebe,sports,1779109200,1779195600,0.285,0.02,0.0,0.015,0.008076,0.000652,0.03,24.0,24.0,4.615022,0.0,0.215,0.0,1,0
0x7bef8c24374b5d12b607ff6657577fd6aad9dafd83c65509d7d30dce2e4b19de,sports,1778457610,1779094800,0.5,0.0,0.0,0.005,0.001474,0.000217,0.01,24.0,176.997222,4.615022,0.0,0.0,0.0,1,0
0x06906b187cff3e80d3b70e441bd49728edd861024f85a1a3d794f5db6be41f0b,sports,1779156006,1779687000,0.56,0.0,0.0,0.255,0.053023,0.010625,0.26,25.0,147.498333,4.615022,0.0,0.06,0.0,1,0
0xf3a4079be8d2bb98efbf91ac6d38198bf78859e00a3734bb476ed24e5718b33b,sports,1779516024,1780218000,0.575,0.0,0.0,0.075,0.071924,0.003125,0.205,25.0,194.993333,4.615022,0.0,0.075,0.0,1,0
0x0b1211c8228cfec8da6d01575070ecd5c70363c90679257ca2279c819437896c,sports,1779732004,1780299000,0.5,0.0,0.0,0.0,0.0,0.0,0.0,25.0,157.498889,4.615022,0.0,0.0,0.0,1,0
0xad42ed2050e6a36ba424d29f77f7d292b7461718831ea7a526a44109d7e1cb09,sports,1778382006,1778490000,0.28,0.03,0.0,-0.22,0.06459,-0.009167,0.255,25.0,29.998333,4.615022,0.0,0.22,0.0,1,0
0xad42ed2050e6a36ba424d29f77f7d292b7461718831ea7a526a44109d7e1cb09,sports,1778392803,1778490000,0.25,-0.02,-0.01,-0.03,0.011885,-0.001304,0.035,24.0,26.999167,4.615022,0.0,0.25,0.0,1,0
0xad42ed2050e6a36ba424d29f77f7d292b7461718831ea7a526a44109d7e1cb09,sports,1778403600,1778490000,0.25,-0.01,0.0,-0.03,0.012052,-0.001087,0.035,24.0,24.0,4.615022,0.0,0.25,0.0,1,0
0x3db98e6a8953818c4d530ebd94a3eb97760a50fbeb2c15405f7b940e1e24de84,other,1778259614,1779022800,0.505,0.0,0.005,0.0,0.002179,0.0,0.005,25.0,211.996111,4.615022,0.0,0.005,0.0,0,1
0x3db98e6a8953818c4d530ebd94a3eb97760a50fbeb2c15405f7b940e1e24de84,other,1778598007,1779022800,0.495,0.0,0.0,0.005,0.004165,0.000435,0.01,24.0,117.998056,4.615022,0.0,0.005,0.0,0,1
0x3db98e6a8953818c4d530ebd94a3eb97760a50fbeb2c15405f7b940e1e24de84,other,1778936400,1779022800,0.495,0.0,0.0,-0.005,0.007365,-0.000227,0.04,23.0,24.0,4.615022,0.0,0.005,0.0,1,1
0x789f9f03a499932280335cba0cc66b79fc36a6d3d0489d50a3346390e4fe9255,other,1778000408,1778371200,0.09,0.0,-0.41,-0.41,0.115696,-0.017826,0.41,24.0,102.997778,4.615022,0.0,0.41,0.0,0,0
0x789f9f03a499932280335cba0cc66b79fc36a6d3d0489d50a3346390e4fe9255,other,1778142604,1778371200,0.085,-0.01,-0.015,-0.05,0.037197,-0.001957,0.2,24.0,63.498889,4.615022,0.0,0.415,0.0,1,0
0x789f9f03a499932280335cba0cc66b79fc36a6d3d0489d50a3346390e4fe9255,other,1778284800,1778371200,0.4865,-0.0085,-0.0135,0.3315,0.150723,0.014413,0.35,24.0,24.0,4.615022,0.0,0.0135,0.0,1,0
0xf0b36d92fd4e70baa55a4bf0d6415fae4dbeb1fbba0dba8a8eb495e8f976e351,sports,1778518827,1778932800,0.49,0.0,-0.005,-0.015,0.003055,-0.000625,0.015,25.0,114.9925,4.615022,0.0,0.01,0.0,0,0
0xf0b36d92fd4e70baa55a4bf0d6415fae4dbeb1fbba0dba8a8eb495e8f976e351,sports,1778682613,1778932800,0.27,0.0,-0.23,-0.22,0.100584,-0.009565,0.23,24.0,69.496389,4.615022,0.0,0.23,0.0,0,0
0xf0b36d92fd4e70baa55a4bf0d6415fae4dbeb1fbba0dba8a8eb495e8f976e351,sports,1778846400,1778932800,0.285,0.015,0.0,0.01,0.010801,0.000217,0.03,24.0,24.0,4.615022,0.0,0.215,0.0,1,0
0x0c15b8326bef123f364130a62e13ce0f4bc82efd8ed7a20d6b23b40b99b79565,other,1778983205,1779523200,0.505,0.0,0.005,0.0,0.001903,0.0,0.005,24.0,149.998611,4.615022,0.0,0.005,0.0,1,0
0x26d75d54371012483154f43ab43fd471e433bcfe8240a3530249a967cb6354a7,sports,1778374809,1778490000,0.265,0.0,0.035,-0.235,0.088449,-0.009792,0.27,25.0,31.9975,4.615022,0.0,0.235,0.0,0,0
0x26d75d54371012483154f43ab43fd471e433bcfe8240a3530249a967cb6354a7,sports,1778389204,1778490000,0.265,0.0,-0.005,-0.235,0.00978,0.0,0.05,24.0,27.998889,4.615022,0.0,0.235,0.0,0,0
0x26d75d54371012483154f43ab43fd471e433bcfe8240a3530249a967cb6354a7,sports,1778403600,1778490000,0.265,0.0,0.0,-0.005,0.009086,-0.000217,0.04,24.0,24.0,4.615022,0.0,0.235,0.0,1,0
0x09d8365eb1ab982baedfc59c2987e0602b3e0ef7b3a44ff2d0d74e57dd09212f,sports,1778904005,1779195600,0.5,0.0,0.0,0.0,0.0,0.0,0.0,23.0,80.998611,4.615022,0.0,0.0,0.0,1,0
0x09d8365eb1ab982baedfc59c2987e0602b3e0ef7b3a44ff2d0d74e57dd09212f,sports,1779006602,1779195600,0.27,0.0,0.0,-0.23,0.046949,-0.01,0.23,24.0,52.499444,4.615022,0.0,0.23,0.0,0,0
0x09d8365eb1ab982baedfc59c2987e0602b3e0ef7b3a44ff2d0d74e57dd09212f,sports,1779109200,1779195600,0.265,0.0,0.0,-0.005,0.002212,-0.000217,0.005,24.0,24.0,4.615022,0.0,0.235,0.0,1,0
0x77d77ac30bba0d66f50f2dcf7f893e86c3df5e10ce7f5ffa74b3c6a748c69aae,sports,1779951606,1780585200,0.66,-0.005,0.0,0.16,0.080013,0.006667,0.165,25.0,175.998333,4.615022,0.0,0.16,0.0,1,0
0xcc268731f38559564aab70b3ee3e7fe81cd5f20881d24c2ec850b03d64447a12,other,1778659209,1778938200,0.21,0.0,0.0,-0.29,0.128717,-0.012609,0.3,24.0,77.4975,4.615022,0.0,0.29,0.0,0,0
0xcc268731f38559564aab70b3ee3e7fe81cd5f20881d24c2ec850b03d64447a12,other,1778755504,1778938200,0.195,0.0,-0.005,-0.005,0.003612,-0.000217,0.01,24.0,50.748889,4.615022,0.0,0.305,0.0,0,0
0xcc268731f38559564aab70b3ee3e7fe81cd5f20881d24c2ec850b03d64447a12,other,1778851800,1778938200,0.19,0.02,-0.005,-0.01,0.006903,-0.000435,0.03,24.0,24.0,4.615022,0.0,0.31,0.0,0,0
0xec50073e44d90e4e80aa9d119f1f13e758e30ce2fb097630f1441b8f0a436b3a,sports,1778904006,1779195600,0.5,0.0,0.0,0.0,0.002794,0.0,0.01,23.0,80.998333,4.615022,0.0,0.0,0.0,1,0
0xec50073e44d90e4e80aa9d119f1f13e758e30ce2fb097630f1441b8f0a436b3a,sports,1779006603,1779195600,0.27,0.0,0.0,-0.23,0.046949,-0.01,0.23,24.0,52.499167,4.615022,0.0,0.23,0.0,0,0
0xec50073e44d90e4e80aa9d119f1f13e758e30ce2fb097630f1441b8f0a436b3a,sports,1779109200,1779195600,0.285,0.01,0.02,0.015,0.007173,0.000652,0.03,24.0,24.0,4.615022,0.0,0.215,0.0,1,0
0xfb83b10245fc7e6034e644056f779c53b03b3097d0c5d4b113545a20d8ab3c0a,other,1778659210,1778938200,0.15,0.0,0.0,-0.35,0.153962,-0.015217,0.35,24.0,77.497222,4.615022,0.0,0.35,0.0,0,1
0xfb83b10245fc7e6034e644056f779c53b03b3097d0c5d4b113545a20d8ab3c0a,other,1778755505,1778938200,0.11,-0.025,-0.03,-0.035,0.007491,-0.001522,0.035,24.0,50.748611,4.615022,0.0,0.39,0.0,0,1
0xfb83b10245fc7e6034e644056f779c53b03b3097d0c5d4b113545a20d8ab3c0a,other,1778851800,1778938200,0.135,0.02,-0.005,-0.005,0.007799,-0.000217,0.025,24.0,24.0,4.615022,0.0,0.365,0.0,0,1
0x3afb47536c70f2bce7e4da9b492b69afb939ca9498c5482a577e05a79d136280,sports,1778047217,1778749200,0.425,0.0,0.0,-0.075,0.072136,-0.003261,0.26,24.0,194.995278,4.615022,0.0,0.075,0.0,1,0
0x016f97165c88ea9e5f5caa3d28dfbdd5618a982bd57735c4f68b1575270674a8,other,1777982406,1778167800,0.5,0.0,-0.01,-0.005,0.002545,-0.000217,0.01,24.0,51.498333,4.615022,0.0,0.0,0.0,1,0
0x016f97165c88ea9e5f5caa3d28dfbdd5618a982bd57735c4f68b1575270674a8,other,1778031903,1778167800,0.49,0.0,0.065,-0.015,0.043487,-0.000652,0.18,24.0,37.749167,4.615022,0.0,0.01,0.0,1,0
0x016f97165c88ea9e5f5caa3d28dfbdd5618a982bd57735c4f68b1575270674a8,other,1778081400,1778167800,0.445,-0.035,-0.03,-0.045,0.03974,-0.001087,0.17,24.0,24.0,4.615022,0.0,0.055,0.0,1,0
0x9fcd9e7b06534e98cf736410b03e4d7b6c96863a7252441b7bbe4372a8a02d77,sports,1778983206,1779523200,0.505,0.0,0.005,0.005,0.002408,0.000217,0.01,24.0,149.998333,4.615022,0.0,0.005,0.0,1,0
0x14c793f1824e7af5841266aecce29e1247ec83c661879f40f40df888abf66682,sports,1777618807,1778072400,0.495,0.0,0.0,-0.005,0.0025,-0.000208,0.015,25.0,125.998056,4.615022,0.0,0.005,0.0,0,0
0x14c793f1824e7af5841266aecce29e1247ec83c661879f40f40df888abf66682,sports,1777802403,1778072400,0.5,0.0,0.0,0.0,0.002545,0.0,0.01,24.0,74.999167,4.615022,0.0,0.0,0.0,1,0
0x14c793f1824e7af5841266aecce29e1247ec83c661879f40f40df888abf66682,sports,1777986000,1778072400,0.265,0.0,-0.005,0.065,0.026165,0.002826,0.07,24.0,24.0,4.615022,0.0,0.235,0.0,1,0
0xe92a7b2060eb3742faac5f0ebb7cd435b97129ed0aa26a75ae8dca73b9895af0,sports,1778720409,1778951400,0.495,0.0,0.0,-0.005,0.002449,-0.000208,0.005,25.0,64.164167,4.615022,0.0,0.005,0.0,0,1
0xe92a7b2060eb3742faac5f0ebb7cd435b97129ed0aa26a75ae8dca73b9895af0,sports,1778792704,1778951400,0.5,0.0,0.005,0.005,0.001903,0.000217,0.005,24.0,44.082222,4.615022,0.0,0.0,0.0,0,1
0xe92a7b2060eb3742faac5f0ebb7cd435b97129ed0aa26a75ae8dca73b9895af0,sports,1778865000,1778951400,0.505,0.005,0.005,0.01,0.001833,0.000227,0.01,23.0,24.0,4.615022,0.0,0.005,0.0,1,1
0x7054c86b5ee46090aa4784cb82e33885cf900ceca5e98a0bfe95b83e7de2ff52,sports,1778115609,1779120000,0.49,0.0,-0.005,-0.01,0.003379,-0.000417,0.01,25.0,278.9975,4.615022,0.0,0.01,0.0,0,0
0x7054c86b5ee46090aa4784cb82e33885cf900ceca5e98a0bfe95b83e7de2ff52,sports,1778574604,1779120000,0.5,0.0,0.0,0.0,0.0,0.0,0.0,24.0,151.498889,4.615022,0.0,0.0,0.0,0,0
0x7054c86b5ee46090aa4784cb82e33885cf900ceca5e98a0bfe95b83e7de2ff52,sports,1779033600,1779120000,0.27,0.0,0.01,0.0,0.009891,0.0,0.03,24.0,24.0,4.615022,0.0,0.23,0.0,1,0
0xa11193718c1cf062663338d5a1b4a6dcda96f06b978aca1e4e7b1bbbaf9856a4,sports,1778882411,1779109800,0.45,0.0,0.0,-0.05,0.025181,-0.002174,0.05,24.0,63.163611,4.615022,0.0,0.05,0.0,0,1
0xa11193718c1cf062663338d5a1b4a6dcda96f06b978aca1e4e7b1bbbaf9856a4,sports,1778952905,1779109800,0.415,0.0,-0.035,-0.035,0.012201,-0.001522,0.035,24.0,43.581944,4.615022,0.0,0.085,0.0,0,1
0xa11193718c1cf062663338d5a1b4a6dcda96f06b978aca1e4e7b1bbbaf9856a4,sports,1779023400,1779109800,0.41,0.0,0.0,-0.04,0.004165,-0.00087,0.02,24.0,24.0,4.615022,0.0,0.09,0.0,1,1
0x0d28d175f95a817a1dabf7b8bc2068c6d5dbaa15d9dd803b25107436b549d142,other,1778284805,1778979600,0.505,0.005,0.0,0.0,0.004165,0.0,0.015,24.0,192.998611,4.615022,0.0,0.005,0.0,0,1
0xb77626d8b0eecade8ea6fcc1d44f35a880e8da39d22785926ba9f547b890d06c,sports,1777806007,1778101200,0.5,0.0,0.0,0.0,0.002408,0.0,0.005,24.0,81.998056,4.615022,0.0,0.0,0.0,1,0
0xb77626d8b0eecade8ea6fcc1d44f35a880e8da39d22785926ba9f547b890d06c,sports,1777910403,1778101200,0.735,0.005,0.0,0.235,0.066478,0.010217,0.235,24.0,52.999167,4.615022,0.0,0.235,0.0,1,0
0xb77626d8b0eecade8ea6fcc1d44f35a880e8da39d22785926ba9f547b890d06c,sports,1778014800,1778101200,0.665,-0.005,0.0,0.0,0.001903,0.0,0.005,24.0,24.0,4.615022,0.0,0.165,0.0,1,0
0xc942fc51ffdd8f4c1b919a1e36a1ec4add12c23ab57c774c28fb739166bfcfe1,sports,1778000407,1778457600,0.49,-0.005,-0.005,-0.01,0.002242,-0.000435,0.01,24.0,126.998056,4.615022,0.0,0.01,0.0,0,1
0xc942fc51ffdd8f4c1b919a1e36a1ec4add12c23ab57c774c28fb739166bfcfe1,sports,1778185803,1778457600,0.5,0.0,0.005,0.005,0.003185,0.000217,0.01,24.0,75.499167,4.615022,0.0,0.0,0.0,1,1
0xc942fc51ffdd8f4c1b919a1e36a1ec4add12c23ab57c774c28fb739166bfcfe1,sports,1778371200,1778457600,0.67,0.005,-0.025,-0.01,0.011389,-0.000435,0.05,24.0,24.0,4.615022,0.0,0.17,0.0,1,1
0xb6e14c1130659ef76a9766a0a5caec728848ffb5b0aef13a4bf82aa12013f851,sports,1777842010,1778112000,0.745,0.245,0.245,0.245,0.049153,0.010208,0.25,25.0,74.997222,4.615022,0.0,0.245,0.0,1,1
0xb6e14c1130659ef76a9766a0a5caec728848ffb5b0aef13a4bf82aa12013f851,sports,1777933805,1778112000,0.67,0.0,-0.075,-0.08,0.033976,-0.003261,0.08,24.0,49.498611,4.615022,0.0,0.17,0.0,0,1
0xb6e14c1130659ef76a9766a0a5caec728848ffb5b0aef13a4bf82aa12013f851,sports,1778025600,1778112000,0.67,-0.005,0.0,0.0,0.002212,0.0,0.005,24.0,24.0,4.615022,0.0,0.17,0.0,1,1
0xbfa81783514258539651acf2fa8e9dd1cb7fdff69a652ffc04da2e622d9ff0ca,other,1778058006,1778418000,0.49,0.0,0.0,-0.015,0.005067,-0.000652,0.015,24.0,99.998333,4.615022,0.0,0.01,0.0,0,0
0xbfa81783514258539651acf2fa8e9dd1cb7fdff69a652ffc04da2e622d9ff0ca,other,1778194803,1778418000,0.145,0.0,-0.015,-0.35,0.165903,-0.015217,0.36,24.0,61.999167,4.615022,0.0,0.355,0.0,0,0
0xbfa81783514258539651acf2fa8e9dd1cb7fdff69a652ffc04da2e622d9ff0ca,other,1778331600,1778418000,0.115,-0.015,0.0,-0.03,0.012495,-0.001304,0.05,24.0,24.0,4.615022,0.0,0.385,0.0,0,0
0xe2f1af4a3bfdd3008d57aeb6b5dd96693752ed1cee7268571ffb286e57fd8932,sports,1778518829,1778936400,0.495,0.0,-0.005,-0.005,0.001871,-0.000208,0.005,25.0,115.991944,4.615022,0.0,0.005,0.0,0,0
0xe2f1af4a3bfdd3008d57aeb6b5dd96693752ed1cee7268571ffb286e57fd8932,sports,1778684414,1778936400,0.495,0.0,0.0,0.0,0.0,0.0,0.0,23.0,69.996111,4.615022,0.0,0.005,0.0,0,0
0xe2f1af4a3bfdd3008d57aeb6b5dd96693752ed1cee7268571ffb286e57fd8932,sports,1778850000,1778936400,0.485,0.0,0.0,-0.01,0.002823,-0.000435,0.01,24.0,24.0,4.615022,0.0,0.015,0.0,1,0
0xb37631b5de8bdb1b5c2692955e68630fdd468d0c397f10e97a66e4cc34cc5c39,sports,1779310806,1779951600,0.685,0.0,0.0,0.185,0.08589,0.008043,0.32,24.0,177.998333,4.615022,0.0,0.185,0.0,1,1
0x7315062aba960dd8dbe48332e1dd109394ff479df7575d864000f6ebf344a5ee,other,1778004006,1778371200,0.48,0.37,-0.02,-0.02,0.128889,-0.000833,0.39,25.0,101.998333,4.615022,0.0,0.02,0.0,1,0
0x7315062aba960dd8dbe48332e1dd109394ff479df7575d864000f6ebf344a5ee,other,1778144403,1778371200,0.12,0.005,0.0,-0.045,0.080372,-0.001957,0.39,24.0,62.999167,4.615022,0.0,0.38,0.0,1,0
0x7315062aba960dd8dbe48332e1dd109394ff479df7575d864000f6ebf344a5ee,other,1778284800,1778371200,0.5,0.0,0.0,0.34,0.150216,0.014783,0.395,24.0,24.0,4.615022,0.0,0.0,0.0,0,0
0x502cfd0cf2394c30e4758a4c0c46e84c1228e39bbff4c4eb04cb98a3b05d6d21,other,1778004005,1778371200,0.105,0.0,-0.395,-0.39,0.147537,-0.01625,0.395,25.0,101.998611,4.615022,0.0,0.395,0.0,0,0
0x502cfd0cf2394c30e4758a4c0c46e84c1228e39bbff4c4eb04cb98a3b05d6d21,other,1778144402,1778371200,0.105,0.005,0.0,0.0,0.040427,0.000217,0.2,24.0,62.999444,4.615022,0.0,0.395,0.0,1,0
0x502cfd0cf2394c30e4758a4c0c46e84c1228e39bbff4c4eb04cb98a3b05d6d21,other,1778284800,1778371200,0.495,-0.005,0.0,0.205,0.148465,0.008913,0.415,24.0,24.0,4.615022,0.0,0.005,0.0,0,0
0x825d32ea5735fce92047bcd68f65c3a803636a44bb10725169bd529fb16ca271,other,1778000407,1778371200,0.075,-0.015,0.005,-0.425,0.17576,-0.017708,0.435,25.0,102.998056,4.615022,0.0,0.425,0.0,0,0
0x825d32ea5735fce92047bcd68f65c3a803636a44bb10725169bd529fb16ca271,other,1778142603,1778371200,0.085,0.0,-0.44,0.015,0.12813,0.000435,0.475,24.0,63.499167,4.615022,0.0,0.415,0.0,1,0
0x825d32ea5735fce92047bcd68f65c3a803636a44bb10725169bd529fb16ca271,other,1778284800,1778371200,0.505,0.005,0.005,0.45,0.150419,0.019565,0.45,24.0,24.0,4.615022,0.0,0.005,0.0,0,0
0x5c800e44f125c1e08850dec9260242634d028223cf52bfff4fdc5f4249ab47b5,other,1778605205,1778976000,0.475,0.0,0.4,-0.025,0.138603,-0.001087,0.43,24.0,102.998611,4.615022,0.0,0.025,0.0,1,0
0x5c800e44f125c1e08850dec9260242634d028223cf52bfff4fdc5f4249ab47b5,other,1778747402,1778976000,0.5,0.0,0.0,0.325,0.174675,0.016957,0.405,24.0,63.499444,4.615022,0.0,0.0,0.0,1,0
0x5c800e44f125c1e08850dec9260242634d028223cf52bfff4fdc5f4249ab47b5,other,1778889600,1778976000,0.26,0.0,-0.085,0.11,0.107518,0.004318,0.395,23.0,24.0,4.615022,0.0,0.24,0.0,1,0
0x7e3e54a6c24f20ff33d08b33a42e83b907236e849e74f439f984f5bb9c9bf798,sports,1779202806,1779364800,0.27,0.0,0.005,0.005,0.004149,0.000217,0.015,24.0,44.998333,4.615022,0.0,0.23,0.0,0,0
0x7e3e54a6c24f20ff33d08b33a42e83b907236e849e74f439f984f5bb9c9bf798,sports,1779240603,1779364800,0.255,0.0,0.0,-0.01,0.005695,-0.000435,0.015,24.0,34.499167,4.615022,0.0,0.245,0.0,0,0
0x7e3e54a6c24f20ff33d08b33a42e83b907236e849e74f439f984f5bb9c9bf798,sports,1779278400,1779364800,0.255,-0.01,-0.005,-0.015,0.005801,-0.000652,0.015,24.0,24.0,4.615022,0.0,0.245,0.0,1,0
0x775a9755d1bbacdfef16289c8e3dea15048506817f9198fd2a65ed308d5a7c82,sports,1779202803,1779364800,0.635,0.0,-0.005,-0.05,0.015167,-0.002174,0.055,24.0,44.999167,4.615022,0.0,0.135,0.0,0,0
0x775a9755d1bbacdfef16289c8e3dea15048506817f9198fd2a65ed308d5a7c82,sports,1779240601,1779364800,0.655,0.025,0.025,0.005,0.011355,0.000652,0.04,24.0,34.499722,4.615022,0.0,0.155,0.0,0,0
0x775a9755d1bbacdfef16289c8e3dea15048506817f9198fd2a65ed308d5a7c82,sports,1779278400,1779364800,0.66,0.02,-0.005,0.025,0.013805,0.001087,0.04,24.0,24.0,4.615022,0.0,0.16,0.0,1,0
0x3b1b0e794c2df66871f06f4f8ef26cccab94d8ca471b787f0b7e8d9883ea9f7d,sports,1779202806,1779364800,0.285,0.0,0.005,0.015,0.00872,0.000652,0.04,24.0,44.998333,4.615022,0.0,0.215,0.0,0,0
0x3b1b0e794c2df66871f06f4f8ef26cccab94d8ca471b787f0b7e8d9883ea9f7d,sports,1779240603,1779364800,0.27,0.045,-0.02,-0.02,0.01573,-0.000435,0.065,24.0,34.499167,4.615022,0.0,0.23,0.0,0,0
0x3b1b0e794c2df66871f06f4f8ef26cccab94d8ca471b787f0b7e8d9883ea9f7d,sports,1779278400,1779364800,0.26,-0.02,0.005,-0.025,0.017258,-0.001087,0.065,24.0,24.0,4.615022,0.0,0.24,0.0,1,0
0xbeaba208418201819be80b7b73d8e589e35a1d2acfcfaad20ba98b4b9c9cc63b,sports,1777802404,1778101200,0.14,0.0,0.005,0.005,0.036648,0.000217,0.18,24.0,82.998889,4.615022,0.0,0.36,0.0,1,0
0xbeaba208418201819be80b7b73d8e589e35a1d2acfcfaad20ba98b4b9c9cc63b,sports,1777908602,1778101200,0.08,0.0,0.0,-0.06,0.017309,-0.002609,0.06,24.0,53.499444,4.615022,0.0,0.42,0.0,1,0
0xbeaba208418201819be80b7b73d8e589e35a1d2acfcfaad20ba98b4b9c9cc63b,sports,1778014800,1778101200,0.26,0.0,0.0,0.12,0.050063,0.005217,0.125,24.0,24.0,4.615022,0.0,0.24,0.0,1,0
0x469e16a7cdab4d56a17368fd9d3be0fb2644504c9ecde5942b5c343d7d38a2e3,sports,1779516017,1780218000,0.685,0.0,0.0,0.185,0.110213,0.007708,0.29,25.0,194.995278,4.615022,0.0,0.185,0.0,0,0
0x893157e775aecf1abfb4aba9473b0583b512ad7f1ea5dc06141768a06164d71a,sports,1779732010,1780299000,0.5,0.0,0.0,0.0,0.001,0.0,0.005,25.0,157.497222,4.615022,0.0,0.0,0.0,1,1
0x09e914c6acbf8fb4a23d15f052bcddb7e198d58841ad20345115dad232de4da9,sports,1778518822,1778932800,0.5,0.0,0.0,0.0,0.0,0.0,0.0,25.0,114.993889,4.615022,0.0,0.0,0.0,0,1
0x09e914c6acbf8fb4a23d15f052bcddb7e198d58841ad20345115dad232de4da9,sports,1778682611,1778932800,0.27,0.0,-0.23,-0.23,0.101735,-0.01,0.23,24.0,69.496944,4.615022,0.0,0.23,0.0,0,1
0x09e914c6acbf8fb4a23d15f052bcddb7e198d58841ad20345115dad232de4da9,sports,1778846400,1778932800,0.28,0.015,0.0,0.01,0.010206,0.000217,0.03,24.0,24.0,4.615022,0.0,0.22,0.0,1,1
0xcf0771b4e21efc39dfe809be21af5085b253bf2d3efbb07042eb25df1cf2aa52,sports,1777982405,1778167800,0.495,0.0,-0.005,-0.01,0.004341,-0.000435,0.01,24.0,51.498611,4.615022,0.0,0.005,0.0,0,1
0xcf0771b4e21efc39dfe809be21af5085b253bf2d3efbb07042eb25df1cf2aa52,sports,1778031902,1778167800,0.5,0.0,0.0,-0.005,0.003605,0.0,0.015,24.0,37.749444,4.615022,0.0,0.0,0.0,0,1
0xcf0771b4e21efc39dfe809be21af5085b253bf2d3efbb07042eb25df1cf2aa52,sports,1778081400,1778167800,0.495,0.0,-0.005,-0.01,0.001412,-0.000217,0.005,24.0,24.0,4.615022,0.0,0.005,0.0,1,1
0xc450266024c1ddcc7ee95ed9d1b7b081ce3c4ec987f8a282941d5b1b46f5e649,other,1778004007,1778371200,0.065,0.0,-0.435,-0.43,0.162503,-0.017917,0.435,25.0,101.998056,4.615022,0.0,0.435,0.0,0,0
0xc450266024c1ddcc7ee95ed9d1b7b081ce3c4ec987f8a282941d5b1b46f5e649,other,1778144403,1778371200,0.07,0.005,0.0,0.0,0.044453,0.0,0.22,24.0,62.999167,4.615022,0.0,0.43,0.0,1,0
0xc450266024c1ddcc7ee95ed9d1b7b081ce3c4ec987f8a282941d5b1b46f5e649,other,1778284800,1778371200,0.495,0.0,-0.005,0.425,0.195002,0.018478,0.43,24.0,24.0,4.615022,0.0,0.005,0.0,0,0
0x2ea36f91507b6fd14fb0080ab13a2c68bf8f32b3f9a5687d3acdec797dde683c,sports,1778457610,1779094800,0.5,0.0,0.0,0.0,0.0,0.0,0.0,24.0,176.997222,4.615022,0.0,0.0,0.0,1,0
0xa9f64e90e0d4972cec8a63f7ebf887bbf191bdfdf35f5d4a04155cf904f8dd73,other,1779210006,1779839100,0.495,0.0,0.0,-0.005,0.002554,-0.000217,0.005,24.0,174.748333,4.615022,0.0,0.005,0.0,1,1
0x378b867148fa5c2a35828771ae5d1c4baee418a3d82566420a66c66ac653c297,sports,1779134406,1779687000,0.19,0.0,0.0,-0.38,0.187923,-0.016522,0.38,24.0,153.498333,4.615022,0.0,0.31,0.0,1,0
0x7c7fcf4bbd6475f0d0cfe9f06b76a2ab0829e376948f12281e4984bd014de6e7,sports,1778410806,1778956500,0.495,0.0,0.0,-0.005,0.002823,-0.000217,0.01,24.0,151.581667,4.615022,0.0,0.005,0.0,0,0
0x7c7fcf4bbd6475f0d0cfe9f06b76a2ab0829e376948f12281e4984bd014de6e7,sports,1778640453,1778956500,0.5,0.0,0.0,0.0,0.0,0.0,0.0,24.0,87.790833,4.615022,0.0,0.0,0.0,1,0
0x7c7fcf4bbd6475f0d0cfe9f06b76a2ab0829e376948f12281e4984bd014de6e7,sports,1778870100,1778956500,0.265,0.0,0.0,0.0,0.0,0.0,0.0,23.0,24.0,4.615022,0.0,0.235,0.0,1,0
0x936d2bd8c4564a6bb583b3adb744ddcba3ed145b4cfdcf09b9194b496f978a84,sports,1778115608,1779120000,0.49,0.0,-0.005,-0.01,0.003379,-0.000417,0.01,25.0,278.997778,4.615022,0.0,0.01,0.0,0,0
0x936d2bd8c4564a6bb583b3adb744ddcba3ed145b4cfdcf09b9194b496f978a84,sports,1778574604,1779120000,0.5,0.0,0.0,0.0,0.0,0.0,0.0,24.0,151.498889,4.615022,0.0,0.0,0.0,0,0
0x936d2bd8c4564a6bb583b3adb744ddcba3ed145b4cfdcf09b9194b496f978a84,sports,1779033600,1779120000,0.655,0.0,-0.01,-0.025,0.010982,-0.001087,0.035,24.0,24.0,4.615022,0.0,0.155,0.0,1,0
0xf334ffeda2ed55730cbbd29dda238e7ae471e94414343860468bfd0d963c8912,other,1778792410,1778903999,0.5,0.0,0.0,0.0,0.004216,0.0,0.01,10.0,30.996944,4.615022,0.0,0.0,0.0,0,0
0xf334ffeda2ed55730cbbd29dda238e7ae471e94414343860468bfd0d963c8912,other,1778805004,1778903999,0.515,0.01,0.015,0.015,0.008018,0.002143,0.025,8.0,27.498611,4.615022,0.0,0.015,0.0,0,0
0xf334ffeda2ed55730cbbd29dda238e7ae471e94414343860468bfd0d963c8912,other,1778817599,1778903999,0.52,0.005,0.02,0.02,0.011339,0.004286,0.03,8.0,24.0,4.615022,0.0,0.02,0.0,0,0
0x41e585a737c31d7a01cbd36530545e1f6a5cc5b53a773dbc4c04a539e2fc74be,other,1778000406,1778371200,0.175,0.0,-0.325,-0.325,0.107648,-0.013542,0.325,25.0,102.998333,4.615022,0.0,0.325,0.0,1,0
0x41e585a737c31d7a01cbd36530545e1f6a5cc5b53a773dbc4c04a539e2fc74be,other,1778142603,1778371200,0.2,0.0,0.0,-0.01,0.099888,-0.000435,0.3,24.0,63.499167,4.615022,0.0,0.3,0.0,1,0
0x41e585a737c31d7a01cbd36530545e1f6a5cc5b53a773dbc4c04a539e2fc74be,other,1778284800,1778371200,0.46,-0.03,-0.04,0.1,0.047066,0.004348,0.14,24.0,24.0,4.615022,0.0,0.04,0.0,1,0
0xfe4c16b7d8fc39d65543f703e03209d6a7cd9d1bf5e7d287e48c0f7567f0b397,sports,1778904008,1779195600,0.5,0.0,0.0,0.0,0.0,0.0,0.0,23.0,80.997778,4.615022,0.0,0.0,0.0,0,1
0xfe4c16b7d8fc39d65543f703e03209d6a7cd9d1bf5e7d287e48c0f7567f0b397,sports,1779006604,1779195600,0.5,0.0,0.0,0.0,0.0,0.0,0.0,24.0,52.498889,4.615022,0.0,0.0,0.0,0,1
0xfe4c16b7d8fc39d65543f703e03209d6a7cd9d1bf5e7d287e48c0f7567f0b397,sports,1779109200,1779195600,0.5,0.0,0.0,0.0,0.0,0.0,0.0,24.0,24.0,4.615022,0.0,0.0,0.0,0,1
0x5e5255d7178bc87ca2abe405980339e7abb8c6dbc88a309d49f83e35c76ddd40,sports,1777824005,1778418000,0.495,0.0,0.0,0.0,0.001903,0.0,0.005,24.0,164.998611,4.615022,0.0,0.005,0.0,0,0
0x5e5255d7178bc87ca2abe405980339e7abb8c6dbc88a309d49f83e35c76ddd40,sports,1778077802,1778418000,0.49,0.0,0.0,-0.005,0.001689,-0.000217,0.005,24.0,94.499444,4.615022,0.0,0.01,0.0,1,0
0x5e5255d7178bc87ca2abe405980339e7abb8c6dbc88a309d49f83e35c76ddd40,sports,1778331600,1778418000,0.275,0.0,0.0,0.0,0.002322,0.0,0.005,24.0,24.0,4.615022,0.0,0.225,0.0,1,0
0x352c653ea20320bdcfe77652bff91e1412f62ffef56882bdb3e9ab33ebfd7460,other,1777996805,1778439600,0.49,0.0,0.0,-0.01,0.00329,-0.000435,0.015,24.0,122.998611,4.615022,0.0,0.01,0.0,0,0
0x352c653ea20320bdcfe77652bff91e1412f62ffef56882bdb3e9ab33ebfd7460,other,1778175002,1778439600,0.155,0.005,-0.33,-0.335,0.093878,-0.014348,0.335,24.0,73.499444,4.615022,0.0,0.345,0.0,0,0
0x352c653ea20320bdcfe77652bff91e1412f62ffef56882bdb3e9ab33ebfd7460,other,1778353200,1778439600,0.115,0.0,0.005,0.0,0.008206,-0.000652,0.025,24.0,24.0,4.615022,0.0,0.385,0.0,0,0
0x2c73475c826f9a9a105724282aa8bf1575c7f3abf6775a0f5750002d3cbcb6f1,sports,1778115608,1779120000,0.495,0.0,0.0,-0.005,0.002041,-0.000208,0.005,25.0,278.997778,4.615022,0.0,0.005,0.0,0,0
0x2c73475c826f9a9a105724282aa8bf1575c7f3abf6775a0f5750002d3cbcb6f1,sports,1778574604,1779120000,0.5,0.0,0.0,0.0,0.0,0.0,0.0,24.0,151.498889,4.615022,0.0,0.0,0.0,0,0
0x2c73475c826f9a9a105724282aa8bf1575c7f3abf6775a0f5750002d3cbcb6f1,sports,1779033600,1779120000,0.655,0.0,-0.01,-0.025,0.010982,-0.001087,0.035,24.0,24.0,4.615022,0.0,0.155,0.0,1,0
0x0767af38db877075b784cef29bbc8bdd64fe6f5286297eedfd1d6bcf6980547d,other,1778713205,1779350400,0.585,0.0,0.0,0.085,0.098972,0.003696,0.25,24.0,176.998611,4.615022,0.0,0.085,0.0,1,0
0xd4e9b66329ae3f1bb24ad28c4ad7320fe690fe39ba9c81d6a6a904f274566a52,other,1777618809,1778430600,0.185,0.0,-0.005,-0.005,0.002533,-0.000208,0.005,25.0,225.4975,4.615022,0.0,0.315,0.0,0,0
0xd4e9b66329ae3f1bb24ad28c4ad7320fe690fe39ba9c81d6a6a904f274566a52,other,1777981504,1778430600,0.09,0.0,-0.01,-0.015,0.004293,-0.000652,0.015,24.0,124.748889,4.615022,0.0,0.41,0.0,0,0
0xd4e9b66329ae3f1bb24ad28c4ad7320fe690fe39ba9c81d6a6a904f274566a52,other,1778344200,1778430600,0.255,0.0,0.08,0.165,0.058856,0.007391,0.18,24.0,24.0,4.615022,0.0,0.245,0.0,1,0
0x9b5ceb06507257af57a6a3d83560719b3f28f5b6c26215e577391bb9cc30f284,sports,1777845604,1778112000,0.2,0.0,-0.295,-0.295,0.06097,-0.012826,0.3,24.0,73.998889,4.615022,0.0,0.3,0.0,1,0
0x9b5ceb06507257af57a6a3d83560719b3f28f5b6c26215e577391bb9cc30f284,sports,1777935602,1778112000,0.27,0.0,0.07,0.07,0.030963,0.003043,0.07,24.0,48.999444,4.615022,0.0,0.23,0.0,0,0
0x9b5ceb06507257af57a6a3d83560719b3f28f5b6c26215e577391bb9cc30f284,sports,1778025600,1778112000,0.27,0.0,0.0,0.0,0.0,0.0,0.0,24.0,24.0,4.615022,0.0,0.23,0.0,1,0
0x4eb0c7b02805f93f66f3b05a35e5985779cc5f248ad056dad51844a6b9e2166a,other,1778641209,1778943600,0.505,0.0,0.005,0.005,0.003398,0.000217,0.02,24.0,83.9975,4.615022,0.0,0.005,0.0,0,1
0x4eb0c7b02805f93f66f3b05a35e5985779cc5f248ad056dad51844a6b9e2166a,other,1778749204,1778943600,0.505,0.005,0.0,0.005,0.003605,0.000217,0.01,24.0,53.998889,4.615022,0.0,0.005,0.0,0,1
0x4eb0c7b02805f93f66f3b05a35e5985779cc5f248ad056dad51844a6b9e2166a,other,1778857200,1778943600,0.5,0.0,0.0,0.0,0.002352,0.0,0.005,23.0,24.0,4.615022,0.0,0.0,0.0,1,1
0xb89c0599b47a9d38ceb716dff0ca13ce1c1fa90d8f25f3acda9c0f929d9b6ecd,sports,1779516022,1780218000,0.385,0.17,0.17,-0.195,0.137214,-0.008125,0.365,25.0,194.993889,4.615022,0.0,0.115,0.0,1,0
0x1b31aa3762760998c36d0b60e16d67b8859904620543d73e42fc1b317c0950ac,other,1778004005,1778371200,0.21,0.0,-0.29,-0.29,0.107323,-0.012083,0.29,25.0,101.998611,4.615022,0.0,0.29,0.0,1,0
0x1b31aa3762760998c36d0b60e16d67b8859904620543d73e42fc1b317c0950ac,other,1778144402,1778371200,0.195,0.0,-0.015,-0.015,0.070134,-0.00413,0.305,24.0,62.999444,4.615022,0.0,0.305,0.0,1,0
0x1b31aa3762760998c36d0b60e16d67b8859904620543d73e42fc1b317c0950ac,other,1778284800,1778371200,0.5,0.005,0.0,0.265,0.127757,0.011522,0.365,24.0,24.0,4.615022,0.0,0.0,0.0,0,0
0x73d76b686018e676ad4a170ce26fa1540e8ecaca02002536d0d53f41697391c3,other,1779210009,1780063200,0.495,0.0,0.0,-0.005,0.002545,-0.000217,0.005,24.0,236.9975,4.615022,0.0,0.005,0.0,0,0
0x86c4e4f8ec048b269585b7a39bdd491896e6247e880cc4ec49b8ec376a6b6128,sports,1778619607,1778931000,0.535,0.0,0.0,0.035,0.012426,0.001458,0.04,25.0,86.498056,4.615022,0.0,0.035,0.0,0,1
0x86c4e4f8ec048b269585b7a39bdd491896e6247e880cc4ec49b8ec376a6b6128,sports,1778732103,1778931000,0.53,0.0,-0.005,-0.005,0.003062,-0.000217,0.01,24.0,55.249167,4.615022,0.0,0.03,0.0,0,1
0x86c4e4f8ec048b269585b7a39bdd491896e6247e880cc4ec49b8ec376a6b6128,sports,1778844600,1778931000,0.5,0.0,0.0,-0.035,0.020359,-0.001522,0.045,24.0,24.0,4.615022,0.0,0.0,0.0,0,1
0xc9543db254dbec6b995d5711e2a102df149f2766bc055e6703eaa35f7b692a3b,other,1778792406,1778903999,0.495,0.0,0.0,-0.005,0.004972,-0.000556,0.02,10.0,30.998056,4.615022,0.0,0.005,0.0,0,0
0xc9543db254dbec6b995d5711e2a102df149f2766bc055e6703eaa35f7b692a3b,other,1778805002,1778903999,0.51,0.01,0.015,0.01,0.006781,0.001429,0.02,8.0,27.499167,4.615022,0.0,0.01,0.0,0,0
0xc9543db254dbec6b995d5711e2a102df149f2766bc055e6703eaa35f7b692a3b,other,1778817599,1778903999,0.5,0.0,0.005,-0.01,0.005976,0.001429,0.02,8.0,24.0,4.615022,0.0,0.0,0.0,0,0
0x13b11618d99b216d88f85c9cafb7872a5278c9516e02143a3f1e7413edae9942,sports,1779224410,1779868800,0.26,0.0,-0.34,-0.24,0.093441,-0.01,0.355,25.0,178.997222,4.615022,0.0,0.24,0.0,1,0
0x00973eb80ca50d30652e80370426abf946d4e4d75428c71167573d8200bb9892,sports,1779235208,1779868800,0.66,0.0,0.16,0.16,0.054053,0.006957,0.16,24.0,175.997778,4.615022,0.0,0.16,0.0,1,1
0xe06884d0d7ad0234b58df637f8dcb621869ffc15b6627f4c3662226899dee2b3,sports,1779134408,1779782400,0.5,0.0,0.0,0.0,0.001021,0.0,0.005,24.0,179.997778,4.615022,0.0,0.0,0.0,0,1
0x23a1bf718a71682e3f0971d9e01ee5da57844612b339bb632c0b2ff761dfbbf8,other,1778000408,1778371200,0.1,0.0,-0.4,-0.4,0.112463,-0.017391,0.4,24.0,102.997778,4.615022,0.0,0.4,0.0,0,0
0x23a1bf718a71682e3f0971d9e01ee5da57844612b339bb632c0b2ff761dfbbf8,other,1778142604,1778371200,0.085,0.0,0.0,-0.02,0.037945,-0.000652,0.2,24.0,63.498889,4.615022,0.0,0.415,0.0,1,0
0x23a1bf718a71682e3f0971d9e01ee5da57844612b339bb632c0b2ff761dfbbf8,other,1778284800,1778371200,0.5,0.005,0.0,0.355,0.15203,0.015435,0.38,24.0,24.0,4.615022,0.0,0.0,0.0,0,0
0x178d34ef65cb165666423d865eb0467b66e37bfef79ab2112120405c9e6a0a4c,sports,1779163205,1779537600,0.5,0.0,0.0,0.005,0.003555,0.000217,0.01,24.0,103.998611,4.615022,0.0,0.0,0.0,0,0
0x178d34ef65cb165666423d865eb0467b66e37bfef79ab2112120405c9e6a0a4c,sports,1779307202,1779537600,0.265,0.0,-0.005,-0.235,0.117663,-0.010217,0.235,24.0,63.999444,4.615022,0.0,0.235,0.0,0,0
0x178d34ef65cb165666423d865eb0467b66e37bfef79ab2112120405c9e6a0a4c,sports,1779451200,1779537600,0.08,0.0,-0.005,-0.19,0.096252,-0.008261,0.19,24.0,24.0,4.615022,0.0,0.42,0.0,1,0
0xc985f537fd195664880e83ea2913a65f550b30ea766e9f5bfb04daa205d51114,sports,1777874403,1778576400,0.495,0.0,-0.005,-0.005,0.001021,-0.000217,0.005,24.0,194.999167,4.615022,0.0,0.005,0.0,0,0
0x353ec4a2e0815493c8463e1e2879a89781ce6b6c92c8cc49e358e7ce26d1bd19,sports,1777914009,1778551200,0.36,0.01,-0.14,-0.14,0.047925,-0.005833,0.15,25.0,176.9975,4.615022,0.0,0.14,0.0,1,0
0x408ce6ed8a35ccbb5720dc4052d610c2eab1127b8f32c4a859d403d304a9f500,sports,1777917606,1778572800,0.305,0.0,-0.185,-0.195,0.062071,-0.008125,0.195,25.0,181.998333,4.615022,0.0,0.195,0.0,1,0
0x6feeec5db768b7f8a730deaf532267b1da5d8b057a27821701c57c5a8da8548f,sports,1777914011,1778551200,0.165,0.005,0.005,-0.335,0.155483,-0.013958,0.34,25.0,176.996944,4.615022,0.0,0.335,0.0,1,0
0x1007bc85935387c197a36cb707a6402f34af6b1e7e4b3aa8c84af11d15bfff2b,sports,1777802406,1778014800,0.5,0.0,0.0,0.0,0.0,0.0,0.0,24.0,58.998333,4.615022,0.0,0.0,0.0,0,1
0x1007bc85935387c197a36cb707a6402f34af6b1e7e4b3aa8c84af11d15bfff2b,sports,1777865403,1778014800,0.5,0.0,0.0,0.0,0.0,0.0,0.0,24.0,41.499167,4.615022,0.0,0.0,0.0,0,1
0x1007bc85935387c197a36cb707a6402f34af6b1e7e4b3aa8c84af11d15bfff2b,sports,1777928400,1778014800,0.5,0.0,0.0,0.0,0.0,0.0,0.0,24.0,24.0,4.615022,0.0,0.0,0.0,0,1
0x1fd24d4f4a10e4ea7815e5b4e21afe64d9808617b25c6839abcfe8f308343767,other,1778004005,1778371200,0.105,0.0,-0.395,-0.395,0.147451,-0.016458,0.395,25.0,101.998611,4.615022,0.0,0.395,0.0,0,0
0x1fd24d4f4a10e4ea7815e5b4e21afe64d9808617b25c6839abcfe8f308343767,other,1778144402,1778371200,0.1,0.005,-0.005,-0.045,0.038749,-0.001739,0.205,24.0,62.999444,4.615022,0.0,0.4,0.0,1,0
0x1fd24d4f4a10e4ea7815e5b4e21afe64d9808617b25c6839abcfe8f308343767,other,1778284800,1778371200,0.495,0.0,-0.005,0.325,0.146484,0.01413,0.38,24.0,24.0,4.615022,0.0,0.005,0.0,0,0
0xe94b4b2d422f73207127eafceec877f81c4f5d393c6cf8a3fb3aff7f5ac56ed0,other,1778000407,1778371200,0.27,0.045,-0.01,-0.23,0.107334,-0.009583,0.325,25.0,102.998056,4.615022,0.0,0.23,0.0,0,0
0xe94b4b2d422f73207127eafceec877f81c4f5d393c6cf8a3fb3aff7f5ac56ed0,other,1778142603,1778371200,0.295,0.005,0.015,0.04,0.06433,0.003043,0.325,24.0,63.499167,4.615022,0.0,0.205,0.0,1,0
0xe94b4b2d422f73207127eafceec877f81c4f5d393c6cf8a3fb3aff7f5ac56ed0,other,1778284800,1778371200,0.5,0.005,0.0,0.275,0.161526,0.011739,0.37,24.0,24.0,4.615022,0.0,0.0,0.0,0,0
0xccc8ca5480546338b19c5aee22aa4e7e0ca401839651b6b88c3f815d84de1446,other,1778000408,1778371200,0.13,0.0,-0.37,-0.37,0.104161,-0.016087,0.37,24.0,102.997778,4.615022,0.0,0.37,0.0,0,0
0xccc8ca5480546338b19c5aee22aa4e7e0ca401839651b6b88c3f815d84de1446,other,1778142604,1778371200,0.125,-0.01,-0.01,-0.035,0.038979,0.000652,0.2,24.0,63.498889,4.615022,0.0,0.375,0.0,1,0
0xccc8ca5480546338b19c5aee22aa4e7e0ca401839651b6b88c3f815d84de1446,other,1778284800,1778371200,0.5,0.005,0.0,0.28,0.127392,0.012174,0.365,24.0,24.0,4.615022,0.0,0.0,0.0,0,0
0x3c214c5868fba0ada63aefb426f0930d02773237104e8c750994126f92af8f00,other,1778004005,1778371200,0.215,-0.005,0.0,-0.28,0.119869,-0.011667,0.375,25.0,101.998611,4.615022,0.0,0.285,0.0,0,0
0x3c214c5868fba0ada63aefb426f0930d02773237104e8c750994126f92af8f00,other,1778144402,1778371200,0.195,0.035,-0.02,-0.02,0.082455,-0.000652,0.435,24.0,62.999444,4.615022,0.0,0.305,0.0,0,0
0x3c214c5868fba0ada63aefb426f0930d02773237104e8c750994126f92af8f00,other,1778284800,1778371200,0.5,0.0,0.0,0.085,0.135803,0.005,0.295,24.0,24.0,4.615022,0.0,0.0,0.0,0,0
0x8a9201efad6e9a5516dd438f307e073e598029b28c1f07654659c35b8b3e27dc,sports,1777654815,1778792400,0.5,0.0,0.0,0.0,0.0,0.0,0.0,24.0,315.995833,4.615022,0.0,0.0,0.0,0,0
0x8a9201efad6e9a5516dd438f307e073e598029b28c1f07654659c35b8b3e27dc,sports,1778180407,1778792400,0.51,0.005,0.01,0.01,0.003452,0.000417,0.01,25.0,169.998056,4.615022,0.0,0.01,0.0,0,0
0x8a9201efad6e9a5516dd438f307e073e598029b28c1f07654659c35b8b3e27dc,sports,1778706000,1778792400,0.5,0.0,0.0,0.0,0.0,0.0,0.0,24.0,24.0,4.615022,0.0,0.0,0.0,0,0
0xf2894c38d612d88e4cc0b1f9ad9ce252bf6ef885bc7cde474ed8446230113828,sports,1778533210,1779112800,0.5,0.0,0.0,0.0,0.0,0.0,0.0,24.0,160.997222,4.615022,0.0,0.0,0.0,0,1
0xf2894c38d612d88e4cc0b1f9ad9ce252bf6ef885bc7cde474ed8446230113828,sports,1778779805,1779112800,0.5,0.0,0.0,0.0,0.0,0.0,0.0,24.0,92.498611,4.615022,0.0,0.0,0.0,0,1
0xf2894c38d612d88e4cc0b1f9ad9ce252bf6ef885bc7cde474ed8446230113828,sports,1779026400,1779112800,0.5,0.0,0.0,0.0,0.0,0.0,0.0,24.0,24.0,4.615022,0.0,0.0,0.0,1,1
0x47f0f218e3a47e6249d8cb19ee25cf11410cb37acd3272c1ffdfa753809601cd,sports,1777618812,1778785200,0.49,0.0,0.0,-0.01,0.003189,-0.000417,0.01,25.0,323.996667,4.615022,0.0,0.01,0.0,0,0
0x47f0f218e3a47e6249d8cb19ee25cf11410cb37acd3272c1ffdfa753809601cd,sports,1778158806,1778785200,0.5,0.0,0.0,0.0,0.0,0.0,0.0,25.0,173.998333,4.615022,0.0,0.0,0.0,0,0
0x47f0f218e3a47e6249d8cb19ee25cf11410cb37acd3272c1ffdfa753809601cd,sports,1778698800,1778785200,0.265,0.0,0.0,-0.005,0.001689,-0.000217,0.005,24.0,24.0,4.615022,0.0,0.235,0.0,1,0
0x1cfdb55a81b2e80900c2a63418c9d5cdcbbbe84577f92903132d59b494876a53,sports,1779235208,1779868800,0.59,0.0,0.0,0.09,0.10239,0.003913,0.245,24.0,175.997778,4.615022,0.0,0.09,0.0,1,1
0xc78cfb939e9b055669783155accc7305af9df7747a342c346448b92a8ac6d625,other,1778004008,1778371200,0.11,0.0,-0.39,-0.385,0.145667,-0.016042,0.39,25.0,101.997778,4.615022,0.0,0.39,0.0,0,0
0xc78cfb939e9b055669783155accc7305af9df7747a342c346448b92a8ac6d625,other,1778144404,1778371200,0.105,-0.015,-0.015,-0.04,0.083206,-0.002391,0.395,24.0,62.998889,4.615022,0.0,0.395,0.0,1,0
0xc78cfb939e9b055669783155accc7305af9df7747a342c346448b92a8ac6d625,other,1778284800,1778371200,0.495,0.0,-0.005,0.345,0.173477,0.015,0.41,24.0,24.0,4.615022,0.0,0.005,0.0,0,0
0x6fbf7c2021e6cf5aeba56a539d7b40870d251decbd3d62cb8651965bf131978d,other,1778000406,1778371200,0.055,0.0,-0.445,-0.445,0.147445,-0.018542,0.445,25.0,102.998333,4.615022,0.0,0.445,0.0,0,0
0x6fbf7c2021e6cf5aeba56a539d7b40870d251decbd3d62cb8651965bf131978d,other,1778142603,1778371200,0.05,0.0,0.0,0.0,0.002212,0.000217,0.005,24.0,63.499167,4.615022,0.0,0.45,0.0,1,0
0x6fbf7c2021e6cf5aeba56a539d7b40870d251decbd3d62cb8651965bf131978d,other,1778284800,1778371200,0.4855,0.0005,-0.0145,0.4305,0.208928,0.018717,0.46,24.0,24.0,4.615022,0.0,0.0145,0.0,1,0
0xf6f22e14679ab74dbb67a0874764a09cd0b95dd9c8cf4cacda73a05f2fed727d,other,1778000406,1778371200,0.185,-0.005,-0.315,-0.315,0.103421,-0.013125,0.315,25.0,102.998333,4.615022,0.0,0.315,0.0,1,0
0xf6f22e14679ab74dbb67a0874764a09cd0b95dd9c8cf4cacda73a05f2fed727d,other,1778142603,1778371200,0.165,0.0,-0.015,-0.08,0.040606,-0.001304,0.15,24.0,63.499167,4.615022,0.0,0.335,0.0,1,0
0xf6f22e14679ab74dbb67a0874764a09cd0b95dd9c8cf4cacda73a05f2fed727d,other,1778284800,1778371200,0.5,0.0,0.0,0.35,0.148953,0.015217,0.37,24.0,24.0,4.615022,0.0,0.0,0.0,0,0
0xbe2c2eed9663b16095ee55edbd27c6ac1c495d7d7245564431903cdf53aee76d,sports,1779163204,1779537600,0.5,0.0,0.0,0.0,0.002242,0.0,0.01,24.0,103.998889,4.615022,0.0,0.0,0.0,0,0
0xbe2c2eed9663b16095ee55edbd27c6ac1c495d7d7245564431903cdf53aee76d,sports,1779307202,1779537600,0.265,0.0,-0.005,-0.235,0.117663,-0.010217,0.235,24.0,63.999444,4.615022,0.0,0.235,0.0,0,0
0xbe2c2eed9663b16095ee55edbd27c6ac1c495d7d7245564431903cdf53aee76d,sports,1779451200,1779537600,0.1,0.01,0.0,-0.17,0.090048,-0.007391,0.18,24.0,24.0,4.615022,0.0,0.4,0.0,1,0
0x6c6d44f8b3cb1fc5c06d0ef622e851638624b729ae5aec8c73d9a64f95f3e5c4,other,1778000408,1778371200,0.17,-0.03,-0.04,-0.33,0.13555,-0.014348,0.375,24.0,102.997778,4.615022,0.0,0.33,0.0,1,0
0x6c6d44f8b3cb1fc5c06d0ef622e851638624b729ae5aec8c73d9a64f95f3e5c4,other,1778142604,1778371200,0.25,-0.01,0.0,-0.01,0.049844,-0.000435,0.25,24.0,63.498889,4.615022,0.0,0.25,0.0,1,0
0x6c6d44f8b3cb1fc5c06d0ef622e851638624b729ae5aec8c73d9a64f95f3e5c4,other,1778284800,1778371200,0.5,0.0,0.005,0.295,0.182617,0.013696,0.385,24.0,24.0,4.615022,0.0,0.0,0.0,0,0
0xec44ea2f993b0e1aa00efe5531bc74cd77bc25f72168f2702be93a91e04ef817,sports,1779231607,1779847200,0.49,0.0,0.0,-0.01,0.004121,-0.000435,0.01,24.0,170.998056,4.615022,0.0,0.01,0.0,1,0
0x326dd3980a1cc6a00da1a0ed923131f2e7b54a9fae65b69d22fce865909c693f,other,1778007609,1778438700,0.375,0.0,0.005,-0.115,0.068516,-0.004792,0.24,25.0,119.7475,4.615022,0.0,0.125,0.0,1,0
0x326dd3980a1cc6a00da1a0ed923131f2e7b54a9fae65b69d22fce865909c693f,other,1778179954,1778438700,0.365,-0.01,-0.005,0.105,0.048875,0.004565,0.12,24.0,71.873889,4.615022,0.0,0.135,0.0,1,0
0x326dd3980a1cc6a00da1a0ed923131f2e7b54a9fae65b69d22fce865909c693f,other,1778352300,1778438700,0.235,0.0,-0.005,-0.015,0.038162,-0.001087,0.15,24.0,24.0,4.615022,0.0,0.265,0.0,0,0
0x48d1123ab4a3d6e5b8b18563990197b6bd28642316da2c50d0f4d64678d4cd11,sports,1778090403,1778659200,0.335,-0.165,-0.165,-0.165,0.03368,-0.007174,0.165,24.0,157.999167,4.615022,0.0,0.165,0.0,1,0
0x465dc8916a459b0472c611b24d84fdf8a0d79d236052d840cddfaa1699b670e5,other,1778000407,1778371200,0.18,0.0,-0.32,-0.32,0.090287,-0.013913,0.32,24.0,102.998056,4.615022,0.0,0.32,0.0,1,0
0x465dc8916a459b0472c611b24d84fdf8a0d79d236052d840cddfaa1699b670e5,other,1778142603,1778371200,0.15,0.0,-0.015,-0.08,0.042219,-0.003478,0.16,24.0,63.499167,4.615022,0.0,0.35,0.0,1,0
0x465dc8916a459b0472c611b24d84fdf8a0d79d236052d840cddfaa1699b670e5,other,1778284800,1778371200,0.5,0.0,0.0,0.05,0.112366,0.002609,0.275,24.0,24.0,4.615022,0.0,0.0,0.0,0,0
0xa91a6c9d73b4133b7816fcb0909b0642a1df217ab35e7ae7162e646a79582cba,other,1778000407,1778371200,0.18,0.0,-0.32,-0.32,0.089925,-0.013913,0.32,24.0,102.998056,4.615022,0.0,0.32,0.0,1,0
0xa91a6c9d73b4133b7816fcb0909b0642a1df217ab35e7ae7162e646a79582cba,other,1778142603,1778371200,0.18,0.0,-0.015,-0.14,0.078044,-0.006087,0.32,24.0,63.499167,4.615022,0.0,0.32,0.0,1,0
0xa91a6c9d73b4133b7816fcb0909b0642a1df217ab35e7ae7162e646a79582cba,other,1778284800,1778371200,0.45,-0.035,-0.05,0.395,0.148916,0.017174,0.445,24.0,24.0,4.615022,0.0,0.05,0.0,1,0
0x3b99a5f5046fe9bb769069b6c2d02cbeef7246aa340ebd391caa3f84ed209ca0,sports,1778090405,1778432400,0.495,0.0,0.0,-0.005,0.002823,-0.000217,0.01,24.0,94.998611,4.615022,0.0,0.005,0.0,1,1
0x3b99a5f5046fe9bb769069b6c2d02cbeef7246aa340ebd391caa3f84ed209ca0,sports,1778218202,1778432400,0.275,0.005,0.0,-0.22,0.10585,-0.009565,0.23,24.0,59.499444,4.615022,0.0,0.225,0.0,0,1
0x3b99a5f5046fe9bb769069b6c2d02cbeef7246aa340ebd391caa3f84ed209ca0,sports,1778346000,1778432400,0.27,0.01,0.0,0.0,0.003686,-0.000217,0.02,24.0,24.0,4.615022,0.0,0.23,0.0,1,1
0xbd6aa5268f21e1b3eddd008c956fd241866ce6171c1cff4e70f7990af0eb3e6f,other,1778000406,1778371200,0.095,-0.005,0.025,-0.405,0.166258,-0.016875,0.43,25.0,102.998333,4.615022,0.0,0.405,0.0,0,1
0xbd6aa5268f21e1b3eddd008c956fd241866ce6171c1cff4e70f7990af0eb3e6f,other,1778142603,1778371200,0.1,-0.005,-0.25,0.005,0.08307,0.000217,0.34,24.0,63.499167,4.615022,0.0,0.4,0.0,1,1
0xbd6aa5268f21e1b3eddd008c956fd241866ce6171c1cff4e70f7990af0eb3e6f,other,1778284800,1778371200,0.5,0.0,0.0,-0.08,0.069563,-0.004565,0.27,24.0,24.0,4.615022,0.0,0.0,0.0,0,1
0x0274ef5c5844d86e43bc7d3141d317125dc5f82ce177b9fd09448a92beb22ef1,sports,1777618807,1778090400,0.495,0.0,0.0,-0.01,0.002769,-0.000417,0.01,25.0,130.998056,4.615022,0.0,0.005,0.0,0,0
0x0274ef5c5844d86e43bc7d3141d317125dc5f82ce177b9fd09448a92beb22ef1,sports,1777811403,1778090400,0.2,-0.3,-0.3,-0.295,0.06105,-0.012826,0.3,24.0,77.499167,4.615022,0.0,0.3,0.0,0,0
0x0274ef5c5844d86e43bc7d3141d317125dc5f82ce177b9fd09448a92beb22ef1,sports,1778004000,1778090400,0.27,0.0,0.0,0.0,0.0,0.0,0.0,24.0,24.0,4.615022,0.0,0.23,0.0,1,0
0xaf0514fc1bf04cde884026ee81da127a3f41f0c895cb2f808dc5e356d974824a,other,1778000407,1778371200,0.07,0.0,-0.43,-0.43,0.121098,-0.018696,0.43,24.0,102.998056,4.615022,0.0,0.43,0.0,0,0
0xaf0514fc1bf04cde884026ee81da127a3f41f0c895cb2f808dc5e356d974824a,other,1778142603,1778371200,0.065,0.0,0.0,0.005,0.099233,0.000217,0.445,24.0,63.499167,4.615022,0.0,0.435,0.0,1,0
0xaf0514fc1bf04cde884026ee81da127a3f41f0c895cb2f808dc5e356d974824a,other,1778284800,1778371200,0.5,0.005,0.0,0.4,0.159652,0.017391,0.4,24.0,24.0,4.615022,0.0,0.0,0.0,0,0
0xe440507cd4aa6773798a5eaee5b67c34af3ba97ebaa6b3f9361c6875b383ffff,sports,1778083218,1778612400,0.0005,-0.4995,-0.4995,-0.4995,0.0999,-0.020813,0.4995,25.0,146.995,4.615022,0.0,0.4995,0.0,0,0
0x9ba27fb7321c6d4896fbd0b314a0cbeea0674a8f07f7f654781dfae45b19c0d9,sports,1778803216,1779391800,0.9995,0.0,0.5045,0.4995,0.138496,0.020813,0.5045,25.0,163.495556,4.615022,0.0,0.4995,0.0,0,1
0xe30dabdfed82a4670c9039e0b0db9ccc465f4454afac3a656f7a7775a755ae65,sports,1777618807,1778158800,0.495,0.0,0.0,-0.005,0.001756,-0.000208,0.01,25.0,149.998056,4.615022,0.0,0.005,0.0,0,0
0xe30dabdfed82a4670c9039e0b0db9ccc465f4454afac3a656f7a7775a755ae65,sports,1777845603,1778158800,0.5,0.005,0.0,0.0,0.002408,0.0,0.01,24.0,86.999167,4.615022,0.0,0.0,0.0,1,0
0xe30dabdfed82a4670c9039e0b0db9ccc465f4454afac3a656f7a7775a755ae65,sports,1778072400,1778158800,0.27,0.0,0.0,0.005,0.001689,0.000217,0.005,24.0,24.0,4.615022,0.0,0.23,0.0,1,0
0xb5a0c077e06e44933106acfcddd30bc63a57203aa71167424f4386939b9dc4a3,sports,1778947212,1779282000,0.5,0.0,0.005,0.0,0.004397,0.0,0.02,25.0,92.996667,4.615022,0.0,0.0,0.0,0,0
0xb5a0c077e06e44933106acfcddd30bc63a57203aa71167424f4386939b9dc4a3,sports,1779071406,1779282000,0.5,0.0,0.0,0.0,0.001021,0.0,0.005,24.0,58.498333,4.615022,0.0,0.0,0.0,0,0
0xb5a0c077e06e44933106acfcddd30bc63a57203aa71167424f4386939b9dc4a3,sports,1779195600,1779282000,0.5,0.0,0.0,0.0,0.0,0.0,0.0,24.0,24.0,4.615022,0.0,0.0,0.0,1,0
0x46b80b2678c432e5f7ff421782a58be5ec62d66f4a7af92c20fdf0a74f502054,other,1779224409,1779868800,0.645,0.01,0.315,0.145,0.121332,0.006042,0.33,25.0,178.9975,4.615022,0.0,0.145,0.0,1,1
0x85401c32894a116dbf15e0924fa17588704e0216bdbba05570f4934c274fdcfb,sports,1779732007,1780299000,0.5,0.0,0.0,0.0,0.001,0.0,0.005,25.0,157.498056,4.615022,0.0,0.0,0.0,1,1
0x84833eed0e50ee7627d5b05f8fd6c7ad5b1fbe0b892fb0204177c9878a5f8b1f,sports,1778457609,1779094800,0.5,0.0,0.0,0.0,0.001021,0.0,0.005,24.0,176.9975,4.615022,0.0,0.0,0.0,1,0
0x919418fcc9b0d1a3562482bc3229dd923a72cac2e18321125c83cc0fe9640761,sports,1778457607,1779094800,0.23,0.0,-0.27,-0.275,0.120059,-0.011957,0.275,24.0,176.998056,4.615022,0.0,0.27,0.0,1,0
0x8a5a715d0e227141983f453e3458f81428ccb49424d6076ce4c65bba8a570509,other,1777874404,1778486400,0.465,0.0,0.045,-0.035,0.045475,-0.001522,0.155,24.0,169.998889,4.615022,0.0,0.035,0.0,1,0
0x2bf9d9d00fcdc1ede46179f2c1124a8c3531980b81a128af4c2ffb2a30b07e86,sports,1777899606,1778014800,0.2,0.0,0.0,-0.3,0.06,-0.0125,0.3,25.0,31.998333,4.615022,0.0,0.3,0.0,1,0
0x2bf9d9d00fcdc1ede46179f2c1124a8c3531980b81a128af4c2ffb2a30b07e86,sports,1777914003,1778014800,0.2,0.0,0.0,0.0,0.0,0.0,0.0,24.0,27.999167,4.615022,0.0,0.3,0.0,1,0
0x2bf9d9d00fcdc1ede46179f2c1124a8c3531980b81a128af4c2ffb2a30b07e86,sports,1777928400,1778014800,0.27,0.0,0.07,0.07,0.026649,0.003043,0.07,24.0,24.0,4.615022,0.0,0.23,0.0,1,0
0xa9b6032d7ab6dfdab18f77fae25f9b51cd0155bef5f86c3b865ce8abd7f16860,sports,1778115606,1779120000,0.49,0.0,-0.005,-0.01,0.003379,-0.000417,0.01,25.0,278.998333,4.615022,0.0,0.01,0.0,0,0
0xa9b6032d7ab6dfdab18f77fae25f9b51cd0155bef5f86c3b865ce8abd7f16860,sports,1778574603,1779120000,0.49,0.0,0.0,0.0,0.001474,0.000217,0.01,24.0,151.499167,4.615022,0.0,0.01,0.0,0,0
0xa9b6032d7ab6dfdab18f77fae25f9b51cd0155bef5f86c3b865ce8abd7f16860,sports,1779033600,1779120000,0.275,0.0,0.01,0.005,0.009991,0.000217,0.03,24.0,24.0,4.615022,0.0,0.225,0.0,1,0
0xed9b75b259a9cfc804e918971c97b15ce0aa45273261b095eb828303c4c41858,sports,1778619620,1778954400,0.5,0.0,0.0,0.0,0.0,0.0,0.0,25.0,92.994444,4.615022,0.0,0.0,0.0,1,0
0xed9b75b259a9cfc804e918971c97b15ce0aa45273261b095eb828303c4c41858,sports,1778743810,1778954400,0.27,0.0,0.0,-0.23,0.08756,-0.01,0.23,24.0,58.497222,4.615022,0.0,0.23,0.0,0,0
0xed9b75b259a9cfc804e918971c97b15ce0aa45273261b095eb828303c4c41858,sports,1778868000,1778954400,0.27,0.005,0.005,0.005,0.001043,0.000227,0.005,23.0,24.0,4.615022,0.0,0.23,0.0,1,0
0x232b0b27fb6a948995367a09699075be9d1b66a84b10bf56171359f42f56c30b,sports,1779516017,1780218000,0.355,0.0,0.0,0.005,0.002915,0.000208,0.01,25.0,194.995278,4.615022,0.0,0.145,0.0,1,1
0x9f00ee2adeec71dbfb0e482ecb364c76e720f9a47215078b4022cfb6a071fa2f,sports,1779224406,1779868800,0.48,-0.01,-0.01,-0.02,0.005882,-0.00087,0.02,24.0,178.998333,4.615022,0.0,0.02,0.0,1,1
0xd89cce00d3b07de706afabe02c9f1d6b54b75f06b97e53e63ae4a0b6ca497821,sports,1778115608,1779120000,0.49,-0.01,-0.01,-0.01,0.003189,-0.000417,0.01,25.0,278.997778,4.615022,0.0,0.01,0.0,0,0
0xd89cce00d3b07de706afabe02c9f1d6b54b75f06b97e53e63ae4a0b6ca497821,sports,1778574604,1779120000,0.5,0.0,0.0,0.0,0.0,0.0,0.0,24.0,151.498889,4.615022,0.0,0.0,0.0,0,0
0xd89cce00d3b07de706afabe02c9f1d6b54b75f06b97e53e63ae4a0b6ca497821,sports,1779033600,1779120000,0.265,0.0,0.0,-0.005,0.001021,-0.000217,0.005,24.0,24.0,4.615022,0.0,0.235,0.0,1,0
0xdd60b971813875f02af404842dc8e33cdc86100415afe5827f70b6df75b717e8,sports,1779231606,1779847200,0.49,0.0,0.0,-0.01,0.004121,-0.000435,0.01,24.0,170.998333,4.615022,0.0,0.01,0.0,1,0
0x6186cde8477662eb02f20ac732c7ab593bc58933ad3466e3930cf3e30a5de288,sports,1779134409,1779782400,0.5,0.0,0.0,0.0,0.0,0.0,0.0,24.0,179.9975,4.615022,0.0,0.0,0.0,0,1
0xb2b9d1f845600b5b5d9eedbd5dc9d94b42cc602ba628080dea9f97f52b99c2c8,other,1778659208,1778938200,0.175,0.0,0.01,-0.325,0.144071,-0.01413,0.335,24.0,77.497778,4.615022,0.0,0.325,0.0,0,0
0xb2b9d1f845600b5b5d9eedbd5dc9d94b42cc602ba628080dea9f97f52b99c2c8,other,1778755504,1778938200,0.16,0.0,-0.005,-0.005,0.004403,-0.000217,0.015,24.0,50.748889,4.615022,0.0,0.34,0.0,0,0
0xb2b9d1f845600b5b5d9eedbd5dc9d94b42cc602ba628080dea9f97f52b99c2c8,other,1778851800,1778938200,0.13,-0.005,-0.03,-0.025,0.008031,-0.001087,0.03,24.0,24.0,4.615022,0.0,0.37,0.0,0,0
0x058ce4e32e14aa7c6cd5b963d204ace71ac7322c81c6629cc2a66f91126672db,sports,1778619611,1778944500,0.5,0.0,0.0,0.0,0.001384,0.0,0.005,25.0,90.246944,4.615022,0.0,0.0,0.0,1,1
0x058ce4e32e14aa7c6cd5b963d204ace71ac7322c81c6629cc2a66f91126672db,sports,1778738855,1778944500,0.665,0.0,0.0,0.165,0.055742,0.007174,0.165,24.0,57.123611,4.615022,0.0,0.165,0.0,0,1
0x058ce4e32e14aa7c6cd5b963d204ace71ac7322c81c6629cc2a66f91126672db,sports,1778858100,1778944500,0.645,0.01,0.01,0.0,0.008388,0.0,0.025,23.0,24.0,4.615022,0.0,0.145,0.0,1,1
0xb28ac5118f84239e2bc45b134dddd60b075e632e040b78cab52a30d45d264590,sports,1779235208,1779868800,0.53,0.0,0.0,0.03,0.09651,0.001304,0.21,24.0,175.997778,4.615022,0.0,0.03,0.0,1,0
0x703258c40c54bf0fc8de2e3012f09aefa73389667e42095a87e8315bedd0ff96,sports,1778619604,1778954400,0.5,0.0,0.0,0.0,0.0,0.0,0.0,25.0,92.998889,4.615022,0.0,0.0,0.0,1,0
0x703258c40c54bf0fc8de2e3012f09aefa73389667e42095a87e8315bedd0ff96,sports,1778743802,1778954400,0.27,0.0,0.0,-0.23,0.08756,-0.01,0.23,24.0,58.499444,4.615022,0.0,0.23,0.0,0,0
0x703258c40c54bf0fc8de2e3012f09aefa73389667e42095a87e8315bedd0ff96,sports,1778868000,1778954400,0.27,0.005,0.005,0.005,0.001043,0.000227,0.005,23.0,24.0,4.615022,0.0,0.23,0.0,1,0
0x52e1f48b4747eff64c6950639267ca09c667576c64a7a6be497cee5c81689d0c,sports,1779134409,1779687000,0.5,0.0,0.0,0.0,0.0,0.0,0.0,24.0,153.4975,4.615022,0.0,0.0,0.0,1,0
0x86ecefd890dde557b09af2d1f763bbe900832b91939c6243bc0f47f460dcf9f4,sports,1778904006,1779195600,0.5,0.0,0.0,0.0,0.00319,0.0,0.02,23.0,80.998333,4.615022,0.0,0.0,0.0,0,1
0x86ecefd890dde557b09af2d1f763bbe900832b91939c6243bc0f47f460dcf9f4,sports,1779006603,1779195600,0.5,0.0,0.0,0.0,0.0,0.0,0.0,24.0,52.499167,4.615022,0.0,0.0,0.0,0,1
0x86ecefd890dde557b09af2d1f763bbe900832b91939c6243bc0f47f460dcf9f4,sports,1779109200,1779195600,0.5,0.0,0.0,0.0,0.0,0.0,0.0,24.0,24.0,4.615022,0.0,0.0,0.0,0,1
0x49e6af84545fc15d5e5bb51ce20b1e8681eb796857f2278f03d0736150208d2f,sports,1779134405,1779696000,0.5,0.0,0.0,0.0,0.0,0.0,0.0,24.0,155.998611,4.615022,0.0,0.0,0.0,1,0
0x3bbfa54e4da65fb068c9f2097a57833737d14e6e6873e7f45214185c158f5c89,sports,1779235211,1779868800,0.56,0.0,0.01,0.095,0.044622,0.00413,0.1,24.0,175.996944,4.615022,0.0,0.06,0.0,1,1
0x866470d41981c5c8e0578fa853db86c2d2e5b5213eb443727396416ae7887d09,other,1779156005,1779687000,0.5,0.0,0.0,0.02,0.009165,0.000833,0.02,25.0,147.498611,4.615022,0.0,0.0,0.0,1,1
0x5929990af207d3e664eb7d4095c49d24febd02cde2045c8587b2f59682b60267,sports,1779807608,1780167600,0.5,0.0,0.0,0.0,0.001021,0.0,0.005,24.0,99.997778,4.615022,0.0,0.0,0.0,0,0
0x5929990af207d3e664eb7d4095c49d24febd02cde2045c8587b2f59682b60267,sports,1779944404,1780167600,0.265,0.01,0.01,-0.235,0.118578,-0.010217,0.245,24.0,61.998889,4.615022,0.0,0.235,0.0,0,0
0x5929990af207d3e664eb7d4095c49d24febd02cde2045c8587b2f59682b60267,sports,1780081200,1780167600,0.255,-0.01,-0.01,-0.015,0.008511,-0.000682,0.02,23.0,24.0,4.615022,0.0,0.245,0.0,1,0
0x4683746be5b61b3babc4c0423e70febf03309af5a111f98a090c31dd97c39cd0,sports,1778882408,1779109800,0.27,0.0,0.0,-0.23,0.115372,-0.01,0.235,24.0,63.164444,4.615022,0.0,0.23,0.0,0,0
0x4683746be5b61b3babc4c0423e70febf03309af5a111f98a090c31dd97c39cd0,sports,1778952904,1779109800,0.255,-0.025,-0.015,-0.015,0.003753,-0.000652,0.025,24.0,43.582222,4.615022,0.0,0.245,0.0,0,0
0x4683746be5b61b3babc4c0423e70febf03309af5a111f98a090c31dd97c39cd0,sports,1779023400,1779109800,0.27,0.0,0.0,0.0,0.009659,0.0,0.03,24.0,24.0,4.615022,0.0,0.23,0.0,1,0
0xd50b3d52d3b463c048fc47be1135c6c70ba5c6dda2a8043c0fcbb1c82c007d05,sports,1779235210,1779868800,0.335,0.0,-0.005,-0.165,0.092666,-0.007174,0.255,24.0,175.997222,4.615022,0.0,0.165,0.0,1,0
0x64497a76db488b09e164346d2178ec96a66dc37b8ae3c67f6acc5f13d686d94c,sports,1779062430,1779696000,0.49,0.0,0.0,-0.01,0.0045,-0.000417,0.01,25.0,175.991667,4.615022,0.0,0.01,0.0,1,1
0xb453eb1d63b3689acbb54599c75af088ed9d9cf9b9a42db692541a335e134819,sports,1778947214,1779295800,0.5,0.0,0.005,0.0,0.003559,0.0,0.015,25.0,96.829444,4.615022,0.0,0.0,0.0,1,0
0xb453eb1d63b3689acbb54599c75af088ed9d9cf9b9a42db692541a335e134819,sports,1779078307,1779295800,0.27,0.0,0.0,-0.23,0.101735,-0.01,0.23,24.0,60.414722,4.615022,0.0,0.23,0.0,0,0
0xb453eb1d63b3689acbb54599c75af088ed9d9cf9b9a42db692541a335e134819,sports,1779209400,1779295800,0.285,0.0,0.01,0.01,0.013751,0.001739,0.04,24.0,24.0,4.615022,0.0,0.215,0.0,1,0
0x6440e47887f33fcb162c4b1782b3761a02b3d07c984cfb9eb1b4846ac72d915e,sports,1779134409,1779696000,0.64,0.0,0.29,0.14,0.093413,0.006087,0.295,24.0,155.9975,4.615022,0.0,0.14,0.0,1,1
0x21dda650db49f6b5404434c3cb73358194374e394f6d0525d14981b1ab9f793d,other,1779598804,1779888600,0.5,0.0,0.0,0.0,0.001412,0.0,0.005,24.0,80.498889,4.615022,0.0,0.0,0.0,0,1
0x21dda650db49f6b5404434c3cb73358194374e394f6d0525d14981b1ab9f793d,other,1779700502,1779888600,0.5,0.0,0.0,0.0,0.0,0.0,0.0,24.0,52.249444,4.615022,0.0,0.0,0.0,1,1
0x21dda650db49f6b5404434c3cb73358194374e394f6d0525d14981b1ab9f793d,other,1779802200,1779888600,0.59,0.055,0.0,0.09,0.04328,0.003913,0.09,24.0,24.0,4.615022,0.0,0.09,0.0,1,1
0xd33972364572369ae40ba07cbcf230783a7d60186676f0863c14c35a8ea02d63,sports,1779598805,1779895800,0.5,0.0,0.005,0.0,0.00293,0.0,0.01,25.0,82.498611,4.615022,0.0,0.0,0.0,0,0
0xd33972364572369ae40ba07cbcf230783a7d60186676f0863c14c35a8ea02d63,sports,1779704102,1779895800,0.5,0.0,0.0,0.0,0.0,0.0,0.0,24.0,53.249444,4.615022,0.0,0.0,0.0,0,0
0xd33972364572369ae40ba07cbcf230783a7d60186676f0863c14c35a8ea02d63,sports,1779809400,1779895800,0.505,0.005,0.005,0.005,0.002242,0.000217,0.01,24.0,24.0,4.615022,0.0,0.005,0.0,0,0
0xc17d7b37a34cd1fe82fa76061ccb1f1679546c7f8f589db9312739ff1ca83f64,sports,1779667204,1780300800,0.225,0.0,0.0,-0.275,0.119094,-0.011458,0.28,25.0,175.998889,4.615022,0.0,0.275,0.0,1,0
0x22e5379a4c97d70b36ff2c37fd9c80fb246d4583db51f79abe7b35cf31991daa,sports,1779134405,1779782400,0.5,0.0,0.0,0.0,0.0,0.0,0.0,24.0,179.998611,4.615022,0.0,0.0,0.0,0,0
0x352477e9b1d7cabc284cee4acf21babbaa33c94b65d7fbcbe89e27f1a1d1f810,sports,1778011209,1779112800,0.5,0.0,0.0,0.0,0.0,0.0,0.0,25.0,305.9975,4.615022,0.0,0.0,0.0,0,0
0x352477e9b1d7cabc284cee4acf21babbaa33c94b65d7fbcbe89e27f1a1d1f810,sports,1778518804,1779112800,0.5,0.0,0.0,0.0,0.0,0.0,0.0,24.0,164.998889,4.615022,0.0,0.0,0.0,0,0
0x352477e9b1d7cabc284cee4acf21babbaa33c94b65d7fbcbe89e27f1a1d1f810,sports,1779026400,1779112800,0.5,0.0,0.0,0.0,0.0,0.0,0.0,24.0,24.0,4.615022,0.0,0.0,0.0,1,0
0xc4ec802c9e8829c93f0ee2a7ee5c82804ca169a8f60163fa747b85985cbf8285,sports,1778400011,1778936400,0.5,0.0,0.0,0.0,0.003819,0.0,0.01,25.0,148.996944,4.615022,0.0,0.0,0.0,0,0
0xc4ec802c9e8829c93f0ee2a7ee5c82804ca169a8f60163fa747b85985cbf8285,sports,1778625005,1778936400,0.5,0.0,0.0,0.0,0.0,0.0,0.0,24.0,86.498611,4.615022,0.0,0.0,0.0,1,0
0xc4ec802c9e8829c93f0ee2a7ee5c82804ca169a8f60163fa747b85985cbf8285,sports,1778850000,1778936400,0.265,0.0,0.0,-0.005,0.001021,0.0,0.005,24.0,24.0,4.615022,0.0,0.235,0.0,1,0
0x802b967bbaa633481a810c1c5ebce835f7393d4930c47204ab19b805876acc05,sports,1778619607,1778954400,0.5,0.0,0.0,0.0,0.0,0.0,0.0,25.0,92.998056,4.615022,0.0,0.0,0.0,1,0
0x802b967bbaa633481a810c1c5ebce835f7393d4930c47204ab19b805876acc05,sports,1778743803,1778954400,0.27,0.0,0.0,-0.23,0.08756,-0.01,0.23,24.0,58.499167,4.615022,0.0,0.23,0.0,0,0
0x802b967bbaa633481a810c1c5ebce835f7393d4930c47204ab19b805876acc05,sports,1778868000,1778954400,0.27,0.005,0.005,0.005,0.001043,0.000227,0.005,23.0,24.0,4.615022,0.0,0.23,0.0,1,0
0x74891f9010e7871523fa620ed6f6d3a51e18877ebca5495a6279606d681d82ae,sports,1778011210,1779112800,0.49,0.0,-0.005,-0.01,0.003379,-0.000417,0.01,25.0,305.997222,4.615022,0.0,0.01,0.0,0,1
0x74891f9010e7871523fa620ed6f6d3a51e18877ebca5495a6279606d681d82ae,sports,1778518805,1779112800,0.495,0.0,0.0,0.0,0.0,0.0,0.0,24.0,164.998611,4.615022,0.0,0.005,0.0,0,1
0x74891f9010e7871523fa620ed6f6d3a51e18877ebca5495a6279606d681d82ae,sports,1779026400,1779112800,0.645,-0.03,0.0,-0.035,0.012762,-0.001522,0.035,24.0,24.0,4.615022,0.0,0.145,0.0,1,1
0xd4b7e189404cdc6a325873107a82ea3164e58ed99ada30009255e4a736b1c608,sports,1778619604,1778944500,0.5,0.0,0.0,0.0,0.001384,0.0,0.005,25.0,90.248889,4.615022,0.0,0.0,0.0,1,0
0xd4b7e189404cdc6a325873107a82ea3164e58ed99ada30009255e4a736b1c608,sports,1778738852,1778944500,0.675,0.0,0.0,0.175,0.059121,0.007609,0.175,24.0,57.124444,4.615022,0.0,0.175,0.0,0,0
0xd4b7e189404cdc6a325873107a82ea3164e58ed99ada30009255e4a736b1c608,sports,1778858100,1778944500,0.645,0.0,0.01,-0.01,0.009689,0.0,0.03,23.0,24.0,4.615022,0.0,0.145,0.0,1,0
0x1208ac84b6c3300e0b59312b0f9e9aed6a5566911dc60cc453d6c8aa60ba1bd5,sports,1780005606,1780160400,0.53,0.0,0.005,0.015,0.005413,0.000652,0.015,24.0,42.998333,4.615022,0.0,0.03,0.0,0,0
0x1208ac84b6c3300e0b59312b0f9e9aed6a5566911dc60cc453d6c8aa60ba1bd5,sports,1780039803,1780160400,0.515,-0.015,-0.015,0.0,0.005108,-0.000435,0.015,24.0,33.499167,4.615022,0.0,0.015,0.0,0,0
0x1208ac84b6c3300e0b59312b0f9e9aed6a5566911dc60cc453d6c8aa60ba1bd5,sports,1780074000,1780160400,0.52,-0.005,0.005,-0.005,0.005623,0.0,0.015,23.0,24.0,4.615022,0.0,0.02,0.0,1,0
0x3b270be65233f3182ebe4c7c4be9b11d4dbb5276aee2c093b9cfe03f1307ddf4,other,1779339609,1779634800,0.485,-0.005,-0.015,-0.015,0.006124,-0.000625,0.015,25.0,81.9975,4.615022,0.0,0.015,0.0,1,1
0x3b270be65233f3182ebe4c7c4be9b11d4dbb5276aee2c093b9cfe03f1307ddf4,other,1779444004,1779634800,0.22,-0.045,-0.27,-0.265,0.122383,-0.011739,0.285,24.0,52.998889,4.615022,0.0,0.28,0.0,0,1
0x3b270be65233f3182ebe4c7c4be9b11d4dbb5276aee2c093b9cfe03f1307ddf4,other,1779548400,1779634800,0.18,-0.015,0.01,-0.055,0.015486,-0.001304,0.07,24.0,24.0,4.615022,0.0,0.32,0.0,0,1
0xacacf2a151359cbd15845b2ff1d6a8bfe09adddfa4d634663ec181ffa431af33,sports,1778720408,1778951400,0.495,0.0,0.0,-0.005,0.002291,-0.000208,0.005,25.0,64.164444,4.615022,0.0,0.005,0.0,0,1
0xacacf2a151359cbd15845b2ff1d6a8bfe09adddfa4d634663ec181ffa431af33,sports,1778792704,1778951400,0.495,0.0,0.0,0.0,0.001412,-0.000217,0.005,24.0,44.082222,4.615022,0.0,0.005,0.0,0,1
0xacacf2a151359cbd15845b2ff1d6a8bfe09adddfa4d634663ec181ffa431af33,sports,1778865000,1778951400,0.47,-0.005,-0.01,-0.025,0.008233,-0.001136,0.03,23.0,24.0,4.615022,0.0,0.03,0.0,1,1
0xcfba6bb5810f323893609fb2fbd796bb5f63c4dc3771091614c428681baa1faa,sports,1778619607,1778954400,0.5,0.0,0.0,0.0,0.0,0.0,0.0,25.0,92.998056,4.615022,0.0,0.0,0.0,0,1
0xcfba6bb5810f323893609fb2fbd796bb5f63c4dc3771091614c428681baa1faa,sports,1778743803,1778954400,0.5,0.0,0.0,0.0,0.0,0.0,0.0,24.0,58.499167,4.615022,0.0,0.0,0.0,0,1
0xcfba6bb5810f323893609fb2fbd796bb5f63c4dc3771091614c428681baa1faa,sports,1778868000,1778954400,0.5,0.0,0.0,0.0,0.0,0.0,0.0,23.0,24.0,4.615022,0.0,0.0,0.0,1,1
0x2e36dc6d23ebd31731b905bc3d80023d6db3f4d7a97f140d6fbdf29ba09c4752,other,1778792410,1778903999,0.5,0.0,0.0,0.0,0.006583,0.0,0.015,10.0,30.996944,4.615022,0.0,0.0,0.0,0,0
0x2e36dc6d23ebd31731b905bc3d80023d6db3f4d7a97f140d6fbdf29ba09c4752,other,1778805004,1778903999,0.5,0.0,0.0,0.0,0.007071,0.0,0.015,8.0,27.498611,4.615022,0.0,0.0,0.0,0,0
0x2e36dc6d23ebd31731b905bc3d80023d6db3f4d7a97f140d6fbdf29ba09c4752,other,1778817599,1778903999,0.5,0.0,0.0,0.015,0.005939,0.001429,0.015,8.0,24.0,4.615022,0.0,0.0,0.0,0,0
0xf26d5dc61650bf5636aeb6581c9aa3ee91af3e37f2ac4a6c947496c0d5999271,other,1778792412,1778903999,0.5,0.0,0.0,0.0,0.0,0.0,0.0,10.0,30.996389,4.615022,0.0,0.0,0.0,0,0
0xf26d5dc61650bf5636aeb6581c9aa3ee91af3e37f2ac4a6c947496c0d5999271,other,1778805005,1778903999,0.51,0.01,0.01,0.01,0.003536,0.001429,0.01,8.0,27.498333,4.615022,0.0,0.01,0.0,0,0
0xf26d5dc61650bf5636aeb6581c9aa3ee91af3e37f2ac4a6c947496c0d5999271,other,1778817599,1778903999,0.515,0.0,0.015,0.015,0.00753,0.002143,0.015,8.0,24.0,4.615022,0.0,0.015,0.0,1,0
0x8f2843e079e6bd505e76c11888cdfa5a0b658adbcdcf047db9a0577b2fb4f9c8,sports,1778396405,1778956500,0.5,0.0,0.0,0.0,0.0,0.0,0.0,25.0,155.581944,4.615022,0.0,0.0,0.0,0,0
0x8f2843e079e6bd505e76c11888cdfa5a0b658adbcdcf047db9a0577b2fb4f9c8,sports,1778633252,1778956500,0.5,0.0,0.0,0.0,0.0,0.0,0.0,24.0,89.791111,4.615022,0.0,0.0,0.0,0,0
0x8f2843e079e6bd505e76c11888cdfa5a0b658adbcdcf047db9a0577b2fb4f9c8,sports,1778870100,1778956500,0.5,0.0,0.0,0.0,0.0,0.0,0.0,23.0,24.0,4.615022,0.0,0.0,0.0,1,0
0xb7c505765612ac21f16f7d4a71f206eba4036b7dc6220e21142013cc19e75361,sports,1778720409,1778951400,0.33,0.0,0.0,-0.17,0.067515,-0.007083,0.17,25.0,64.164167,4.615022,0.0,0.17,0.0,0,0
0xb7c505765612ac21f16f7d4a71f206eba4036b7dc6220e21142013cc19e75361,sports,1778792704,1778951400,0.32,-0.005,-0.015,-0.01,0.016669,-0.000435,0.09,24.0,44.082222,4.615022,0.0,0.18,0.0,0,0
0xb7c505765612ac21f16f7d4a71f206eba4036b7dc6220e21142013cc19e75361,sports,1778865000,1778951400,0.28,-0.015,0.02,-0.06,0.020027,-0.0025,0.08,23.0,24.0,4.615022,0.0,0.22,0.0,1,0
0x20a05dd820c8a6c5c8f4b306bca16111a927ef6deb4db4a2d8a73215c39692cb,sports,1778882406,1779109800,0.5,0.0,0.0,0.0,0.001474,0.0,0.01,24.0,63.165,4.615022,0.0,0.0,0.0,0,1
0x20a05dd820c8a6c5c8f4b306bca16111a927ef6deb4db4a2d8a73215c39692cb,sports,1778952903,1779109800,0.5,0.0,0.0,0.0,0.0,0.0,0.0,24.0,43.5825,4.615022,0.0,0.0,0.0,0,1
0x20a05dd820c8a6c5c8f4b306bca16111a927ef6deb4db4a2d8a73215c39692cb,sports,1779023400,1779109800,0.5,0.0,0.0,0.0,0.0,0.0,0.0,24.0,24.0,4.615022,0.0,0.0,0.0,1,1
0x8d3063682bcea64945ca067a9d7fc960befdbec902db10655b1cce83c6b920c5,crypto,1779814803,1780329600,0.285,0.0,-0.06,0.015,0.031825,0.000652,0.12,24.0,142.999167,9.209752,0.0,0.215,0.0,0,0
0x8d3063682bcea64945ca067a9d7fc960befdbec902db10655b1cce83c6b920c5,crypto,1780029001,1780329600,0.065,0.005,-0.05,-0.035,0.018781,-0.001087,0.08,24.0,83.499722,9.209752,0.0,0.435,0.0,0,0
0x8d3063682bcea64945ca067a9d7fc960befdbec902db10655b1cce83c6b920c5,crypto,1780243200,1780329600,0.03,-0.01,-0.01,-0.015,0.00659,-0.000652,0.025,24.0,24.0,9.209752,0.0,0.47,0.0,0,0
0x444e69b50f087dfed176cb99e6ebef42b698e2097decf06991f9fd61acf12d4f,crypto,1778778021,1779292800,0.0095,-0.002,-0.0075,0.004,0.004979,0.000167,0.0255,25.0,142.994167,9.208475,0.0,0.4905,0.0,0,0
0x444e69b50f087dfed176cb99e6ebef42b698e2097decf06991f9fd61acf12d4f,crypto,1778992210,1779292800,0.0115,-0.0015,-0.0005,0.0,0.000998,0.0,0.0055,24.0,83.497222,9.208475,0.0,0.4885,0.0,0,0
0x444e69b50f087dfed176cb99e6ebef42b698e2097decf06991f9fd61acf12d4f,crypto,1779206400,1779292800,0.006,0.0045,0.0045,-0.0035,0.002298,-0.000152,0.0085,24.0,24.0,9.208475,0.0,0.494,0.0,0,0
0xa90e26eb2ef5fcc8f841dad5b088240af0d7bd53d4629f64898b51627bcba00b,crypto,1778248817,1780512300,0.395,0.0,0.0,-0.05,0.020131,-0.002083,0.055,25.0,628.745278,11.508299,0.0,0.105,0.0,1,0
0xa90e26eb2ef5fcc8f841dad5b088240af0d7bd53d4629f64898b51627bcba00b,crypto,1779337358,1780512300,0.41,0.0,-0.03,-0.09,0.024844,-0.00413,0.095,24.0,326.372778,11.508299,0.0,0.09,0.0,1,0
0xa90e26eb2ef5fcc8f841dad5b088240af0d7bd53d4629f64898b51627bcba00b,crypto,1780425900,1780512300,0.195,0.0,0.0,0.0,0.00351,0.000217,0.015,24.0,24.0,11.508299,0.0,0.305,0.0,0,0
0xcbde4cff9b74dfd77296ce7e2b0ba09876c009a6c5ea581d4e602f5b4c860e57,crypto,1778259615,1778774400,0.026,-0.21,-0.209,-0.214,0.042421,-0.008917,0.214,25.0,142.995833,9.204349,0.0,0.474,0.0,1,0
0xcbde4cff9b74dfd77296ce7e2b0ba09876c009a6c5ea581d4e602f5b4c860e57,crypto,1778473807,1778774400,0.24,-0.0005,0.0,-0.0045,0.043222,-2.2e-05,0.212,24.0,83.498056,9.204349,0.0,0.26,0.0,1,0
0xcbde4cff9b74dfd77296ce7e2b0ba09876c009a6c5ea581d4e602f5b4c860e57,crypto,1778688000,1778774400,0.0045,0.0015,-0.026,-0.021,0.030789,-0.00113,0.1295,24.0,24.0,9.204349,0.0,0.4955,0.0,0,0
0xac251f0867494070ec448bb7a90ee8c569f7a70b11127b612a875f4dbb137050,crypto,1778335205,1778472000,0.0005,0.0,0.0,0.0,0.0,0.0,0.0,24.0,37.998611,6.901645,0.0,0.4995,0.0,0,0
0xac251f0867494070ec448bb7a90ee8c569f7a70b11127b612a875f4dbb137050,crypto,1778360402,1778472000,0.0005,0.0,0.0,0.0,0.0,0.0,0.0,24.0,30.999444,6.901645,0.0,0.4995,0.0,0,0
0xac251f0867494070ec448bb7a90ee8c569f7a70b11127b612a875f4dbb137050,crypto,1778385600,1778472000,0.0005,0.0,0.0,0.0,0.0,0.0,0.0,24.0,24.0,6.901645,0.0,0.4995,0.0,0,0
0xb4cf5a8e3e8d2884d58afc078bcb5de1723e51371907d7b27f2d700229baa7d9,crypto,1778562005,1779076800,0.005,0.0,-0.004,-0.485,0.18295,-0.021087,0.486,24.0,142.998611,9.203028,0.0,0.495,0.0,0,0
0xb4cf5a8e3e8d2884d58afc078bcb5de1723e51371907d7b27f2d700229baa7d9,crypto,1778776202,1779076800,0.0005,0.0,0.0,-0.001,0.000473,-4.3e-05,0.001,24.0,83.499444,9.203028,0.0,0.4995,0.0,0,0
0xb4cf5a8e3e8d2884d58afc078bcb5de1723e51371907d7b27f2d700229baa7d9,crypto,1778990400,1779076800,0.001,0.0,0.0005,0.0,0.000466,0.0,0.002,24.0,24.0,9.203028,0.0,0.499,0.0,0,0
0xbd433066790d20392712640cf9f639581046e5539bcc26b534e1e111034507ab,crypto,1779382807,1779897600,0.0315,-0.4135,0.011,-0.4685,0.219911,-0.02037,0.4815,24.0,142.998056,6.900732,0.0,0.4685,0.0,0,0
0xbd433066790d20392712640cf9f639581046e5539bcc26b534e1e111034507ab,crypto,1779597003,1779897600,0.0235,0.0,-0.0005,-0.0025,0.001382,-0.000109,0.005,24.0,83.499167,6.900732,0.0,0.4765,0.0,0,0
0xbd433066790d20392712640cf9f639581046e5539bcc26b534e1e111034507ab,crypto,1779811200,1779897600,0.0015,0.0,0.0,-0.0065,0.006431,-0.000609,0.0165,24.0,24.0,6.900732,0.0,0.4985,0.0,0,0
0xd766fdd19f967b5a9d34986293dbf64905a40f78ed823d4068f311ddb7ad49e1,crypto,1780419619,1780934400,0.0175,0.0,0.0,-0.4825,0.134151,-0.020978,0.4845,24.0,142.994722,6.901836,0.0,0.4825,0.0,0,0
0xd766fdd19f967b5a9d34986293dbf64905a40f78ed823d4068f311ddb7ad49e1,crypto,1780633809,1780934400,0.004,0.002,0.0025,0.0025,0.001042,0.000109,0.0035,24.0,83.4975,6.901836,0.0,0.496,0.0,0,0
0xd766fdd19f967b5a9d34986293dbf64905a40f78ed823d4068f311ddb7ad49e1,crypto,1780848000,1780934400,0.0005,0.0,0.0,-0.001,0.000482,-4.3e-05,0.001,24.0,24.0,6.901836,0.0,0.4995,0.0,0,0
0x7949e14a225b3e328f6056c950c26f36e6d50d13f69bea9f454aad0e9a3fe7c8,crypto,1780074007,1780588800,0.9845,0.0015,0.0015,0.4845,0.23109,0.021065,0.4845,24.0,142.998056,11.503569,0.0,0.4845,0.0,0,1
0x7949e14a225b3e328f6056c950c26f36e6d50d13f69bea9f454aad0e9a3fe7c8,crypto,1780288203,1780588800,0.986,-0.0005,0.0015,0.0005,0.003762,2.2e-05,0.0085,24.0,83.499167,11.503569,0.0,0.486,0.0,0,1
0x7949e14a225b3e328f6056c950c26f36e6d50d13f69bea9f454aad0e9a3fe7c8,crypto,1780502400,1780588800,0.9805,-0.0015,-0.008,-0.006,0.013305,-0.000239,0.058,24.0,24.0,11.503569,0.0,0.4805,0.0,0,1
0x73304f03c4436ba55d837bb011ecd4afdd7a0032b43c55f35bab9f3f10c0e8a7,crypto,1779642009,1780156800,0.0325,-0.004,0.002,-0.0575,0.014179,-0.002396,0.0615,25.0,142.9975,9.201057,0.0,0.4675,0.0,0,0
0x73304f03c4436ba55d837bb011ecd4afdd7a0032b43c55f35bab9f3f10c0e8a7,crypto,1779856204,1780156800,0.0165,0.0,-0.0015,-0.007,0.002774,-0.000261,0.0115,24.0,83.498889,9.201057,0.0,0.4835,0.0,1,0
0x73304f03c4436ba55d837bb011ecd4afdd7a0032b43c55f35bab9f3f10c0e8a7,crypto,1780070400,1780156800,0.0135,-0.001,-0.006,-0.056,0.010201,-0.002364,0.052,23.0,24.0,9.201057,0.0,0.4865,0.0,0,0
0x020c9f1139c6492fd8a69711c463de3704b77cf7fa6386318761f16cb7f39708,crypto,1779469213,1779984000,0.015,-0.002,-0.0025,-0.004,0.001601,-0.000167,0.0065,25.0,142.996389,9.197786,0.0,0.485,0.0,0,0
0x020c9f1139c6492fd8a69711c463de3704b77cf7fa6386318761f16cb7f39708,crypto,1779683406,1779984000,0.013,0.0,0.0,-0.002,0.003176,-0.000109,0.009,24.0,83.498333,9.197786,0.0,0.487,0.0,0,0
0x020c9f1139c6492fd8a69711c463de3704b77cf7fa6386318761f16cb7f39708,crypto,1779897600,1779984000,0.0005,0.0,-0.0005,-0.0035,0.001112,-4.3e-05,0.003,24.0,24.0,9.197786,0.0,0.4995,0.0,0,0
0x1e1b789301d71d65366877ac2fe423146544515cadd4b8b5d1f043b8605a1f3e,crypto,1780506032,1781020800,0.246,0.227,0.0015,-0.004,0.083597,-0.000167,0.2345,25.0,142.991111,6.896002,0.0,0.254,0.0,1,0
0x1e1b789301d71d65366877ac2fe423146544515cadd4b8b5d1f043b8605a1f3e,crypto,1780720216,1781020800,0.468,-0.0035,0.0065,0.046,0.006413,0.000761,0.026,24.0,83.495556,6.896002,0.0,0.032,0.0,1,0
0x1e1b789301d71d65366877ac2fe423146544515cadd4b8b5d1f043b8605a1f3e,crypto,1780934400,1781020800,0.0005,0.0,-0.0005,-0.0035,0.002244,-0.000152,0.0055,24.0,24.0,6.896002,0.0,0.4995,0.0,0,0
0x48f8001a9a97592f162728e49342546068ff4a37379a8206057560593c9e86be,crypto,1780592408,1781107200,0.0105,0.0,-0.23,-0.2245,0.106542,-0.009761,0.23,24.0,142.997778,6.907426,0.0,0.4895,0.0,1,0
0x48f8001a9a97592f162728e49342546068ff4a37379a8206057560593c9e86be,crypto,1780806604,1781107200,0.0045,-0.432,0.0,-0.4575,0.138706,-0.019522,0.449,24.0,83.498889,6.907426,0.0,0.4955,0.0,0,0
0x48f8001a9a97592f162728e49342546068ff4a37379a8206057560593c9e86be,crypto,1781020800,1781107200,0.0005,0.0,0.0,-0.0005,0.000252,-2.2e-05,0.0005,24.0,24.0,6.907426,0.0,0.4995,0.0,0,0
0xff45f3b7a4fc0c1a1c29fda0bddcd4ab4c96035cb7e956346dbd42f8dcb5dfac,crypto,1780873204,1781510400,0.495,-0.015,-0.005,-0.005,0.016284,-0.000208,0.08,25.0,176.998889,11.505649,0.0,0.005,0.0,0,0
0x40107398b6b7cc4cb569ced851711f0257de4f54820982c5e865c495211e3fd0,crypto,1780081208,1780588800,0.87,-0.04,0.385,0.37,0.126187,0.016087,0.43,24.0,140.997778,11.499747,0.0,0.37,0.0,0,0
0x40107398b6b7cc4cb569ced851711f0257de4f54820982c5e865c495211e3fd0,crypto,1780291804,1780588800,0.905,-0.005,0.005,-0.02,0.015252,-0.00087,0.05,24.0,82.498889,11.499747,0.0,0.405,0.0,0,0
0x40107398b6b7cc4cb569ced851711f0257de4f54820982c5e865c495211e3fd0,crypto,1780502400,1780588800,0.23,-0.055,-0.16,-0.495,0.13238,-0.013696,0.47,24.0,24.0,11.499747,0.0,0.27,0.0,1,0
0xd0fb9b4fd991305afa21c4b29d4f8331c9ffe6366e327335ba515587b947fa71,crypto,1780081208,1780588800,0.0055,-0.0055,-0.006,-0.01,0.002339,-0.000435,0.01,24.0,140.997778,11.499657,0.0,0.4945,0.0,0,1
0xd0fb9b4fd991305afa21c4b29d4f8331c9ffe6366e327335ba515587b947fa71,crypto,1780291804,1780588800,0.005,0.0,0.0,-0.002,0.000773,-8.7e-05,0.002,24.0,82.498889,11.499657,0.0,0.495,0.0,0,1
0xd0fb9b4fd991305afa21c4b29d4f8331c9ffe6366e327335ba515587b947fa71,crypto,1780502400,1780588800,0.0485,-0.0145,-0.0035,0.0175,0.039769,-0.002304,0.176,24.0,24.0,11.499657,0.0,0.4515,0.0,1,1
0x3cc740337539910d93c5b6dcd0f75c7e60022a19d5a64a8850d72735e10bf9c6,crypto,1779166818,1779681600,0.57,0.015,-0.02,0.07,0.074718,0.002917,0.41,25.0,142.995,11.49898,0.0,0.07,0.0,1,0
0x3cc740337539910d93c5b6dcd0f75c7e60022a19d5a64a8850d72735e10bf9c6,crypto,1779381009,1779681600,0.34,0.07,-0.025,-0.165,0.088726,-0.006304,0.28,24.0,83.4975,11.49898,0.0,0.16,0.0,1,0
0x3cc740337539910d93c5b6dcd0f75c7e60022a19d5a64a8850d72735e10bf9c6,crypto,1779595200,1779681600,0.1455,0.0,-0.249,0.1395,0.093366,0.006043,0.388,24.0,24.0,11.49898,0.0,0.3545,0.0,1,0
0xfada6cf302b63642394a55cf2bfa5c56237dd5f0b8867bbda4ae2fdc945a77d2,crypto,1778594404,1780512300,0.5,0.01,0.01,0.01,0.002658,0.000435,0.01,24.0,532.748889,9.195499,0.0,0.0,0.0,0,0
0xfada6cf302b63642394a55cf2bfa5c56237dd5f0b8867bbda4ae2fdc945a77d2,crypto,1779510152,1780512300,0.4,-0.005,-0.03,-0.045,0.049475,-0.001957,0.13,24.0,278.374444,9.195499,0.0,0.1,0.0,0,0
0xfada6cf302b63642394a55cf2bfa5c56237dd5f0b8867bbda4ae2fdc945a77d2,crypto,1780425900,1780512300,0.51,0.0,0.0,0.01,0.009771,0.000435,0.03,24.0,24.0,9.195499,0.0,0.01,0.0,1,0
0x7396e14aa7a021c7c1addb83eb4dc5c86a16462f0f7d39052d9e46c218392222,crypto,1779166819,1779681600,0.0685,-0.0145,-0.0155,-0.4315,0.154972,-0.017979,0.4365,25.0,142.994722,11.497462,0.0,0.4315,0.0,0,0
0x7396e14aa7a021c7c1addb83eb4dc5c86a16462f0f7d39052d9e46c218392222,crypto,1779381009,1779681600,0.007,-0.0025,-0.0075,-0.011,0.00336,-0.00063,0.015,24.0,83.4975,11.497462,0.0,0.493,0.0,0,0
0x7396e14aa7a021c7c1addb83eb4dc5c86a16462f0f7d39052d9e46c218392222,crypto,1779595200,1779681600,0.009,0.0,-0.0025,-0.0025,0.004992,-0.000109,0.0145,24.0,24.0,11.497462,0.0,0.491,0.0,0,0
0xa2e9944c5f98d44259f573a5e0f71e5a1e6706bf0c6dd060db9371a881693dbb,crypto,1778680807,1778947200,0.845,-0.04,-0.02,0.05,0.049273,0.002174,0.175,24.0,73.998056,11.496664,0.0,0.345,0.0,1,0
0xa2e9944c5f98d44259f573a5e0f71e5a1e6706bf0c6dd060db9371a881693dbb,crypto,1778770803,1778947200,0.755,-0.035,-0.045,-0.015,0.034764,-0.001522,0.15,24.0,48.999167,11.496664,0.0,0.255,0.0,1,0
0xa2e9944c5f98d44259f573a5e0f71e5a1e6706bf0c6dd060db9371a881693dbb,crypto,1778860800,1778947200,0.619,-0.2745,-0.2895,-0.271,0.07136,-0.013227,0.3375,23.0,24.0,11.496664,0.0,0.119,0.0,1,0
0x03f8708fc19ada33c17d2cf60eea4fe6d3eb4c07a677ec928c909148d0f3c16f,crypto,1779987609,1780502400,0.015,0.0,-0.2235,0.0,0.097501,0.0,0.2295,25.0,142.9975,6.891891,0.0,0.485,0.0,0,0
0x03f8708fc19ada33c17d2cf60eea4fe6d3eb4c07a677ec928c909148d0f3c16f,crypto,1780201804,1780502400,0.028,-0.0005,-0.0005,-0.2095,0.06855,-0.009109,0.2095,24.0,83.498889,6.891891,0.0,0.472,0.0,0,0
0x03f8708fc19ada33c17d2cf60eea4fe6d3eb4c07a677ec928c909148d0f3c16f,crypto,1780416000,1780502400,0.0005,0.0,0.0,-0.003,0.000306,-6.5e-05,0.0015,24.0,24.0,6.891891,0.0,0.4995,0.0,0,0
0x9b76e6c98509176874d06614c5b32716cf9c9f3e3c89a31e177dd607deee2482,crypto,1780938009,1781452800,0.416,-0.04,0.241,0.176,0.095199,0.007333,0.381,25.0,142.9975,6.904491,0.0,0.084,0.0,0,0
0x9b76e6c98509176874d06614c5b32716cf9c9f3e3c89a31e177dd607deee2482,crypto,1781152204,1781452800,0.4795,0.049,0.0405,0.055,0.018808,0.0025,0.075,24.0,83.498889,6.904491,0.0,0.0205,0.0,1,0
0x9b76e6c98509176874d06614c5b32716cf9c9f3e3c89a31e177dd607deee2482,crypto,1781366400,1781452800,0.0005,0.0,0.0,-0.0075,0.007007,-0.000217,0.0185,24.0,24.0,6.904491,0.0,0.4995,0.0,0,0
0x6bc93b4b2f0d7c1a93f5d7ef96c1f67fd83b9ee464917c03f9c2db18f7a16a93,crypto,1781294406,1781495940,0.095,0.0,0.0,-0.405,0.167678,-0.016875,0.4695,25.0,55.981667,6.900193,0.0,0.405,0.0,0,0
0x6bc93b4b2f0d7c1a93f5d7ef96c1f67fd83b9ee464917c03f9c2db18f7a16a93,crypto,1781351973,1781495940,0.0955,0.0005,0.0005,0.0005,0.000102,2.2e-05,0.0005,24.0,39.990833,6.900193,0.0,0.4045,0.0,0,0
0x6bc93b4b2f0d7c1a93f5d7ef96c1f67fd83b9ee464917c03f9c2db18f7a16a93,crypto,1781409540,1781495940,0.094,0.0,-0.001,-0.001,0.00039,-4.3e-05,0.0015,24.0,24.0,6.900193,0.0,0.406,0.0,1,0
0x54dd67cf89da74b9eca280879939b783c07dc370aa073de39dd94930bfc20f2f,crypto,1781215204,1781467200,0.47,-0.01,0.005,0.0,0.006633,0.0,0.03,25.0,69.998889,11.502761,0.0,0.03,0.0,0,0
0x54dd67cf89da74b9eca280879939b783c07dc370aa073de39dd94930bfc20f2f,crypto,1781298002,1781467200,0.47,0.0,-0.005,-0.005,0.006863,-0.000435,0.035,24.0,46.999444,11.502761,0.0,0.03,0.0,0,0
0x54dd67cf89da74b9eca280879939b783c07dc370aa073de39dd94930bfc20f2f,crypto,1781380800,1781467200,0.465,0.0,0.0,-0.005,0.003269,-0.000217,0.01,24.0,24.0,11.502761,0.0,0.035,0.0,0,0
0x5d8e38c2e1a80b29f1f03dda174a141709b4f45be1ff2f1dd9ff3062ba7a7442,crypto,1781294405,1781495940,0.155,0.0,0.0,-0.345,0.155047,-0.014375,0.375,25.0,55.981944,6.895521,0.0,0.345,0.0,0,0
0x5d8e38c2e1a80b29f1f03dda174a141709b4f45be1ff2f1dd9ff3062ba7a7442,crypto,1781351972,1781495940,0.13,-0.005,-0.005,-0.025,0.011211,-0.001087,0.03,24.0,39.991111,6.895521,0.0,0.37,0.0,0,0
0x5d8e38c2e1a80b29f1f03dda174a141709b4f45be1ff2f1dd9ff3062ba7a7442,crypto,1781409540,1781495940,0.13,0.0,0.0,-0.005,0.002518,-0.000217,0.01,24.0,24.0,6.895521,0.0,0.37,0.0,1,0
0x99cd635b152b8dcb7b244bd03c253d530766a8b995a73bfa3d241d62b26fe51f,crypto,1780981203,1781496000,0.0375,-0.005,-0.0015,-0.1025,0.036003,-0.004271,0.13,25.0,142.999167,11.49558,0.0,0.4625,0.0,0,0
0x99cd635b152b8dcb7b244bd03c253d530766a8b995a73bfa3d241d62b26fe51f,crypto,1781195401,1781496000,0.0165,0.0005,0.001,-0.031,0.01096,-0.000826,0.031,24.0,83.499722,11.49558,0.0,0.4835,0.0,0,0
0x99cd635b152b8dcb7b244bd03c253d530766a8b995a73bfa3d241d62b26fe51f,crypto,1781409600,1781496000,0.0005,0.0,0.0,-0.004,0.001738,-0.000174,0.004,24.0,24.0,11.49558,0.0,0.4995,0.0,0,0
0xfe07d9581984d66ec3c316e1ffe2fbbb453dd4b7678b575100f2d95606ceeaf8,sports,1784743220,1785315600,0.455,0.0,-0.005,-0.045,0.028259,-0.001875,0.11,25.0,158.994444,6.908745,0.0,0.045,0.0,1,1
0x5378a79b6de4de154dcd08c20155c0dc1ed2dec0eae74aa15fe58ab77beeb085,sports,1784743208,1785315600,0.41,0.0,0.08,-0.09,0.07874,-0.00375,0.36,25.0,158.997778,6.908745,0.0,0.09,0.0,1,1
0x60efad549a202c570d27e0ee05d3f90bfd657249aee679418103c65b829a7002,sports,1783893604,1784979300,0.45,0.105,0.11,0.095,0.022164,0.00413,0.11,24.0,301.582222,4.615108,0.0,0.05,0.0,1,0
0x60efad549a202c570d27e0ee05d3f90bfd657249aee679418103c65b829a7002,sports,1784393252,1784979300,0.445,0.005,0.055,0.105,0.046285,0.005435,0.175,24.0,162.791111,4.615108,0.0,0.055,0.0,0,0
0x60efad549a202c570d27e0ee05d3f90bfd657249aee679418103c65b829a7002,sports,1784892900,1784979300,0.07,0.0,0.0,0.0,0.001021,0.0,0.005,24.0,24.0,4.615108,0.0,0.43,0.0,0,0
0xaaa8acafe79a553613158a33f7ffd330378969cf4b3feefca9afd77803f653cf,other,1783969208,1785083400,0.145,0.0,-0.03,-0.35,0.069747,-0.014583,0.36,25.0,309.497778,4.615087,0.0,0.355,0.0,0,0
0xaaa8acafe79a553613158a33f7ffd330378969cf4b3feefca9afd77803f653cf,other,1784483104,1785083400,0.13,-0.115,-0.12,-0.16,0.029598,-0.006739,0.155,24.0,166.748889,4.615087,0.0,0.37,0.0,0,0
0xaaa8acafe79a553613158a33f7ffd330378969cf4b3feefca9afd77803f653cf,other,1784997000,1785083400,0.12,0.0,0.0,-0.005,0.002918,-0.000217,0.01,24.0,24.0,4.615087,0.0,0.38,0.0,0,0
0x3c0f8778df1d8782d5bcc99ba53e0a3ae4cfd7601770b9e3c47dd831c72740fa,sports,1783198810,1783605600,0.495,0.005,0.005,0.005,0.004787,0.000208,0.015,25.0,112.997222,4.615084,0.0,0.005,0.0,0,0
0x3c0f8778df1d8782d5bcc99ba53e0a3ae4cfd7601770b9e3c47dd831c72740fa,sports,1783359005,1783605600,0.5,0.0,0.01,0.01,0.004584,0.0,0.01,24.0,68.498611,4.615084,0.0,0.0,0.0,0,0
0x3c0f8778df1d8782d5bcc99ba53e0a3ae4cfd7601770b9e3c47dd831c72740fa,sports,1783519200,1783605600,0.5,0.0,0.0,0.0,0.00637,0.0,0.025,24.0,24.0,4.615084,0.0,0.0,0.0,0,0
0x76ffb06b06bfc63ae8c7bb3dbc11765a41860a73eb969c569e1127c0a13a2591,sports,1785517209,1785609000,0.675,0.0,-0.03,0.175,0.095411,0.007292,0.235,25.0,25.4975,4.615082,0.0,0.175,0.0,0,0
0x76ffb06b06bfc63ae8c7bb3dbc11765a41860a73eb969c569e1127c0a13a2591,sports,1785519904,1785609000,0.675,0.0,0.2,0.175,0.093846,0.007391,0.235,24.0,24.748889,4.615082,0.0,0.175,0.0,0,0
0x76ffb06b06bfc63ae8c7bb3dbc11765a41860a73eb969c569e1127c0a13a2591,sports,1785522600,1785609000,0.675,0.0,-0.005,0.17,0.090454,0.007391,0.235,24.0,24.0,4.615082,0.0,0.175,0.0,0,0
0x0a7cd712ea42234c39022339b099d7ddf35c042f13b63ad0944954c986c6ea37,sports,1784570412,1785634200,0.485,0.0,0.0,-0.015,0.005955,-0.000652,0.015,24.0,295.496667,2.397841,0.0,0.015,0.0,0,0
0x0a7cd712ea42234c39022339b099d7ddf35c042f13b63ad0944954c986c6ea37,sports,1785059106,1785634200,0.495,-0.01,-0.005,-0.005,0.007316,-0.000238,0.04,22.0,159.748333,2.397841,0.0,0.005,0.0,0,0
0x0a7cd712ea42234c39022339b099d7ddf35c042f13b63ad0944954c986c6ea37,sports,1785547800,1785634200,0.505,0.005,0.005,-0.02,0.031207,-0.001087,0.125,24.0,24.0,2.397841,0.0,0.005,0.0,0,0
0x428c91bf1ab72e9ce74f4f4bc1cb0c9080cb06011e55f43b80b7de7f1490adf1,other,1784311224,1785363300,0.12,0.0,-0.26,-0.375,0.071637,-0.016304,0.375,24.0,292.243333,2.397838,0.0,0.38,0.0,1,1
0x428c91bf1ab72e9ce74f4f4bc1cb0c9080cb06011e55f43b80b7de7f1490adf1,other,1784794062,1785363300,0.1,-0.005,-0.005,-0.18,0.116982,-0.007826,0.285,24.0,158.121667,2.397838,0.0,0.4,0.0,0,1
0x428c91bf1ab72e9ce74f4f4bc1cb0c9080cb06011e55f43b80b7de7f1490adf1,other,1785276900,1785363300,0.1,0.0,0.0,0.015,0.008626,0.001053,0.025,20.0,24.0,2.397838,0.0,0.4,0.0,0,1
0x70519fbd322f42ee506ae7cd1240f1190b16d6369f449f7a0c2fed852ae46729,sports,1784818810,1785171300,0.5,0.0,0.0,0.0,0.002823,0.0,0.01,24.0,97.913889,4.615022,0.0,0.0,0.0,1,0
0x70519fbd322f42ee506ae7cd1240f1190b16d6369f449f7a0c2fed852ae46729,sports,1784951855,1785171300,0.64,0.0,0.0,0.155,0.073143,0.006957,0.195,24.0,60.956944,4.615022,0.0,0.14,0.0,0,0
0x70519fbd322f42ee506ae7cd1240f1190b16d6369f449f7a0c2fed852ae46729,sports,1785084900,1785171300,0.645,0.0,0.005,0.005,0.002212,0.000217,0.005,24.0,24.0,4.615022,0.0,0.145,0.0,1,0
0xcfff3abbf0bcf1d6d66369163f887c2b16a09fdfc5725a0ea9bdd96bfffab386,other,1783944010,1784620800,0.5,0.0,0.0,0.0,0.0,0.0,0.0,25.0,187.997222,4.615002,0.0,0.0,0.0,0,0
0x716f2e16af6b820eed643a9c9f9193333c6802381710c4a85bb79681ea14dc9b,sports,1783497606,1783623600,0.5,0.0,0.0,-0.015,0.00559,-0.000625,0.025,25.0,34.998333,4.615002,0.0,0.0,0.0,0,1
0x716f2e16af6b820eed643a9c9f9193333c6802381710c4a85bb79681ea14dc9b,sports,1783517403,1783623600,0.505,0.005,0.005,0.005,0.004293,0.000217,0.02,24.0,29.499167,4.615002,0.0,0.005,0.0,0,1
0x716f2e16af6b820eed643a9c9f9193333c6802381710c4a85bb79681ea14dc9b,sports,1783537200,1783623600,0.51,0.01,0.01,0.005,0.003586,0.000652,0.015,24.0,24.0,4.615002,0.0,0.01,0.0,1,1
0x22b86463690527a49f431df55694282ff9183d82e3c71d6e3e787fe9454d3a99,other,1784815206,1785286800,0.47,-0.005,-0.025,-0.025,0.009477,-0.001087,0.035,24.0,130.998333,4.615002,0.0,0.03,0.0,0,0
0x22b86463690527a49f431df55694282ff9183d82e3c71d6e3e787fe9454d3a99,other,1785007803,1785286800,0.49,0.02,0.025,-0.005,0.010548,0.00119,0.04,22.0,77.499167,4.615002,0.0,0.01,0.0,0,0
0x22b86463690527a49f431df55694282ff9183d82e3c71d6e3e787fe9454d3a99,other,1785200400,1785286800,0.505,-0.005,0.005,-0.005,0.005813,-0.000227,0.015,23.0,24.0,4.615002,0.0,0.005,0.0,0,0
0x8149bebd7e1a39d5d10db27c0b4dcc3b85adfcfaa1bcb8549981bcc331522f31,other,1783198804,1785542340,0.395,0.0,-0.035,0.04,0.041238,0.001667,0.13,25.0,650.982222,4.615002,0.0,0.105,0.0,1,0
0x8149bebd7e1a39d5d10db27c0b4dcc3b85adfcfaa1bcb8549981bcc331522f31,other,1784327372,1785542340,0.44,-0.03,-0.03,-0.03,0.006124,-0.001304,0.03,24.0,337.491111,4.615002,0.0,0.06,0.0,0,0
0x8149bebd7e1a39d5d10db27c0b4dcc3b85adfcfaa1bcb8549981bcc331522f31,other,1785455940,1785542340,0.4795,0.0,0.0,0.0125,0.021815,0.003326,0.0765,24.0,24.0,4.615002,0.0,0.0205,0.0,0,0
0xffb882ad6af8acc424f059a54c1b75382b46dd9725388fabe21c3513f19b1b32,other,1784815204,1785286800,0.475,-0.015,-0.03,-0.025,0.008459,-0.001087,0.03,24.0,130.998889,4.615002,0.0,0.025,0.0,0,1
0xffb882ad6af8acc424f059a54c1b75382b46dd9725388fabe21c3513f19b1b32,other,1785007802,1785286800,0.505,0.005,0.0,0.02,0.005247,0.000652,0.02,24.0,77.499444,4.615002,0.0,0.005,0.0,0,1
0xffb882ad6af8acc424f059a54c1b75382b46dd9725388fabe21c3513f19b1b32,other,1785200400,1785286800,0.5,0.0,0.0,0.01,0.005513,0.000435,0.02,24.0,24.0,4.615002,0.0,0.0,0.0,1,1
0x0c7eb637ed8493c4f02a50bd3c0633a3a44153fe89e857bbbc5d877021bdb3bf,sports,1784948428,1785110340,0.44,0.0,-0.035,-0.055,0.041468,-0.002391,0.155,24.0,44.975556,4.615002,0.0,0.06,0.0,1,0
0x0c7eb637ed8493c4f02a50bd3c0633a3a44153fe89e857bbbc5d877021bdb3bf,sports,1784986184,1785110340,0.275,0.235,0.235,-0.2,0.178877,-0.009762,0.445,22.0,34.487778,4.615002,0.0,0.225,0.0,1,0
0x0c7eb637ed8493c4f02a50bd3c0633a3a44153fe89e857bbbc5d877021bdb3bf,sports,1785023940,1785110340,0.115,0.0,0.0,-0.305,0.16331,-0.014,0.445,21.0,24.0,4.615002,0.0,0.385,0.0,1,0
0x75ac6b36569bc983d911057ff6fd671d4c2e431c022d215d826d378eca59e17e,other,1785103239,1785358800,0.475,-0.005,-0.005,-0.025,0.01149,-0.001471,0.03,18.0,70.989167,4.614991,0.0,0.025,0.0,0,0
0x75ac6b36569bc983d911057ff6fd671d4c2e431c022d215d826d378eca59e17e,other,1785187819,1785358800,0.5,0.0,0.0,0.02,0.010712,0.001316,0.035,20.0,47.494722,4.614991,0.0,0.0,0.0,1,0
0x75ac6b36569bc983d911057ff6fd671d4c2e431c022d215d826d378eca59e17e,other,1785272400,1785358800,0.4,0.0,-0.07,-0.1,0.061461,-0.006667,0.265,16.0,24.0,4.614991,0.0,0.1,0.0,1,0
0x197199782e88ad13a6f7a1edccad857e3ecf6a53f24cb08921a314f9241381e4,other,1783198808,1786319940,0.475,0.0,-0.01,-0.025,0.079295,-0.001042,0.345,25.0,866.981111,6.908617,0.0,0.025,0.0,1,1
0x197199782e88ad13a6f7a1edccad857e3ecf6a53f24cb08921a314f9241381e4,other,1784716174,1786319940,0.952,0.001,0.0225,0.0325,0.006681,0.001413,0.0325,24.0,445.490556,6.908617,0.0,0.452,0.0,0,1
0x11811b240a44b7cce3beec31d61223b2fc4bca8752956bdf862e265bd69831f6,other,1784314809,1785346200,0.5,0.0,-0.02,0.0,0.014982,0.0,0.065,24.0,286.4975,11.512784,0.0,0.0,0.0,0,1
0x11811b240a44b7cce3beec31d61223b2fc4bca8752956bdf862e265bd69831f6,other,1784787304,1785346200,0.475,0.0,0.0,-0.005,0.004484,-0.000217,0.02,24.0,155.248889,11.512784,0.0,0.025,0.0,1,1
0x11811b240a44b7cce3beec31d61223b2fc4bca8752956bdf862e265bd69831f6,other,1785259800,1785346200,0.605,0.0,0.0,0.01,0.003804,0.000556,0.01,19.0,24.0,11.512784,0.0,0.105,0.0,0,1
0x53cf960985e27ab792c92a55de914dbd136c548f1aa7438cb15f4be04e074137,other,1784577613,1784926800,0.485,0.0,-0.005,-0.015,0.007071,-0.000652,0.025,24.0,96.996389,4.614942,0.0,0.015,0.0,0,1
0x53cf960985e27ab792c92a55de914dbd136c548f1aa7438cb15f4be04e074137,other,1784709006,1784926800,0.505,0.02,0.005,0.075,0.011451,0.000652,0.04,24.0,60.498333,4.614942,0.0,0.005,0.0,0,1
0x53cf960985e27ab792c92a55de914dbd136c548f1aa7438cb15f4be04e074137,other,1784840400,1784926800,0.505,0.0,0.0,0.0,0.012061,0.00087,0.055,24.0,24.0,4.614942,0.0,0.005,0.0,1,1
0x921c0a8e487c74566c6603397a8dbd23c51a74f253566dff3d8e86725e6b0766,other,1783785606,1784766600,0.065,-0.41,0.005,-0.42,0.190078,-0.018261,0.425,24.0,272.498333,6.908571,0.0,0.435,0.0,0,0
0x921c0a8e487c74566c6603397a8dbd23c51a74f253566dff3d8e86725e6b0766,other,1784232903,1784766600,0.07,0.0,0.0,-0.01,0.004643,-0.000435,0.01,24.0,148.249167,6.908571,0.0,0.43,0.0,0,0
0x921c0a8e487c74566c6603397a8dbd23c51a74f253566dff3d8e86725e6b0766,other,1784680200,1784766600,0.02,0.0,-0.003,-0.045,0.039691,-0.001522,0.2,24.0,24.0,6.908571,0.0,0.48,0.0,0,0
0xbef647caa3b8a6852206cc295dc1f2689f2ce34c8a1d425733ce2d0fde212a1d,sports,1784318409,1785371400,0.355,-0.015,-0.01,-0.145,0.028675,-0.006042,0.15,25.0,292.4975,6.908569,0.0,0.145,0.0,1,0
0xbef647caa3b8a6852206cc295dc1f2689f2ce34c8a1d425733ce2d0fde212a1d,sports,1784801704,1785371400,0.445,0.015,0.05,-0.015,0.020071,-0.000652,0.065,24.0,158.248889,6.908569,0.0,0.055,0.0,0,0
0xbef647caa3b8a6852206cc295dc1f2689f2ce34c8a1d425733ce2d0fde212a1d,sports,1785285000,1785371400,0.1,0.0,0.0,0.0,0.0,0.0,0.0,18.0,24.0,6.908569,0.0,0.4,0.0,0,0
0x94ac9e41d1e3492acf0832263c085884ec01e67d663b08999d79ff402def8688,other,1785517212,1785694500,0.125,0.0,-0.01,0.0,0.120686,0.0,0.37,24.0,49.246667,4.61493,0.0,0.375,0.0,0,0
0x94ac9e41d1e3492acf0832263c085884ec01e67d663b08999d79ff402def8688,other,1785562656,1785694500,0.125,-0.01,-0.005,0.0,0.052689,0.0,0.17,24.0,36.623333,4.61493,0.0,0.375,0.0,0,0
0x94ac9e41d1e3492acf0832263c085884ec01e67d663b08999d79ff402def8688,other,1785608100,1785694500,0.13,0.0,0.005,0.005,0.004251,0.000217,0.01,24.0,24.0,4.61493,0.0,0.37,0.0,1,0
