condition_id,category,prob,final_outcome
polymarket_0x4408af6aaac9536da338809fcb1f13f959a0982164afb0c156cd0f3c2217c15a,other,0.916,0
polymarket_0x01351ff28135fa1d45d599ba0023562075f2b55ba4b14519d5b94218092f0d43,sports,0.5,1
polymarket_0x5e9df8dd44aa3a2290c79dbe23f0c585ac5d196d013f74e2d482ebcb2c1b968a,sports,0.5,0
polymarket_0x274080808b576c8f98bacd31fd215e1815ae7fb136c19ec34c5ac4c2bf497a9f,sports,0.5,1
polymarket_0xdc44a78b8def4ca1394ecc46fb06fde397fa87cd3c7af05a520d166139541a65,other,0.99,1
polymarket_0x793a2d7100d6674f8a83fde51578462503229aa312269aa8665366ee7fee1468,other,0.35,0
polymarket_0xbdf5cb93bc18bf5a2b5aec84cd466eb0ba4e1b3309423182307b72cb0c3ed252,other,0.32,0
polymarket_0xca3499d7a77b6b1d7b7b50681c16cf2214589eef0ea5b4f2923d14d1d01f61e5,other,0.285,0
polymarket_0x37e8e5137ee9f667e7f9e748f6ccf09f551f9b8b86d73297e3b69114bb92ea1c,other,0.35,0
polymarket_0x1e7ebfc15dc1547856f44ff5838e81564539c49687672ad57ab4a4c8b01938ab,sports,0.51,0
polymarket_0x9bf290942c40e7ca08b27d3ed4eee13e2f058763139b8648036d4477185929f4,sports,0.505,1
polymarket_0x1bd76bdb15e0aaecce98ee5c4363c151a548809d1ba4b3f97978dfff800e0d6e,sports,0.495,1
polymarket_0x62f8d8f766833805cc8247dc861d99e4d15cea1edcda782a7b8f8f43c41ada71,other,0.0605,0
polymarket_0xb987e03128e7b657332ffbaec10e818f4ec4076108005cfee450190952aa5c1a,other,0.225,0
polymarket_0x6f0381ea2b7824a12d22ab11cd676e1616c5f6b6b110badc2f845dde689a3e7e,other,0.22,0
polymarket_0x1a9bfd026f8c5de97760c253e5fecb63e20f4040cb9fcab186e3a45289787989,other,0.295,0
polymarket_0xfa5f29eed035a6b6f3c3e38373e0d3cd12dd994707ae84e8d0d785ae15d59eca,other,0.325,0
polymarket_0xafbd33d7fe0c91e1c8b52fa7a5355218edf469a2962f93331e2ae2286ebd2793,crypto,0.31,0
polymarket_0xd0fa5bdc4ebbdec7ff453f5038f7a1403bbbd6e5d5c6762936de65a2c866d1f0,other,0.0045,0
polymarket_0x07f2afc917576da649bf8992d49a1b57b0fb201289f5b9ef2bfee634ef90491d,other,0.52,0
polymarket_0x15e61785bf423d21cad2f38dcef2ae63e94e383e2408e49500be20fe6b32b7fd,other,0.9975,1
polymarket_0x233b296d4d1e1059d2e2fa8dd995b41ab85c8e4523108bf415f93739ecd74cd5,sports,0.185,1
polymarket_0x22e504a7512c77cb00e29060820fc532ab864531b31f8d888ee063eaa4ef8820,other,0.22,0
polymarket_0x5905575297f2870e18c10041f3b913f0f232fc16d32bca91e22b21dca634a9df,other,0.045,0
polymarket_0xd8e63b5fbe7921a561b86528d2c7df13eea1973f4a524ddd2c0625dfa71ddca8,other,0.58,1
polymarket_0xdb9a84be0dea3b71313ec680d5b09f08355a630ed1311dc88e57a1a31d59fccf,sports,0.5,0
polymarket_0xcdb536ecb02257ad8e861e09a1b1f5f3bb8876a873f381d2b826aa8a32598b99,sports,0.245,0
polymarket_0x636a83cd554a13609c62a13800897fc737030c9dc2a459064b5cd4d19eb0bfcf,sports,0.17,0
polymarket_0x5c1f853f97c02b679ea78fabb308fee0d1eba29fb796519e4684fa9e238adfa3,other,0.23,0
polymarket_0x8079deb2909c81599e2bbf391f4b46b2b84f5cb9dca2aa35e2a0d4d3402b5a11,other,0.655,0
polymarket_0xc31ba154b0b34543e95b53fac3cf6687cfbcbb46494f278bf0bcc91abcda2d06,other,0.475,0
polymarket_0x8fa23520afd2a4d3678f0792ebf622320e8fe2ddcb20ad48dbb352c6222feb7d,other,0.021,0
polymarket_0x32e99dd45ccbc5f5f0920945a6af84a37635b90d282490d251e46e870557314d,other,0.018,1
polymarket_0x7dd35f97e68d9d14052ba21996404dee8de57192734e69df645b28767a201ba6,sports,0.5,1
polymarket_0xc66ade9ecbf509574f02bce11eb8d9f57b7c5cb766135e186e6a5542dedfdba5,sports,0.5,0
polymarket_0xd1d21910d06569cb4ebf02ff31da00cc9ead01a44372dbde910cda5da17ba68c,sports,0.07,0
polymarket_0xdae6b455a0fc616545c1f2b2577323f58810948d2b163df6aa649285d71e7cfb,sports,0.41,0
polymarket_0xead2ba9ca2381f7c4df0f732f258518d5f158c04dc0adeb1f92f5ec41f3adafe,other,0.0005,0
polymarket_0xcf6f80507bc5da3f7457e868913b8dd139447da6e1ccf38cbeab3e45c21fb4fa,sports,0.5,1
polymarket_0xfe457590ee4ea398110119d9542d37f7c10899316fac0ba5b562d3a362dcd93f,other,0.0805,0
polymarket_0x72c6c30238b8a5eeb07c4492567122f1b9f2c7b3ae7d3a4e09ce0b44c27dc52f,other,0.4,0
polymarket_0x2224a194640f8185da258ac660df1dc025482057a97caf504c537f08454deaec,other,0.465,1
polymarket_0xc4f170156d98da99fe844c1254c8b80ce3b65a0c998eb851adf36c54ab375fa5,other,0.9995,1
polymarket_0xb67123cffc836ca69c74d1743ecd14c5238a345501d04cba28e34794ebdd0d6d,sports,0.5,1
polymarket_0x8522dfdf247311941269938bb119229e23e05eb73b12319e80354a1de64674a8,other,0.135,0
polymarket_0x28015d6e918b0866cc501e281cada67b96455118dccf37f0c85cbcd22bd032f6,sports,0.505,1
polymarket_0x9bef6c9d0e26ec219f8fc8b792f975a659e926295a22a4d92cc43549ac72f9f0,sports,0.5,0
polymarket_0x47cc1847389ab0b8404524cb011a9301adb9a2d6fc02d5952bf791c9cf311744,sports,0.5,0
polymarket_0x8a765926e4484a1fb207aed4ea814c9d15d9f8e8c5dce4a4aa9de2f0ca1297ec,sports,0.79,1
polymarket_0x91ffe954866307ef05a3969aeb259cadbf73ce0c1f3f3cfcf20b310a4efa773e,sports,0.5,1
polymarket_0xbae7faf8443f687d871d6c9041d3852859bb658201dcc84e8495d1a38b0bebe4,other,0.185,0
polymarket_0xfbe5679958542741985ac0fb616e43e22df25162f1d72a75d13f2cbabfbd733d,other,0.0075,0
polymarket_0x0c0b7748ddca65a4d33a27b619d5d74e7c8da8e65abc465e1462ac17b9d1d2df,other,0.03,0
polymarket_0xa669c9a130fae2f43643b091dc9ff6fe5bc3f9bdf03c19cad76fa70a680bce2a,sports,0.5,1
polymarket_0x2772c40733727d9b5d575b5e47335feea46ceca3099f3734be84d2f53833de89,other,0.003,0
polymarket_0x6669e7cda4b55ac014d5a9b3415ef724a818b4bcd6b2863f949df356ade34c22,other,0.9305,0
polymarket_0x6258af9bdbee94ad55c72fb5daf931c8de7890b6405616e55b23f6eae56a70a6,sports,0.515,0
polymarket_0xd278ea27c70cef8249f39fc7de0d7493b2ae07af76445eac8880fa5be29fdb70,other,0.315,0
polymarket_0xd3a2cde44416b16221822b4ba015bbdfcb33025fa0f88447daaf6389c52cb094,other,0.0355,0
polymarket_0xffc6723c94c812b6ab6dd392d3806a53d22ce367ec449d6154b0e5af624aaf40,sports,0.51,1
polymarket_0x3da1c465831df40c1b3f237959f4717dc6a71ef102c98ea59a987ab270c3bd63,crypto,0.008,0
polymarket_0x6143fdf36e885b7a7123760038e7ad830fbd1e0bbdb151c8d19cd193c4a54c01,other,0.15,0
polymarket_0x02e20aee58fe0d20ebfeea4f5e34a02aa468891d8d32034dda659f495c6728b5,sports,0.455,0
polymarket_0xca787e0ed10a37ff734488b5e938077c74835a3e910bbf9f3136229ee71948bf,sports,0.5,0
polymarket_0x861be82256fe9c39d1713dadf3e2ac4e1ff05eb4ee663ef434694150a7341099,other,0.0035,0
polymarket_0xd7ec2eaf2d1fe568fd35ff29f33b9bdf96f3c4aa53db4bb34aa0c58d508c2092,other,0.585,0
polymarket_0x29fd772af6b75554e35522a552082fa022d065b797ae786b07c0fd4bcfd82fd9,sports,0.5,0
polymarket_0x1706a6ac88198730e70be0b1744b6418c4f7723afffc7d7413e0f273656e6c51,sports,0.5,0
polymarket_0x7efbf06c3e0782c92f40747567a2977d0ef1e797b7091ecf9dc07367771253e4,other,0.12,0
polymarket_0xa1f0c06aa01e60b9d23f074907b8ff366f3658b0e28a3f3761b611526add8452,other,0.034,0
polymarket_0xba5fb817c4b3473eff4b588dc36a834e54e110c44d25b6863af1579dfff575f3,other,0.0005,0
polymarket_0xcaa45def702778a64bf1dfb60b6c573fafb017184162c35b9f347b34a5a831f4,other,0.195,0
polymarket_0x0b13002faac8bb7f5e814234c7844d570cf82ef8f7b8cb30eb4a7b346c52cd08,other,0.9995,1
polymarket_0x5c9215513166093014d32433122bbb4c8c6d5e9e3c32d33e55b8a4b6c249d74c,other,0.0155,0
polymarket_0x69f5ca0e154f6440433050fb53fcd113d38c09c13236e97c30ef704a045c8884,sports,0.26,0
polymarket_0x6339a1028e2dff6d552e4c4be141adc22c5e2e87d13d25c25502a397f99ff763,sports,0.205,0
polymarket_0x9b76a85e9d161f6bc1d1cc8e2ab83c1c0643f8d24d544d65df3f771d51137dd4,other,0.5,1
polymarket_0x7a47f52f2d55e2719975acc6e3e80f571ffb16f0c4cb0676fbc241830f908c29,other,0.0005,0
polymarket_0x9c2381bc14549097df4fba29ea1ead9514c36db21a3d72cd0b6b1e3e2d5a9c4c,other,0.155,0
polymarket_0x01d94840e54809ee6253d1b661445c714dbac75e11f0cd508b055c5d48a44f68,other,0.0015,0
polymarket_0x34f6682aa2e9b0940d35fc373a666c57a7ecd4beadc53430271f2dc025d72c7b,sports,0.5,1
polymarket_0xa752e5b239bba0b79774ac2a5f77d08b5d2b50911990a5c71539e51229a48a74,other,0.9995,1
polymarket_0x5eb712298a5f9808ad04286cae74eece84f1fa9fd0a51970317eeb37b244b823,other,0.0175,0
polymarket_0x03f0dcbba050bccc5e82d622e20f6d0621231466ef6650186ccd36e880cd3931,other,0.0025,0
polymarket_0x6af30ea5d787997c95a9c4bacb44a8a573e003c4ccd54ffae38969371229a8e1,other,0.265,0
polymarket_0x9e12e47d9fd387013cb22da909b673f16510255d39d461ceedd26d2b850c15b7,other,0.0035,0
polymarket_0x0b856c6744f5b2eb5ce4373c3911e813943ef7df27b7349b5335d9a7b4aabf0a,sports,0.5,0
polymarket_0x9ea2654c21f67fd09171b66f2ce8667142c0adda7b42623d1b54b67d652f460c,other,0.49,0
polymarket_0x4dfade0c7c40b0df02ae4cb4e4192ae1bc40746ffc76c875d151e311a1939326,sports,0.5,0
polymarket_0xdec05a35352aed8970f09a76e9f32a71c5aa4b311b63330c849bb5c745e867f9,sports,0.525,1
polymarket_0xd11af3000ac76dbe8eeb5d0d53f5f1aa4bb8d47ee467ddc7d9fddfaf43e387d0,sports,0.135,0
polymarket_0x783af20b5c09c6045b434103939e7e883d9b2f559cf28bae52afd50b1325af67,sports,0.5,1
polymarket_0xcd6b6ecbe3105b32f8875abdeb686d81fd8df6868ef3c3d9a94e2ff3242bf64c,other,0.16,0
polymarket_0xb6fd27f5f8fb1a02f4ed1824ed9b0db2b5102d577a9ec4881de024b4c0ab1d71,other,0.655,1
polymarket_0x760d7e01944d0b9358f123662bd60dc34e5b644e2d8242379bcfa379a9adec03,sports,0.5,1
polymarket_0x7e15abb42f111f2d6d62be03ea4d6095a9735cc164c30c1a48e299e921c32eaa,other,0.052,0
polymarket_0xa0fb518ed885bfbc20fb50e4fb12626cc55698c233897757b7bdf2d784e24078,other,0.041,0
polymarket_0x1140020fe72001727a38245a836b6242177929c1d979685c9fce0a9bf3af0fc1,other,0.0045,0
polymarket_0xfe82aa3d91da32c7efd9d940103bf675260db1128e9e2de774184a11d3f6df1a,other,0.69,1
polymarket_0x8cd3af19aee7aaae6d2c5b659614f41bccd92241ebf697f067314b2a23e8a8b3,other,0.002,0
polymarket_0x6c11c0f81671a613cbf6e1467e7ea408b2f516bff37186c0c7375fe738915184,sports,0.115,0
polymarket_0x06427afcf13b37a02822915b36a5d601a7122faaf3dea30ee2ce4d5addb6f5af,sports,0.005,0
polymarket_0x178ff9c65afc1bbc0fc32e491798b04144e714596729b2774141d09af510b6be,sports,0.5,0
polymarket_0xe23556ae66d95540ff7e312cd5992ef27ed7a134f472e02d7d4053f976c75145,other,0.029,0
polymarket_0x99c7cba565fb445527a33c4e2c42bde8c7ec442461a68efbfd3f81f61c4a0e59,other,0.0175,0
polymarket_0x1bb35c8000b27b4d25a80b8a7de7e6c72c5b2e8a2fa49e6310ebf0b9ed879a8f,sports,0.505,1
polymarket_0x9b81d62f81190b3dde5dc0f54caa686a014be2b5dd977b1867caceb0886cf731,other,0.26,0
polymarket_0xcc00d2cfef042bea8eacd935c4e4799ca63d4173738846804f1fb97e8794fc03,other,0.37,1
polymarket_0xd5fbf3fda9aa722665aa31bd479e746a15fe28ed185e6ecf04def24918727b63,other,0.595,1
polymarket_0x14fb00cad1cf4b231813cc2b97e2497a7a1e4ed48157d4c317a7b95bc777d46b,sports,0.5,0
polymarket_0x889bac40f14dcdb14c8a9eebc7de952f2c290ed8aa32279177345ae20d8015ae,sports,0.5,0
polymarket_0x9fff6bc58a6c498d30f7c9a206ff73c9332eb9fb851deb2e9a6f71944ba75e67,sports,0.815,1
polymarket_0x8517b6cf8f567218adc0d311b0286e5265f5d00de2091b9dc6b33faf79766caa,sports,0.525,1
polymarket_0xde0c35c6f5ef57187778ea522fb18f657edaa96eeab95b9ea96a43fa0dc360ee,sports,0.505,1
polymarket_0x10a30513c316a8841140fef6d96604f3876201dba7b6f26429d87d7c9004d9c3,sports,0.745,1
polymarket_0x34b0536dcb057c506f71974160805b86e2a5bd332a83defd6c4db7b0d1448641,sports,0.44,0
polymarket_0x82dad6ca2c42e1219529dac4a936b4b9b419e6ed1ed718b4ffb21cc8c582efa2,sports,0.315,1
polymarket_0xbbb9eeae16451825a6ac6f5ba57b968546e8494ba6b9d6044d2d5b8e8b1d8b4d,sports,0.5,0
polymarket_0xe4ef6372951010fb66044f59b0d62efa38ddc68c9de7a5533648e299c1ffcfb7,other,0.155,1
polymarket_0x94c09056fadcfd8eec045a41c61d564bad3a6553944a8d6d8aaee3726885a925,other,0.0005,0
polymarket_0x32ac568796a91f9439f8161605c81f3377ba0c648d3b91b9077e65c432d12cbb,other,0.0055,0
polymarket_0x6793300fddbb89c73cb40da39d11e8c0401a382fc0489a263d671b73338146d9,other,0.004,0
polymarket_0x5cec2123503b4100ced7f5c120a5f30166d56eb211f558017a90640e21832985,other,0.39,0
polymarket_0x1db2cf88f9418d887f05f5d4b723f160070012ee2e8d9a5b56f135ff6db1ff09,other,0.07,0
polymarket_0x700febb2215d4d9d5b60e872e66d9b97fd05d0ad5b62d4f0ef172d26a086e510,sports,0.0045,0
polymarket_0x3b50032646e20987a7fd310cfc82095aef7b50b9a7165d31cfbfc61217e0e670,other,0.805,1
polymarket_0xf93164bbc543c7e63b0db85cb195671223bec4db0f9a28924d2f34226674795d,sports,0.585,1
polymarket_0x825b3126a1e2ac4bee3873af81a54ae6625d80dc830422df338ec651e6777672,other,0.49,0
polymarket_0xff5f1f872f1b2f9ddaff49fd5fd4b7b273ad1d0cc29604842e0712feb537a98c,sports,0.5,1
polymarket_0xacff2f7229dc49013bd29191fd9bea2c8960263d3ff96a7fdee809837a6fcac4,sports,0.501,0
polymarket_0xeaaff18ea11338f81d1472ab3a3c8b14050c96d228db3d92b1af67df1da2d937,other,0.043,0
polymarket_0x2a372d0440bb3805146a3fc67c0be518c0c4ac0cf0158d7f5ff6d88b79ec8fd1,sports,0.5,0
polymarket_0xbe195c653cf586c22b39ca0840452599d851ed3542524d833a620cf1eb31f8d6,other,0.0245,0
polymarket_0xde138d58de20e73b2a0d91f7a0bc39aa2f7a449772e2dfd9db2031f9f917886a,other,0.725,1
polymarket_0x193cf0f85dc9d5cf1141f446f4e86fc1a7154f29303aed59980e974c50019994,sports,0.495,0
polymarket_0xb409cc4007f412e1bf012dfcefee11faeaa1454b0f412f5f4eb08289caf6f83b,other,0.002,0
polymarket_0xf94e86c3c37d1e3a6b4dba892dbf8cb70d64c86dd4c0993f1780778a677da2d4,sports,0.53,1
polymarket_0x78253df320997df70e2b13b5dbabdd01690dc8443cb4c4e54874ea00f6eb7576,sports,0.37,0
polymarket_0x55d7e2f3c8c5dc8735bded19a0ff00f7664048124a28bf158d54c4b3e0f535ad,sports,0.185,1
polymarket_0x5f95abb08f0d21b643885b64b68a14cfdb2948ea4d822b76b5031960a244aaaa,other,0.66,0
polymarket_0xcf6eec7db9ac38d097e98eae4f06f11b3334e6a6394beae0c5032f6b691f0703,sports,0.24,0
polymarket_0x13a1432bfadbd291220a489f439fbde7c9081bfa6e6151c336e79d2cbfc9a828,other,0.0025,0
polymarket_0x7b79751da7edd6a199d60d707f873573de54f43bd19d394cd7e9212f7f2b50ff,other,0.615,0
polymarket_0x6f673bd479cb6c1a334bcc2eb95888df337d10623b826ddeed6224a1b4d29567,sports,0.5,0
polymarket_0x69cc878c0b268caa8693d0ed454e5dfe5494bf913e735f737efafb94ec1f5875,other,0.007,0
polymarket_0x3fccef8a2800d03c59e2ef175632f757efc31795fb61dfbaf8368b810f89cf7d,other,0.315,0
polymarket_0x9fb4372631b796d6a4ed163dfb61ea36d1de81afb1276e2ff2c3bef3d42b978b,sports,0.5,0
polymarket_0xd7724e5fc0323f754bb6e5ff5877011086b88ec1519c225ca17b719c555e9271,sports,0.5,1
polymarket_0xdeb36b80d09d490378f62e3601d6f148f1d7c0637a60a86746946c5a8f106456,other,0.345,1
polymarket_0xe91b10ba43be9455bf89706be5a7401fb36a858b2f327a159749f79717661857,other,0.86,1
polymarket_0x9ce62fcbf78710e9ec3f450c8b8a0efcda5747c00f60537bdfe5eb2d3950ac36,sports,0.0005,0
polymarket_0x71f0bb2ef6de253916838628222881de2b4884eb8d09d94207b704038d371963,sports,0.19,0
polymarket_0x9a72428553dcacf5bdfc1d790140c6995bb022d28b8cc32df92bfbbdb2163734,other,0.035,0
polymarket_0x5c41f5eb4c832ef8478eeeabd002ca8eb08c69c8290b8024ecb04a04b6ff016e,crypto,0.0265,0
polymarket_0xc9ea8049de0879061b3605fb1785f0d9bddf11d9846322693b9e619e4f969efb,sports,0.5,0
polymarket_0xc11d87ba5f577a15bb843afd9b98744a9803de1505a286d918ec050153e448d2,sports,0.5,0
polymarket_0xc68dfdea4517f6f7f211de73b6b9ca6593d518e371ef1b142da775c762c2a14f,other,0.0005,0
polymarket_0xe51245d2716359eda92c7138fbe92d6085e9bfae79260190772bdc09da4aefcf,other,0.205,1
polymarket_0x381e611e08e47c28d3febfdcfa3e86ffd542768964d6341ea52c6b19008165d5,other,0.305,1
polymarket_0x4bffdcf8ee79c5f89ec6677241a61ce76eb26c8d1b3f20053009e79a86b443be,sports,0.155,0
polymarket_0x7196db3e6b34d46c47781f76cf20cc3da6f7e562f654103ea25bb7f89fc49c60,other,0.74,1
polymarket_0x79df5681cae206a95fd5bc54916ae3c2db1ec72809a832666bf3df72a50673ed,sports,0.0005,0
polymarket_0xb2e735a5127d2e95f7f851690277c335ad9532ce6b24c496773e6e34bc36b716,other,0.75,1
polymarket_0x4f4165b1295cc60eb23a9698a4ef82bf2bf4d2dd8f2771c62b5bcced974f427c,sports,0.43,0
polymarket_0xa36eaa733e8e04a0ae342694f78842ea68c663acd058401c2c62504bebecc7dd,sports,0.24,1
polymarket_0xcbd101709c86d0793fc68724be67e78445f6ab29f8bc44dd3617fb082e5f539f,other,0.0205,0
polymarket_0x4eae9ea132fd38be2898224ab1ab8326c68cb740b33bb728da510f3b84dd929d,sports,0.875,1
polymarket_0x067336776e2c546156593b45438e018bc2e0daeb30fe82703956132e8b5438c0,other,0.155,0
polymarket_0x0c5df93dea52d33ad6b21cc10b680676566d857f08fe60687cd4fe62770240d7,sports,0.5,0
polymarket_0xe0065c875ae67b28e263c85a9fc1d28571c738c881de68dd319c90080d334d91,other,0.003,0
polymarket_0xbeac1587c945656e3498bc0f5a0dfc89e81eb4c24be65c9ab6bd30644ddab950,other,0.375,0
polymarket_0x3f60c55459c7d367b5fc16a2f3bc9505ebf4751199ea3fb40e6a3bc25376aee8,sports,0.5,0
polymarket_0xfc43f5dc1f81e09b65b44654eff509f4b8960f14b0024358f5a2773374a1b990,sports,0.28,1
polymarket_0xea973f2509864d250e76d9419b668ccccaaa224c12158596afe225726013bd1d,other,0.13,0
polymarket_0xb37283fcc57aa043e6442014278774696cd042586083662daffef5aa29ea28eb,sports,0.635,1
polymarket_0x327837a8d403b58c92a64d8f780e67d8eb771ba6e9ccf1f6277c60a1dcde76cf,other,0.0415,0
polymarket_0xcc19206c5a28f49332312f03c6a0fbf63f595d8069dcf637d3c47d78f097027a,sports,0.5,0
polymarket_0xde70e94fcdae5958dd18b490cf9751a919f122db434973de55d07c9313491946,sports,0.205,1
polymarket_0x62cf8328227a8dee324adbce105f4a4a53682bb9257152ca8fbd4f1ce25cdc23,other,0.2,0
polymarket_0x1e3f4fb0dddcc09d134929e1cefd409a2551a45c278bb0840f21149425881eb6,other,0.019,0
polymarket_0x43236153aab4c7557be1da1b1c8d604cb84bf0648a4eeaeb2fb52c59577a776d,sports,0.845,1
polymarket_0xb37491cfc1ba7d70aff933c671cd103bc96041fdbfaa30b6591a97aebcd3873c,other,0.9995,1
polymarket_0x33a036669ecb583406e9726178fd5709babea68654608fa7c4ec24f99c43db34,sports,0.5,1
polymarket_0x4453ceb3a8e19b9b3bcdc77f13efe072e986738ea61854dfc94d17a9dedda0ec,other,0.0005,0
polymarket_0xe73850c4090e2a8112ba126931d573b673bffa43aa565126032b6862013fde06,sports,0.5005,1
polymarket_0xb6f39840102107490b6bc102083473600431df12376e21aa22a4724e15a3997b,other,0.068,0
polymarket_0xe44248c0dcc8c3d253e693a0874ba04b7322062a4c2601699b11ad94cd793555,sports,0.5,1
polymarket_0x5aaf2fd3dbdb3bd110bb30156a5f53a0ad930c57083fecf84ea44ae95d09de3e,other,0.004,0
polymarket_0x84be5518b2984622edd2f6ddb4ef1adbae60a8fae7ce7434729ebafd6073e228,other,0.28,1
polymarket_0x9d06e6eb82874316318a79df39c5b37d1d3d388e753f2ec7d503be260a5757d9,other,0.845,1
polymarket_0x96293701a2c7da609de6885a28c523b0c361d22b4050b317b998f528fca43412,other,0.0005,0
polymarket_0x6034117cd5d1f451a96f9af354d5565880d020c22e64142bb6b4d10008faf644,sports,0.605,1
polymarket_0x23d6b931323fb9f1db3e8cacfd204d75fe1ffbe34accc56215a7fcf018dc97ca,sports,0.075,0
polymarket_0x0ca44dc13aded232991282fa315f0c82c57ecf9b3a2df5b71ad92239c5c6e266,other,0.0005,0
polymarket_0x8e77b19e570f281ec574836b2aa9ecbeec0fed7bd818a90696cb039c1b3d5b38,sports,0.5,0
polymarket_0xf3df095cabb2677f740dae94de12599cd247be77b7f12634b9f4a711b68da4ff,sports,0.77,1
polymarket_0x82e5eabbaa121b325ac2181f6d8dc5b1c9fb8b19422d81e8ddc74ae85b2ca1ef,sports,0.26,0
polymarket_0x64779cd271586f2af08ba0335b43a599f4d4eb2cdb66aff4d0dd5b61a2211ea2,sports,0.5,0
polymarket_0xc8807325442949e1bfe2cebc0d61833ee11c67440c100690d61f820a1300380e,other,0.0415,0
polymarket_0x89af7c478d3ada60ace87b41956f03a216df84f000522dc273c4e1bb6f89a920,other,0.03,0
polymarket_0x61c1a152c64ee82e775c346193b72d81cfa3ed92aa81a90cd5d2186af85bee9a,other,0.245,1
polymarket_0xdec476babc4fdd3969b7403d1593d20ef548a3673632ac872cacde9fad427cb5,other,0.0035,0
polymarket_0x6ec3aa055020fb06dcaf2c60625a890f1df00db97b0ff562cf44334f4a152351,other,0.013,0
polymarket_0x845bdba9e3fdbee9e3ad4b7f891886c1bb4d0651e0261466d38093fd7844a6f0,sports,0.115,0
polymarket_0x1620688fff73289c7a6b9cb58352a594ac35bb75b487d3fdad424ec6764141d0,crypto,0.055,0
polymarket_0xb7791e4b40849a25a11d832096b27178bd09ca8c89f2e4800dd73a8b49758059,sports,0.5,1
polymarket_0x66378bf543476e19e3d18c22092ff558aeff904b4e3a2c2a50ea7281b3132cfc,other,0.06,0
polymarket_0xdb0a4851f4e62cab528709cc2ecaf78a338d8e96b6b50eb0ce2a863fc94befbc,other,0.305,0
polymarket_0x09f38dc8096dbcaf1613491187a6ab7f20b8ae172ae18047f48a26ee59e196c0,sports,0.5,1
polymarket_0xce2e08a90ddb8c5193ad9bbc3548862c377e9eb4174331d32f64912ed482e707,sports,0.765,1
polymarket_0x621319f1f6f3a006726661c2e097c6e17530c35399569895de59d871027eaba5,other,0.0915,0
polymarket_0xc2a4fdc291d724fa8a8e83a8252472cd1971396922340687ef5e93a32ec6ebe7,sports,0.5,0
polymarket_0x64e876177fefaebfb949d4447c1bd9fdd39d9a000cfd965f0d5ee3bc77be7a17,other,0.9995,1
polymarket_0xe4302e3e3c5ece0a227b5e9330fe34429a4b51e073b6faed7bdc63ede3e8440b,sports,0.505,0
polymarket_0xd1d7265458ce9c07808d9cb6ffa1278df3c24738baf5a27c67f95edd914d32b1,other,0.0005,0
polymarket_0x1a44173aa869d60e270c696eaffab370a0aaa13bafcdeba5c752530694c687be,other,0.675,1
polymarket_0xae60ce9dc80247a49b4511c68f91f08906af6337aaf8aab7c5bde4e93dc69942,other,0.38,0
polymarket_0x95723c075f2eb889742ca6b5f527e025b1c67cd16937b58bd074bb39d31bb57c,sports,0.14,0
polymarket_0x9e8caaaec966a6fc94ec8f85b67f505daa22ea5125c3e6de508038fc2b876d55,sports,0.5,1
polymarket_0x83e1e698d2b61425f3a2d876870072b2cf3576053ae799fe4aea68280dcb0066,other,0.945,1
polymarket_0x31aa884804fb15142a7193d73127ee1a2ea4734fb88d14bed73333594ca8d09d,other,0.435,1
polymarket_0xa923b3be1f016e68ac557202dc40653937a1afeb94b98f5b382f1c1efcdf73f4,other,0.465,0
polymarket_0x901b56a1523d84580c57a6d712a15cbb9f96c5abc4f601c67692d8b2b0669640,other,0.021,0
polymarket_0x2658273d8ef9f45468bf1b549b217a72ca9dbe7a4f7b4909621f3036dc2fb381,sports,0.31,1
polymarket_0x399cd123b942dad64938baada5e677bc50e1417a21a651d6e5d797394dbfa520,politics,0.255,1
polymarket_0x58ffac43d70b158d8bd28380545627a5363239bbcc0e0824b926fce74e806edd,other,0.0005,0
polymarket_0x458349d91cedffa0a37a6b10ef0c216eb3ce900ce2ca2c83bd999e46d9365ca9,sports,0.5,0
polymarket_0x8193382976c57a9878e84c4ba863d5cd199f93f023ba6fe20e2a3029e10cc32f,sports,0.5,1
polymarket_0xb484265f8551cea9ea7f229868e74975ed1d7b4461930869b0f23916257b4e8f,other,0.002,0
polymarket_0x3b483602f2bc47cd66bf69cb7b9eec5508a3462dca7238af178f8cf9c1e1c147,other,0.31,1
polymarket_0x66ae38ef2715beb261d1c6401cd8abe481482689d6c48f493d7bb53a003c6e9d,sports,0.5,0
polymarket_0x11ad8cd85946644398f6778cf66c59ee6d6400baf4181d3ce8c2145d2ce4af97,crypto,0.61,0
polymarket_0xd82eea1603163a913d1f7f5f1faeb1eff7ee81350fab3d4321b9b160c1430fdb,sports,0.0005,0
polymarket_0xd6bf855800b8153c4abb0ae585760fd7838ba7b9df87778ea249e19f3c636c4e,sports,0.525,1
polymarket_0xfc883936efbcbcae81784a527651a8028a86b207eeb5fb41d9e0eb7e2bf33062,other,0.0025,0
polymarket_0x5e28a160a33fbac660c4e66ce22735b78b0d81840c0645d7d7276aba35762416,other,0.77,1
polymarket_0xdd9bbf9662dd284b1e2c2bd98bd75845f7e7aa0b1885ce9fb76a1a4aa6b94dab,other,0.285,0
polymarket_0x464ee3b9f18088deaf9959511bd722a61c0d18a926c4c02a6527e86e0c2e1451,other,0.0105,0
polymarket_0x6a5e0380d2c34a90a67947e4a69988155425ef587a2cae422c2074acbf19a94b,sports,0.365,0
polymarket_0x1e1ce07156eef1e5cecf2bd2887be019d38049e1be4c323ac9f8a8e4e148f1b4,other,0.022,0
polymarket_0x60632b29d98b6c899c62404962576d0ae84bd81d1270e03705164987bf3776e2,other,0.0275,0
polymarket_0x614739dfed326451fa55bedabc97c1942e7cd420264cdc1c8faec82765706f7e,sports,0.0005,0
polymarket_0xaa7a42b6d71e8bd7fec17efadc76afa298ec4ccd8fecc538d63274d84d483c7f,other,0.47,0
polymarket_0x0e47952b00385da3553383b94e934d50db29fe785d354418e387dff7a1ce3fdf,other,0.0145,0
polymarket_0x5bcaed0933f8b1ff19516138d9a47b866055d0baa200f27443582eef807a80da,sports,0.5,0
polymarket_0x1fe1a4880a4a2d3685992f633fdef4855825102b4e73d1910c1a62d8a18ef401,other,0.23,0
polymarket_0x0ca4851ca07be11c315f84b57836c38a52b8d89f017370af1951e3a1655f6758,sports,0.535,1
polymarket_0xbce06d7d85ac999bbed0a72ea3739c0720968bc8446eba6d16f2dbf8e4c8fca2,other,0.1,0
polymarket_0x4c4ef98ae7eb13203f51ad53e485b592f2e2e0b0323d348cc00f1f946f632289,crypto,0.07,0
polymarket_0xcf8fa8f25b6bd660ccbb85e2aeec86fdfb5fc63bc3f3941ea1941d81e136d75e,other,0.0005,0
polymarket_0x5c82c70a813f359b3f3ab15b1e3f43cfa611a619d543a139019e2357f0f254ba,other,0.0045,0
polymarket_0xc3307e2506d2759fbbcc6ca70969cbf613159ffbbdc166bd1fca36122d13cc9e,other,0.995,1
polymarket_0x8e42a5febb949c3d0dc664c44addd6dba4ace40f7d54697f475c698e303d06d8,sports,0.355,1
polymarket_0xfa62e3a3543faf002df566314ae5219d9b85cc51e068fe997bf5fe210cd32671,other,0.545,0
polymarket_0x9f72e905cc91d6a11a7f565f3fee4df9bc246912560ebee165a0a6e883b2842d,sports,0.5,1
polymarket_0x24fe0901307f2bef35a04d0de750a8323389a02953aac742f4c510d11c2b1240,sports,0.3,0
polymarket_0x8a766050c59560f6b1bac1d0ac0b51ceabdb7668de77541a0019ee8bb625c3ad,other,0.625,0
polymarket_0xe484a7010837a45d8a9ebc2b7f42b3971f6e93ab184009d5aed9148a8ffd4c81,other,0.005,0
polymarket_0xb7c779fd79f6fa7f973dccf83a315ae98dbeb056444fb605239299f8d1620e29,other,0.14,0
polymarket_0xaf3f3e59d7ed05e31d40d45a09e09df36be39f97b8243b39f589cfa2ebc83b31,other,0.305,0
polymarket_0xd99666ad56bb99294d3a2cdd78756815292e210aa79cbfe06cda178bf159bf4f,sports,0.845,1
polymarket_0xa47ff6451e56f3f16492a54884184b0f9c4785af65e8b62879a5cee1620213ca,other,0.004,0
polymarket_0xe62d99f931e14f745fd85aabd98150a27fc80c5479a07796ea9a0db7091f72a2,other,0.325,1
polymarket_0xa2f4f36e716cb25ef003a0ade4353fa109c0b9375943a54ca6d651beec22db9b,other,0.0005,0
polymarket_0x3897f2ae059cce2487d6f80b01906e9e29c7f291f2d5556914257c5fb60830d1,sports,0.105,0
polymarket_0x5b6e1a00df9f9d2bccc8fe7245878b45868fa63c47e8d18fb0c71a67abe1f19c,crypto,0.0045,0
polymarket_0x5658d6719e4ad3c5b1a004b582ef680d93b50e73e070b3c13d53e3cd52a68213,other,0.5,1
polymarket_0x52385b2bf6f6a58c6a1b49bce63ab61654e1f455347b2190f4924528b14fcc7d,sports,0.685,0
polymarket_0x8bcf42277fbfd055427e00a3bd83ee0def0cc0a7663deb71700f96c9dfe2f398,other,0.016,0
polymarket_0xb76def61991165d3979430fce9e0598eea761120bf77943055a3bdf666a18a35,crypto,0.24,0
polymarket_0xcb174c5695836d1be0d782dd5e5246e499c4be0bc55ab6076c4eb93a0034301e,sports,0.5,0
polymarket_0x5b58a7d4133859576e34fa7aa15225d5abdcd4646b7d3ddc86d013b639d41f86,other,0.0005,0
polymarket_0x65947e6a29a24ae21d4d9579a0a8c1a76698ebbfaeb9b207ee270e289efcbc5c,sports,0.05,0
polymarket_0xd0490095836c4b52be74c89dad3fc4ab95d09d0e366040fb706815e863e1afa2,sports,0.5,0
polymarket_0x857f6929e75d0d6c1563d129db16daabc559e2f0f91abdbf86e7da9a299c5ba1,other,0.32,0
polymarket_0xf2cf018ed551d33e00fa3514bc338efb444699a21e17b000e54289aafcd8b26e,sports,0.885,1
polymarket_0xf6238bbd5ab8851c22fe4ac6631b364fe1a9649d73b189c1059882401e693722,other,0.9955,1
polymarket_0x7a59e26d2f1b69527708ff9e46096b2135089356f3d26e82894bfee0869c0397,other,0.0035,0
polymarket_0x8f903d73834033ca8a3f0eaee946cc8f7685d35a7fb607535b483a44c5a3b848,sports,0.5,0
polymarket_0x01450d5f158d9387a5ce30666e1d667a92b5ee6da9e63a889d54e537bc6bab0b,other,0.67,0
polymarket_0x2c698d9a2e6a5611a41a850e7bd2aa4d52e83f7f4893dbcb77ff01701f7d2f62,other,0.33,1
polymarket_0x9bc05bd5a79524889ace45940c0312c09dcd43ad7b60569b16af5dc224818f68,other,0.19,0
polymarket_0x29483270f83df4b0f12247e926fbb3b275c514f46e579c2cc3786a6071929884,other,0.115,1
polymarket_0x050797c278ea0195ab368d882b252d5a53271d957893ed55879c2054adcfbb24,other,0.51,0
polymarket_0x78cb5368605e4034713e810e3cbfcf133c5d6ab902a0925084240464d73a955f,sports,0.0045,0
polymarket_0xbbd1cebf16606be8e041ce454e123ce319950b28db91a399e686b513c4c6441d,sports,0.5,1
polymarket_0x013e66cada5872465343a3d86ae77de318b574ecc27c8bcdcb1675a3661e1b2b,other,0.125,0
polymarket_0x2174df7bf9e5a49db6106a97c99b9d391b0d250f97aaf5f143d377ac492e9be1,sports,0.0005,0
polymarket_0xc0b1ee0d6a963438d657de5441cd19d4c4e57bd3ce385938604fbd4ea1a05fed,other,0.185,1
polymarket_0xa72912cb03035cef04f50c30cba415455cb449ba198b9fdb07f5776557189024,sports,0.435,1
polymarket_0xfb7ea04d81dded00aa274e106ac827b148ee1512db304ed34d63abf48cb78ed5,sports,0.4995,0
polymarket_0x3a8243c9d461535b81101d1d401827d003a644d0cb14a4ced713a5107f806c50,other,0.0005,0
polymarket_0x0fbbe050e49543673b15a39e0f578a68854f736ec6c7e28eee2c9f513a0fdc2b,sports,0.265,0
polymarket_0x3a1e0bad436abf7274ac256733b539975546e11d0121f2d84922a586d6e691cb,other,0.0355,0
polymarket_0x409268fbb119d1d9afbfd8df44dac909c7decdc038ddd96d0275e09f599f105b,sports,0.5,1
polymarket_0x923ee33535571178c9af823dbc919addb0a82f01f28aed58231a29862b9e63ff,other,0.9985,1
polymarket_0x7a0dc430e2d410a117792fca7f63a241eba17e3f69078337422549676ab468b3,sports,0.255,0
polymarket_0xd64ccc4c2d88e2bbce8d1c8042bfbbad4407552b5acf72d9cadc38ca014553d0,other,0.0195,0
polymarket_0x833e942aa9adcaca8794e55cb16f0e487155eefed24ddea618a1bd8ef6a1d002,other,0.5,0
polymarket_0xe72dd5d7738f23bfa7717f83975df540ff313665bac3e81a0b7f06e74bd44bb0,sports,0.9955,1
polymarket_0xec35f386339ec1a4f341d23362b2dceef10c2e9fab988f84a0d79d464cb85c0d,sports,0.5,0
polymarket_0x3ffbe525251ac888a854af69cbe683a5da6da0661dbb118ff9c527e0f61b511c,other,0.0245,0
polymarket_0x48fd1bd42529457a7e10ee9b3e6197721f09403161759cac35345ef2795ec6ce,other,0.0605,0
polymarket_0x3b86907bfd9bb024a6746c9bb0350ba4f059d119acb6ec53dc6396e2e16faaa9,sports,0.5,1
polymarket_0x35e937a4e49ce5ab4773fee1be84d583bff4b1fb168d1022cf30eadc4a1298c8,other,0.0145,0
polymarket_0xf7817fe043256573640a3576abab7e45a38663abf7fb28e7519a58675d79f2a5,other,0.0005,0
polymarket_0x1e68b67d0d54dea03abebfa82136dbf27651aa93624caa23f59d0031fc735190,sports,0.475,0
polymarket_0x1678c81a4d5ca2b6f9434266eeb2892a626e908d726d41177bae927deae945ee,other,0.525,0
polymarket_0x241d94bedf9ab97f7b5bbfa5c28546827ec0a7508247e1c4e586e6bd2fd07302,sports,0.255,1
polymarket_0x3a1f80c293e71fdd2e947fa5f46e3089bd32dbe570064065f4d17954f146ab32,other,0.005,0
polymarket_0xd0f9ef21765a39de0035b34439baabe1164c731d427e3a899814c02d1991009b,other,0.125,0
polymarket_0xf3c1698cf5f0481cad00ce38e582937d8c67e4a861b72bf7da09e554cd605ed1,sports,0.5,0
polymarket_0x000e14d57f237efca90247b1e2e18193113827764a0d85d7364245d8c31f3979,other,0.205,0
polymarket_0xaff4600fa11d96b7a7ca99acb14af9234652b2a35e4dd2bbdee10363645884ed,sports,0.445,1
polymarket_0xc0ee8bc21204de948619fd9be408c41c2675ae83f659f356fc906730a2e88b49,sports,0.4995,0
polymarket_0x48c69b3d82e37d4169c8bbfe574558391bed9e52e612374608863faf28c41130,other,0.645,0
polymarket_0x4955218f78d89d0a240ed3fd19ec8320ca9e43c33f657edcfb58f869f983ccc3,other,0.9995,1
polymarket_0x7f21a03e800ed0a28f8ff739f564bc6e7b14dc462c7d60c410b2fcd8f564ca79,other,0.49,0
polymarket_0xfb45874ab41a8ce2e5c037d9d3b3fadb02ef02901005a89cf7ece769ee341f9a,sports,0.5,0
polymarket_0x362efbe8ba58098fb2227a7b615c06d080643f0d2dddf5469f19f32e416993da,other,0.0285,0
polymarket_0x485418c2eef41eb3078624c431ebaf44ad4323fb460ae8cc52e3669f6780db62,other,0.007,0
polymarket_0x9f259c9733ce2dff1005cf945d0f8a6b12c64dcef7dce75f4f7a2d80dcb3434c,crypto,0.0105,0
polymarket_0xd9eb76b615176f187bae93e053c73c05a0193f6f70ceee44b9479909370ff89a,other,0.0035,0
polymarket_0xc290ac1b8799eda4f16251ac6fcff5ea9c161533ea72758298c451890bbbc0e7,other,0.155,1
polymarket_0xc8796ec5f1c9e81d567882c5a5bda95d89653c38d6495ec865374d0a297da3f5,sports,0.5,0
polymarket_0x17883de059871fe57cf994d3568d73fa103c99dbdd40a1427a3c3ff549c881b7,other,0.345,1
polymarket_0x2d9fb24c8b7b96f28e025c7c65f9df43a1a6c876bcf91fa2646f72d5795aceb4,sports,0.43,0
polymarket_0x94c8411e32d3e62ea3094a6b7df7ff84bca85d27a9b50a0ddc52f8bac04b342c,other,0.66,1
polymarket_0xc3844477f202d046361a27630f12072dd28c024de89505db0fd31342f9192818,other,0.245,0
polymarket_0xe12ab6c66755a97fc22d53c591010c48b226d2dafcc809c43e8eda9a7cfd0fcf,other,0.65,1
polymarket_0xa2680df606b7a140cf493ef78530861a69706758466a1174341897a72ecade18,sports,0.53,1
polymarket_0x8a569fc1e90b05c9235dc5065c6fd6c9b0506f3f2f126e03984e6453dba94a24,sports,0.365,0
polymarket_0xfb3814469992274e5fb77838c4b43fce497c53436bd160b3ef4ffce168b3271e,sports,0.5,0
polymarket_0xb462b246b7f2fec69edc95749de0f4693afbbc78490d042b14150f4c7989dafd,sports,0.49,1
polymarket_0x743a7044ad2898f6a5111615d43cdd5e52106705e8caaa29f43bc46cedce874e,other,0.195,0
polymarket_0x055877e8a4e59912664f054eb4a3759967c2f852c158e1d8d92d85933412700a,other,0.41,1
polymarket_0x7d635748eb65e58f0db277b3d8c0e4cf23bd642672234ddb69f1ec7d7570143d,sports,0.065,0
polymarket_0xc9ca7fb1ba97679e967528cd98854367c6dc13fee09e637d1351c8f0a4130b2e,sports,0.365,0
polymarket_0xe438d523fe39fb4bbb934dca179ef640994f83d3cd3969eb5d23b427ee6b0792,other,0.24,0
polymarket_0xdd1def0a2da210ddc6700e5affcbc50503402cd630dd8ed6efa2d720cbca60f9,other,0.38,0
polymarket_0xb761dcb3b2cae7ad48c5ae87d28a63e67ed3fcc68b1ecd18b662da9e37f22ed5,sports,0.6155,0
polymarket_0xd3e12dbf0c3afa96c7760a4e4f0369eb08661332bc14078f13f6b11c252e1e52,sports,0.5,0
polymarket_0x1e21946002f0dfcc739456a41349e365324f149f878131d3eed7ad9cff6c71a0,sports,0.25,1
polymarket_0x182ede6eaabb3153743c9bfc6563086bf731ba8c66946dbcfca442f8f45ebb9b,sports,0.55,0
polymarket_0x781f23a91c9e830ea67f01f94310f4c694f92e7c3ab927101a296bbd116fb413,other,0.775,1
polymarket_0xe807086f85d8eb4a9252643874dff34eff2ccc946a4d313cbad951ab37fe993a,other,0.005,0
polymarket_0x989dea59f6404d98bcc4f53ebcca5e8c61a3d874230c2cb773d2f38deaed37e0,other,0.17,0
polymarket_0x16fd6f3cdfb5551e8797bbe65fc84178bb483f35aa44415d9a75c6ef0abf2722,other,0.0005,0
polymarket_0xf71ef694bdf6b7ab61b25d142862462d56802037c4ae70ecf99b1308ade04bb7,other,0.029,0
polymarket_0x10068884d8d2bfc9901d82b4c776117ce507ed47bc0ef45156ebf47615771f44,other,0.012,0
polymarket_0x0f52729f143fd66e3127b9e7e4ed82455cd86f0e52f57abe82ab6aef352475b9,other,0.015,0
polymarket_0x72f1cc235a57d9cce046b60113c7d0844a407f68af58303c6ea6b01bfc627789,sports,0.255,0
polymarket_0xebdd10d928e938fd1f5eb8e84557d7e9df56079b8b38b4635ba6d66c676e6050,sports,0.105,0
polymarket_0x63a3d9881dadf6980b0f8c5526e6caafa64c00bdfcab87980a7de17cc900d993,crypto,0.195,0
polymarket_0x054a8045313e37576795b70a8715977e9d25047d35d7b3794c4c584401c876c9,sports,0.5,1
polymarket_0xe780934293c33d383d9f137e28aef362e5f458df6eec4501f64f0cadde5d74ce,sports,0.5,0
polymarket_0xec8d1a8b91c85b9bfe9ea5219b0c89e087df26d9d358bedfdd237f741f9ddb8a,sports,0.775,0
polymarket_0x307ff843328d0522b1ebc50352d3df98a6ab6d825b048b29af4673086b943646,other,0.595,1
polymarket_0xa48fca1b968cdb24985f56bdee431f2f4bf69847b412cef09d3286fa099afa99,other,0.0105,0
polymarket_0xa657e046f6daf9b38fd87e9a411a5d1da978c4fbd2062ab6965d0d8ccb3fdeee,sports,0.695,1
polymarket_0x6f72f4edb802826a254a4aba23453f14c01faeb802518b244c771a0746326384,sports,0.735,1
polymarket_0xee947b6aecafe869b56c033688a71dd9ee980302ea2ad66347888df063943ec2,sports,0.095,1
polymarket_0xdf2ca262277fd66f36e112948086f870e07d57f0408dd1fca151376fdc6f87aa,other,0.013,0
polymarket_0x87bc857864f8c6fc59f103762d767e0d3b4a0a515b489aa15dab9346dc306932,other,0.52,0
polymarket_0x54ee0ddd24936a5acd78b55219d781df6d4f84f37241da172a7f8bc40222bb7c,sports,0.0005,0
polymarket_0x8c0e812f150123fa98e00e59e1c35803350f2e80e01d0f35a5505ba4b7b53038,sports,0.185,0
polymarket_0x471e557ba4a90dd532ef278886f7aa03254fef0910f032770ab9db78f404ae09,sports,0.5,0
polymarket_0x57fd45be810f9b87577e38877aede143d97790cd652e0658a75872b2909b5c82,sports,0.485,0
polymarket_0x07c8dc41b6a764a5478b87820f3d54a8bb6f05e54455a377caad987afff83f44,other,0.39,0
polymarket_0xce1b2f7b50b86a9f4f544431cba837e7732020ddaa4bde76ff018c4006b35a2e,other,0.021,0
polymarket_0xe61887255ff91d6568bfa175b63ead8abbe1efacb6c35cc97928677e30d0584a,other,0.0005,0
polymarket_0x3963cc66a22b59e7a38fed7ec36300a6bc242a3fe4b3f774e124e271a60a5613,sports,0.5,1
polymarket_0x36ef82626ac4a24aff9f06418db319812e46e6edb54e03b3261fda4f7621789d,other,0.006,0
polymarket_0xbb9aa67f425e44496dbeeee814e6fb0edcfa299ff0f5e455ed2be3a08d610447,sports,0.42,0
polymarket_0x2ea37d98ea9e7fed4fc371a2d3d7f8827c9b4a4ad6193db442dad4268503f31b,other,0.0025,0
polymarket_0xbefc403677b8eff375d1eb72a5f08e5fedd0a50363211c9e09ed14e98e80b2da,other,0.05,0
polymarket_0x13a949a41a4b97560c0780dfa82601ffd8da9225589821c3c9c625e23c8ac0fa,other,0.475,0
polymarket_0xde9b0e642a072554cf9bb0f04dd53dd2ab19f48c492833a0a41e1bb7765a038b,sports,0.325,0
polymarket_0x1a2a0c1b414354e6bf3d86facc71e91b62109a3aa4abf8c72e3a25b045acaed8,other,0.425,0
polymarket_0x3d11dd97cf6c1fec610d9605ce25e8b1bae91f7a8b41b2878ce36142830a46fb,other,0.012,0
polymarket_0x61ba1e61eae113f94fb5dac93ec543cbaede12da37bd7249fff7d204c37c08da,other,0.105,0
polymarket_0x1c6e569ea4dcebeddfc45348f477fcf5dec4e5adc04c32014ff390fb0b001be8,sports,0.285,1
polymarket_0xc4b6787e945621773a1e499a4fc1e452fe93de9f79b0180cbf8068f074d4a0a5,other,0.022,0
polymarket_0x92ff090abc4e2be32ec805ac415676ed2ffe1a648dbe1170f638145301bac1d6,other,0.9995,1
polymarket_0x972ed3f4b906d434d06eea1457725c3a673dbb93da0529134ddb695682a927b0,other,0.545,1
polymarket_0x0f89858170d26517d822799844a7430f052d3313d9109078b5ce7bb30f06f766,sports,0.175,0
polymarket_0xf05cf5797daad6b0972e750fea19b02a7cb867c8b8efd30ef28e520ac2e977fa,crypto,0.23,0
polymarket_0x8ca506d34602da63fde191b5735dc321fa68089b1172be9df6ae1c0150f5192e,sports,0.32,1
polymarket_0x902a13bcbd2b1ac08f076eb8b6c1c855b905163c2856c63048d0f9daec0a27a0,sports,0.5,0
polymarket_0xdd9b2da8ad27ffa0b0e60609ce943389eee1d5bed34ec1010bc5930cbcfc5870,sports,0.245,0
polymarket_0xb29630be52b1988a658b547a67a05235b0f068e77e41575c065fd35db5083823,sports,0.5,0
polymarket_0x33b6bb0c5b3a48b698fd0e57d76051a415065446ce6684ee4cdb85174513c8d9,sports,0.655,1
polymarket_0xbdaaaa3a2d508f7a53756c37a9d73b25469e67f4671d5b2b9a152cbcb4c1e2d7,other,0.055,1
polymarket_0x4b75232af18e89cf2a2216498b4768ece26b52e1fe88e8a9cdce211d75316b99,other,0.495,1
polymarket_0xca0721759eb4d0000804dae9eada462b3f7aa7a9ea95578ce322d7769300a1fc,other,0.0175,0
polymarket_0x59d1e8a30c05f8f93f28c5cd0f933f65f24dcc0ff86b3c81275c828def752ab7,other,0.0505,0
polymarket_0x28231a16b9c775599a22b84cce6b4e753f42cb106c09c2143e9ace2813194015,other,0.165,0
polymarket_0xce62cf83bd1246c24b03878c4081b038abfacb29353d6c270fd3530525f33f4d,sports,0.9955,1
polymarket_0xf6658af5837b6c4be9a5b0afd94db7a8013dbf0e433dc276f942570e02ede9c6,sports,0.155,0
polymarket_0xb6b53259c2b13e4935b19253d79ce554b1c77ae919465a8d9af1d223c02a9148,other,0.235,0
polymarket_0x3d478f2fd126bbd90ddd50c0d7ab4e2609c3494b898e9353c6e5bcecbe9bc07d,other,0.0255,0
polymarket_0xb01c8daba54cdf1e590da5a83f7df77766e60482937687dff1b1364b8235ce87,sports,0.5,0
polymarket_0x5578c4127c29da96451472d10248de53e69e866600f2fb4c3cbf717948174ba2,sports,0.7,1
polymarket_0x22809cddf647d5fb42baf0a40ea254cae68a2a07f5c8cdf6629b8c7639d02d18,other,0.9995,1
polymarket_0x1169203559c27fcf866517a36ee0afb13ceda948a62aaee4908e55c7598ac5a0,sports,0.495,1
polymarket_0xd4f53429752ef16f792a6756e7b2ffbb9565ad337e03ccfe3b0c788919c2a64f,other,0.03,0
polymarket_0x97a14499cc8b4d7540676eaa0ac6c14b1d362a8d56f07dcfd3b9d1d741ac790c,other,0.0605,0
polymarket_0x5a57a94e4ce86f839f5f817c9720b5cb59eb84bb94aa5bc234e96ca298a9eb7e,sports,0.5,0
polymarket_0xca030583f79b32b183f636763a3ea300228eab5e56319af27938fc54ae832bd7,other,0.9995,1
polymarket_0x0b10ef50d68456f163610cea57d5bd236dfaad6917a9d2bd7a54e79ed1be682f,other,0.004,0
polymarket_0xb3df87b0f3208d58d9eb6ef674bc7c129edcf91c5c99c6873223c600e05769a6,sports,0.5,1
polymarket_0xe46d52eb4069597845ca7a0d4153269f76de50e750041ace077e3ee42964a065,other,0.0135,0
polymarket_0x80aad2c172ff64d3e910405c1b72eaa076df7548a9cd6f2beca8f805d566964a,sports,0.36,0
polymarket_0x1582c8b3970ff43baeba2fd7aff45821ea69484ab518dab6df9f83cd16d1dbd3,other,0.31,0
polymarket_0x9b0f7eb1d7054de158c91b7501a5b3625b56df283a98b6be2a57a1f6c6425452,other,0.06,0
polymarket_0xc4aaf4be503f138260a5160a28cab604114a05111910a04ff66f52f64c4df4a4,sports,0.475,1
polymarket_0x2370f396e8afd63d9a99130c4d9509ec096a724a3106d825ae546d304d637238,other,0.175,0
polymarket_0x65b85aa36eaf1d7a3a206fc32e5fba477d2cc2e888ee9703644a5c6ca5c457e7,other,0.41,0
polymarket_0x1b530b65d2df17cf27bf263199fc4e17b32a0274a84e126850fef0e8fd341e86,other,0.0005,0
polymarket_0xae887a7bf967c542478c1854d12f89807912f783e5f6bf587bc6ffd448a8967f,other,0.7,1
polymarket_0x6356f0a247e4446b2e4ebdc41b201052d937f399fe35a6046af5584e2e4beed2,politics,0.0015,0
polymarket_0x88ee3cf93ea79654a7687b31dd86e858226923771059b3df6c9c2ed2d9703779,other,0.006,0
polymarket_0x519c5b1c70793249af25406e0773fea8a8601bc33d23604222fad2ee34aa7960,other,0.029,0
polymarket_0x61a0fb0325139f92ab9c9442f3f23f782930623a0658e9f2b31001b8525ca76a,sports,0.0115,0
polymarket_0x7243f61c5dce0d64aa6443514fec678d060fa1b28fe3e1a8cb310ae415588c1f,other,0.22,1
polymarket_0x1a3174bce4b504061aaf6f5b8f1264c0d08935e551de65513a85e231c832a6ed,sports,0.5,0
polymarket_0x33fed2963271adade87329e3fff2d6bf4c3a018175c6d839dd938b6b02e00d89,other,0.51,0
polymarket_0x9addfb10c56d9f222a819e9e3fb24faf7bd92d78dfec1ec54ea6c2a5681e7a3c,other,0.9995,1
polymarket_0xf7e1434c8e7c8bedd67fdabfef6dae50a72045473d6fe489b257d4806ee0b168,other,0.0025,0
polymarket_0x43bf3c2d019e5ee18d2177147ea5b4aaed07e7d8d5bfa59d2e9732ee80aa0712,sports,0.0005,0
polymarket_0x1c03a6feefdeb6fdbc2a1cd33c9a89fd6918b8ecc51122a89d211a75dd02f01e,other,0.26,0
polymarket_0xa241491b0949ddf0008586484c1d6417028b3fd823d8fa30bdb7309b82ea38e2,other,0.0085,0
polymarket_0x9140e69ebfadd4c7e74af7466858dff782eab35abb511c05095d4f02ec507c22,sports,0.5,0
polymarket_0x2fbbeae1322b75b739c84a5cb35aa9b7642a87a8aaaa850c2d863d8a46d589b4,sports,0.9955,1
polymarket_0x1c4b70bdfc589af7c4084b1d0517bfdfd8921c9fd624c0e80a49ecf630194429,other,0.276,1
polymarket_0x244c91260b27c109d2f905fb37847d22ed7fab8f7f9e29120fe010d71a2bc53c,other,0.295,0
polymarket_0x986004e356712252d29528d9c9a506961d916f85ca7256c609cac227433ed212,other,0.0045,0
polymarket_0x98d9ab6673b2e5d1e9f37b6b1ea00d5e03c4255dac4b7d50915e66b526bf834c,other,0.004,0
polymarket_0x20a59e7c724fe4fd79b0797d17b03175ffcf79866c1e712e50a920fa90cdda76,politics,0.009,0
polymarket_0xabe01ccb40eca2b2969f545226940b65507a2c01fd8f481630b957ac697abb7e,sports,0.28,0
polymarket_0x50faced81f67d58d140c0723bc1f9bc689edf4796ad9e35738b28d6215492924,sports,0.5,0
polymarket_0x660de2764f90f2b52df71a65334895371c34782e189ad877653db3123f27cd2a,other,0.55,0
polymarket_0x0e025a3b09096ab63af96130596f48294c0b14968813df4483af368ba3f898e3,sports,0.475,1
polymarket_0xf1af0aa504c0e371ecdcb0d28df8ed3dd40b24e0e0e3bae8371b9e4635950ab9,sports,0.5,1
polymarket_0xbd1748f941f0909ad43cb6fe0c134b0905ceef8a5cd1285c192dd793c04d5bab,sports,0.5,0
polymarket_0xd4f096b09437d7d2c9d913cc4ae4a032ff4d21b9e574881aa498b92cb7442c5a,other,0.17,0
polymarket_0x827fef0e221276150d690b4b3b415a37467df6f07686fabdc33bd0c17af51a8e,sports,0.45,1
polymarket_0xd4f7d44233d17c9fc428da7e5818808e3ef03c57dc98404224eba3b0c4a0de7b,sports,0.5,0
polymarket_0xe17ba94a08eea15ab8318372de64054d0395f6b78428210fbe1d512a28c3264e,other,0.07,0
polymarket_0x88c20da7cd1fc74b240af7d7b7ff9eaa2bfa1216c32293128f7ed21d17832c42,other,0.0375,0
polymarket_0xa4aca2b99d4802b0cc26041eaeaf700fee52f7adacf185b243b690b5da8bc9d3,other,0.275,0
polymarket_0x8cb32c38ecc45b54180c03bd84832b358941d87d58fbd8bbcab27bff45e75001,other,0.0005,0
polymarket_0x8d9a9633e52aaa2aeaa0f54ecb21ec0f4cc8d8349c0c15b789f6d416d5047cd4,other,0.031,0
polymarket_0xcc25e1ff4ae8bffa2151f8d2791891e366531d44b3bfb8497b4b5550290e7afc,other,0.155,0
polymarket_0x6dce7f95651f74a363fc6b873001502a9baed91b75e359c08f3a82ca733b1fdb,other,0.79,1
polymarket_0x779cc170ee6093a6e82c6b67afda1dfebc25a7a54c2850d51acdb8f6a8e2dcc8,sports,0.5,0
polymarket_0x2c313753243049a92dbbeed49afe6db1ce196ce07d48ae8d2035d462afd68518,other,0.065,0
polymarket_0x3799824ba5aa48a3ef02ab32283f71d94844dc1dcb805c820a51791da5a21abd,other,0.25,1
polymarket_0xc5cbb9338edc77e6c019b86baaeab8e882816f80826f9d05b244017da0ad057d,sports,0.57,0
polymarket_0xa76043301c91a2a15fd2fd8d39ef2c7ec35c6c37a0f9482d5e92ff6546ea8974,sports,0.5,0
polymarket_0x4998d41f50c446d9d1fe5b7981fe6d180ab76664faf4d496d7a9b4545fbeb952,other,0.005,0
polymarket_0x2b855b175fd5e37776c5127dba8dbd209cf3fd5cb18d3f6e768dec36657bab00,sports,0.555,0
polymarket_0x0cad7134d8074357c2ead449306e46e4fd7b3c6e5dfdaa7a4d15424a4272c395,other,0.57,1
polymarket_0x25fd2b4c18b23bbe307b71ed6692b9a6230277cb8f081f223f725c4826b96d44,sports,0.5,0
polymarket_0xa255d1f288224c1eefa5bbb75f7cee16462029e6eb2312083e9afc0f90097b9c,other,0.2,0
polymarket_0xe1e6af3e87030a61ad75c78506d0668f650bf4c63b8e43220c070093641b9b2f,sports,0.5,1
polymarket_0x014ddc91d6fd24c1dc14957ba71807c3d441d7b9157c397e9dd6a36a3616bc35,sports,0.5,1
polymarket_0x9178e32f00f26fa36d7a71174ffd228117ff1870074f437e4c41181135cbc8c7,sports,0.74,0
polymarket_0x7c9350a4e19a8883f05c419c08f0f54a1144f0028b2b07c214c78e4eadb261ce,sports,0.66,0
polymarket_0xf478c60dc797ebd33695e9341bfe6953436461028652f69a9a47a773c25bde76,sports,0.24,0
polymarket_0x161f9087a926d4bfe7ca399fabdae481d7a817e82af470f5ad633922435e811e,sports,0.5,0
polymarket_0x82fbd7116cb8e8a013c4fff765ae25176d3088005f4ea7387664d4fa7288bd44,other,0.29,0
polymarket_0x7cb0cdc024b4448238aa6db222ccfa0e8e0979d1e3437f1b8790a85cf95edd1f,other,0.315,1
polymarket_0x13187190d2abcb6490110cefdfbfebc44a5459609e7cb7b859bca10236938ce7,sports,0.405,1
polymarket_0x566cb40fd76e323f825166fb22a9059de4421b61643155249c125e00bcd495db,sports,0.21,0
polymarket_0xa007f65a46bdee5058c2915fe3e83012096f1244e24b846152c59098bda58106,sports,0.0005,0
polymarket_0x96f689cfe9226991ce6181a6ebfe1c0d9e6c21f01bbc25586bce50b5a200b0d8,sports,0.635,1
polymarket_0xd44693da480fc6e613f152da332dedca79748a1402c7f92674c1ef65fa593233,other,0.0025,0
polymarket_0x08600c7f41b4e94736425839b5bc3fb56f8e323f076648bfb31cdafa00bb0eb4,other,0.0095,0
polymarket_0x783282aefbff18d9f7f6dffd8433c62a1384c0dd3e4ce024f3ec1c6ca9d77ef3,sports,0.485,0
polymarket_0x675d42bb88bc9378bf7e67a2ab6c9567ad6ea77f489b0bac9f65fd18162d6b6c,sports,0.475,1
polymarket_0x6540fd1a54a61f0b8780465b38f52873543338bda422d692a668f9f53ba6ee53,sports,0.5,1
polymarket_0xc1cbb1942c76a51a3ff1df3e010332284e36576de8f2f1bc0c52762708e4cd58,sports,0.5,1
polymarket_0x9c816a242fc67f16ec982318c7996ad12ed3413909a1f0a815df8279536557c4,sports,0.5,0
polymarket_0x702bc99de06a971cdf4e1091c5543eb49babe59be9d8a3d32de36f613bc5ca04,other,0.004,0
polymarket_0x111c5cb8a65cd2d024823f5816caae6ab155de23281075b7e645419002c4e77a,other,0.095,0
polymarket_0x4e6ea158e4217af939e3c06acb21f79e6c7df9e8ccc8ce0209d6f0e6a1caf121,other,0.011,0
polymarket_0xefb2d4991584268543072eec55c8b8526a0beb1db08f12e17baea84c165a3981,other,0.55,1
polymarket_0x5025bebf99e52a3fe6a27493c2dbcb508969a105b323ca131c74310efd57a026,other,0.375,0
polymarket_0x42ab8126199ce7c4a5addc82afdd2881e031ad3b70180c2cc8976d185632830b,other,0.016,0
polymarket_0x6335f154b1097a28e451ea76e5c2c2831b955aaa7b0270f1f1a2a513adca991c,sports,0.66,0
polymarket_0xd6d7dfb382860c3fcc12c79858d7c6121494514afa7385757e02fa14dcea07fe,other,0.01,0
polymarket_0x85c3f316932cf7b77e48da2f2d2564e5045628e44f0fce068072d40a2edef92d,other,0.0145,0
polymarket_0x3c27546a3eadb69662f2580964da82bc4930b48e6ef78c17f2e121cfdfac2fa0,other,0.01,0
polymarket_0x41a94576e25e221f82b84189d2ba0bdb1507987f89b077ed5f231b2a5671d983,other,0.014,0
polymarket_0x888989d41fbcc5462831b5e9599025c926902604913eff48558eb1f96334bc62,other,0.0005,0
polymarket_0x0627c2b543de2327a8b3bb629458184dc4f77cc5554fe5dc733f922979f2f999,sports,0.335,0
polymarket_0x1f972ae4e07a74adf17e3adaefa00dc596da9d3612df84d7ab8abb18466bd2e3,other,0.9995,1
polymarket_0xa2c01a646ccf7c3896db226a5904626a00900203d233dd385a8af430a462c454,other,0.019,0
polymarket_0x9e1bf8ecb217b19d8a585798a9184ede7f45be1f40ac7b53953decab1f44a45f,sports,0.56,0
polymarket_0x4ef5475bae603c3550e49001ff1964f3cc45f6e5e04504c17050d493bdce1d6e,sports,0.8,1
polymarket_0x62785bec82bb94c8a73bd482dd66a1184a4ded9f9633a451db439a134a2de0d8,sports,0.915,1
polymarket_0x64741b01931243f8a2ed9561d0ea07edf29188c309bb3125ecb2d9e57a997e5d,sports,0.5,0
polymarket_0x2603fbe8c54dd4743571210cf413367c5d986327bab557d3feb481fa44479737,other,0.075,0
polymarket_0xcb05925281d23f6505970cc235091306764f28b33b2c977b06a4d183b8ceba3e,other,0.105,0
polymarket_0x2938aa4e950ebff4fd6d988987e1a5b2cff95d0d036bc73e7e7b5f5cfcae72b1,other,0.0165,0
polymarket_0x0b534f61fa7ec97bb79b20a34373202945bbdcaf13ed2a3c4162dab6a4072a11,sports,0.535,0
polymarket_0x7704c3e81a3076bb54776de601c53420e8cfbfdb7ace6a1e184626cf9e9ac957,sports,0.495,0
polymarket_0x6f6b2b6d73259fc04bb4939644040ccefd8954e8fb87d6080c17b7bce3ed3008,other,0.165,0
polymarket_0xcb00fe9e661aff4f27de293e68ec10715e234692ad56d52d9071bf34f4ed4fe6,sports,0.5,0
polymarket_0xabed6391f6878d0c1fc50326290fa83fa359b87913af278589c4b0975b2edd9a,other,0.003,1
polymarket_0x6f44678c7cdd64ba45ae6559216294696e67e5f7f0326990e5647b104a5f6f4e,other,0.025,0
polymarket_0x267b3d329431019b6f8b0b02a6554ce7e061651afebd6e5241e0effd0d59b2d2,other,0.016,0
polymarket_0x07615145ef989afed773784bdfb4f52cf67413dc6f2a569ef9c674a53672afab,other,0.0035,0
polymarket_0x4f4d84d3576afc747c0e55dc07f36c37baf4d948ea2e65a3f94b3e950cbb2acc,sports,0.5,1
polymarket_0x203cd3f52d5be4e5023ead6c2521b7995642844900dbcfac55df0373902b22a6,other,0.0105,0
polymarket_0xc763ae78144a467631a848b7db20ad4a738443ea2c67250d4569fd947691220e,other,0.61,1
polymarket_0x7943bff9aef644a4b1a86816fff6bc0964f500179ad01e855fd258f41f1f1d78,other,0.0105,0
polymarket_0x3ffadecd8b6bcad552ec50ccf2154aa44a505cad5d56ff340642ffdcb40acf2d,other,0.23,1
polymarket_0x9ce867c7d6814fbdec3ab736cd61e30b7d9bf45974db6f2d0128a70c31f022c9,other,0.9995,1
polymarket_0x6b925dd3dfb57560ff2a4fa1f9eacdd98aea3d97e3281516717d8a32b3d2879f,sports,0.215,0
polymarket_0x14838bc0ac9f891f638263dad46c9c3b8b4eaa7b08713394740534bb0513549e,sports,0.995,1
polymarket_0x243c20c799523e52d8fc5a1160522d045d0689528404979192eb627b0774b276,other,0.002,0
polymarket_0xf008f69969ca9b3af0391e50aad3825d30c8cf155104df4b4dad30411e689900,sports,0.5,0
polymarket_0x18f14cc1ec53413624199403822ce97270e069b355e1f614029c99cc461bb055,sports,0.66,1
polymarket_0xd0009520c0341163e2c410fb9d08380485fdb137b4101031a18ed2e8b2755f33,other,0.051,0
polymarket_0x7f328f18c44f3dc244a79ff7eb03258703aaaaa24ed08daa3361f55751014b29,other,0.0015,0
polymarket_0xf59546c4036c5bd3a6cccae9e3c76926749102202496a54917689ac017993420,other,0.0265,0
polymarket_0x63c31a0382cc725f2e5993ef9999c35ed9fa1e3db02e98182cbb38e7b30bc636,sports,0.87,1
polymarket_0x846011839a422f2cbd9c4ae3910cf1b3574a5c74592312b5cd80f42e599db163,other,0.011,0
polymarket_0xcc49b05743b5a40104ffdb12e181db8a0a7d76713b6c5425d223c4196d31a961,sports,0.5,0
polymarket_0xfdca258a08620616a1241e921e8dd841317f08e148676f86a2a74bb3b2c2d05f,other,0.33,0
polymarket_0xed4d3bf364d05a3f0dcb6c73b8af7641f798a22068b43ffd13cb09883f0e9db4,crypto,0.0045,0
polymarket_0xd934a7f63f0038b3e3fc89374abfc88969903465f4de496b00bc4226094e044a,crypto,0.065,0
polymarket_0xd7fa81e32f860e7553e8ea203a4801378ecd022316e03eeb70bb5c7ef17515f5,other,0.078,0
polymarket_0x17f1ba4982f11e383a1a319c0066ba33adcbd738ed76231fda4dc0dc79a36d8f,other,0.014,0
polymarket_0xbb7a2aa5dd8c1c0ea19f9acb0c221945a8c21a5118bbb2aaae2d4b58d57db0bb,crypto,0.18,0
polymarket_0xb7f07637b7b391bf0d3a23d34b22e03620de10ebad7e9135b895e45271f58787,other,0.045,0
polymarket_0x3ea3885f4ed7c17732db41ce4d8c8357a59bf7c1bce13cc267af3f1ad2714938,other,0.004,0
polymarket_0xd6bf4deb895afd243e5901ae1ec2f06664f64dce3e4871182205a4b27c7dd0c7,other,0.005,0
polymarket_0x2a69c9777eaece35cfd18ea00c78468eba1d1dec463f1ad9093f3489ac845078,other,0.25,0
polymarket_0x36db14d907266d1eb32aedc6683584cba65d3c41fa374bcbe9cd7aa38595f7b4,other,0.0295,0
polymarket_0x514e0384d0117f4d9a457f3efff4c586030801b18bd8ba1868b6ca1904cafefc,sports,0.135,1
polymarket_0x9f3c938e8888a02472e279a42845049078c0d3b797ff33e2e2d09b5e3a001fb2,sports,0.5,1
polymarket_0xe5e2ec0242174508b6cd6df1e61b7068e225127e034226ae8b905a66afd7697a,other,0.57,0
polymarket_0x753c7a101826c29edfda2ab57a5c12606003aff24cf0c915b7a6613d1a97f0fc,other,0.645,1
polymarket_0x23e0e1d2b4da335b3c2ac321caad15a7235a22215d4abec063c61af1a1e620f5,sports,0.375,0
polymarket_0x620621d7f7b62056b6f3ba00a936024af6f033958cebc05da787d72b5b9f764a,sports,0.5005,1
polymarket_0xb604ed7ef53cae0a5997c523ba84a652a213c00a984af1771b1f70a80f17a66a,other,0.006,0
polymarket_0x1e5c7db55f37bb7972901043733427f73b5692b556694fc3ad7c675da651b6a9,sports,0.49,0
polymarket_0xe6f56a44849c8532a90c0d5d15b8f7db840d97f9bdd696781519de8e06f16798,other,0.0765,0
polymarket_0xfed7de4800809d5a397e913d7f356ee7b24057b9dbbb580b82bd7eb9971daf0c,sports,0.5,1
polymarket_0xe98b1a760a423b40a108260aae039cd85af7f63b02d4f084bc613c573b993c7f,other,0.0005,0
polymarket_0xb9a053131071e36a156d2d4e7127264f4572d6f84601f4cfc9c77e13d415bd00,other,0.5,0
polymarket_0x4e674697fdfc3daedc528cef02f830286290bbd36cafa900ca9d303bccfbdb2e,other,0.0035,0
polymarket_0x1c4704f3be263bb289d2c873081e0c2b89dce247bfc24ad6f7e8ed254fb407e5,other,0.0555,0
polymarket_0xb353e53c59c8e9ae6ca5070b090f402614156fbb295af89459b88fe9feb0a28a,sports,0.5,0
polymarket_0xdfcaabf9486e94b2df99d8c556d3632e70c5d531bdd7214feefb0f5204c1b4c2,other,0.0005,0
polymarket_0x7748519b10562824364bab448433f37867646feff5c763dc49d63112584663cf,other,0.225,0
polymarket_0x829145967f90fbf0f701097326a97e9f059455b964e1f14dd2a8b3a6b3325450,other,0.385,0
polymarket_0x3b3300336201c85885f9f3859af490093b65b94ec960f74811b672682996be3c,other,0.0115,0
polymarket_0x7104d31d6e67b423428d51a7c5733302d5b9866eaba7eb370d5d8ef986104306,other,0.004,0
polymarket_0x15e6ef1f49fefe1e65f2082349e906b3832063cda510ce77ab2d69eb28ca3d6f,other,0.49,0
polymarket_0x485e8c270a045877c7a5a51072cb4f3526fb19c29fb91fc6fc11131a3311bab3,sports,0.115,0
polymarket_0xcb01f673b9a285d9742ea4e1253b192870c695e36fea8d77f0080c82f5f398e3,other,0.765,1
polymarket_0x5c1b08c06e20acd09b70afe69552123f25a322208e7fedce64f24767cd54e611,other,0.1255,0
polymarket_0xe88bc379b874cb6918de9bf8795a904513c24648d1ea05a5e9aa5dbd6750258a,sports,0.28,0
polymarket_0xc18af0305ba1e05683aff47c5a5804766052420c8607ded3075065222558182e,sports,0.0005,0
polymarket_0x67cebed27717a73e94c77dee4bbc7290e553a72c704a29b5e62c31d90ca88d01,sports,0.13,0
polymarket_0x886de239ad3de522dc0534163374c657513551ed50b4042e137ce67bf13b1401,sports,0.505,1
polymarket_0xc7de48360566d05af00d9732e0a2e1f0768daffa19de5a1b61edba3a08a464a8,other,0.55,0
polymarket_0x68b5a94ecbac3b34a65b58dc3961865271b97c0f0727c826440a93ed5ff1e07d,sports,0.365,1
polymarket_0x676e1dd231d46c10f242f666858301baf1d0c57c2202e9721fe34ebffce6bd73,other,0.0185,0
polymarket_0x17d0596f7e68e4f628f5c7210eef4864296094a13bd0300a14b88a40565c6b17,sports,0.125,0
polymarket_0x2ce21ae21dbab0cd76fce35db68b62593e0af3ed7cb0ca3e0c4d380cfe01baf2,other,0.009,0
polymarket_0x5d896ecf7965bea634471a7556ac6cdd5ef9b848b89d9f5bdc2b65ba1e5db504,sports,0.495,0
polymarket_0xf5191922b7181b71054ab0b925c60123f8f76b8841ccd366e79180445a1cb904,sports,0.5,0
polymarket_0x03e8a4590d3d4f2f2fe462e8f932ac01882567966a2a452edb76f666148397e7,sports,0.235,0
polymarket_0xd809047dfee4314ab16d95cb3d4bd2f986dd70a1067f57dcaaf77e86610eed52,other,0.0035,0
polymarket_0x3cad8b617bd8ff431d3796079dfa46aa829359c03b34dd571d1e073bad1bd9ac,other,0.0465,0
polymarket_0x95c7054a80fb39ac375370d8d98f1bc12368d190d10953060dffd0137cd73d5f,sports,0.5,1
polymarket_0xaf915cb4215c47d7660c6ac3c2c19a587bcabd31c2fd0853c59b151cd5e62f91,other,0.006,0
polymarket_0x9410e38ac5bc732d5c6a4a5aa0fc3a88b6f9afdc77b5bc6915ed817bce25224d,other,0.18,0
polymarket_0x860aa25f93ae601a716a787ceec3a9b729ebea1cf57fa7ee68b3daedd64bc5bb,sports,0.5,1
polymarket_0x76a290c1ec44e9086afdfd5982a9dde6709d05b518efab11f888516a4082cc39,sports,0.5,0
polymarket_0x6ff2ffc1b42def0c7d083fb5f498a1c4e8e299eb8ee7e481fcc8894a2f686a64,sports,0.5,1
polymarket_0x7dbf01cb8b07b842105a6c47b0a39500fe5957db6c13d24ba583033a41254dcf,sports,0.22,1
polymarket_0xfc1b3a124ade6ffad74e40aec6b0b9020b1744855ba3c35576177c97d160aef3,sports,0.135,0
polymarket_0x9703400e3c61074cfef7fa3a5003c9e086c500ccde48a2a0032b647675f3318f,sports,0.51,1
polymarket_0xe9ead8890fdd64677df4c9d9529f96b4ad7b9dc16187e7989d1978508c2feed3,sports,0.5,0
polymarket_0x9f5e1691ab0a943c315f7cc974bb085c978ff594ee9fa0306f76402c7f1009d0,sports,0.3,0
polymarket_0x1d65566980adbeef71ec5d5feee23a0fd5f809ffb25320abaf36090ba03df025,sports,0.42,1
polymarket_0x57e00c5d0af38f5c89799bbfb71ee6d0969223cdaa56c240edd8ec88a7b5f9ff,other,0.9995,1
polymarket_0xe5246b3d70a477480c257b57fb0bf750a687dad2e75657f54c312595ea76f493,sports,0.635,1
polymarket_0xaed98bc0d2bca99ac04fdd606775da3ae4db6a52fae01bab81880f200de0c52f,sports,0.675,1
polymarket_0x30c9597903db9703f7297b0cf9f98cd5e23bd7fad285ac7f591cce7589a14d7b,sports,0.44,0
polymarket_0x10a18e91d5ae84c6cfcfdf3fe6a0e3e3496cd0d813072650d80f899b86665208,other,0.825,1
polymarket_0xd9df51362035fca0abe835f69db1665627258dfa552337bb7d0ce44593d23580,sports,0.085,0
polymarket_0xf6e90da63863460a78be392294cc9463221a3405937f9a7acc1c16fb199e021e,sports,0.23,0
polymarket_0x5bb9d91e0f6b520d7580cad3428bb7d8a1405f255cf51fef9584214735dce855,sports,0.5,0
polymarket_0x83d425263a3c0cf452545f9fae679d569d8c4753d63592d39da3e05c223ed989,other,0.085,1
polymarket_0x1147099f359c39e6b7232ed5389da96637d6fc2aa2b9bf6c1c3c9840149721ba,other,0.145,0
polymarket_0x4048bd806c121bc87a132113070cafee251cc1ef91c251d9a9aa2ffb1e478778,sports,0.745,1
polymarket_0x64a124b0cbd10c22d03ac782e82fa21d76a4406372320ffe53ae4dfaa9c29f04,other,0.06,0
polymarket_0xd60d41ea7fd69cdb05089d419c99170443247210f087048da1fdd11fc0c02804,other,0.22,1
polymarket_0x19678cf14fd058d29025b2d48e9d4f3979b030a473e9240b8bd6d2966a274c1f,other,0.024,0
polymarket_0x3ec4f8a453b7fcda50ed87ad78a6a22cac0d123762e087a89d4348f7b3e5ec5d,other,0.045,0
polymarket_0xb70d983c66b17cd22b733c8c72b24ba6e623ead992db1d88fa2cae0058822128,other,0.0285,1
polymarket_0x2eb101521d4c37667666a3a007c6d89acda6c7f54a444d14c61b6e74f1553253,sports,0.15,1
polymarket_0x69013d41521a6f12e06a012c4b04e8fcca6b99565f67dbbbdf9f39f3cadcaed3,other,0.002,0
polymarket_0xc1b6cc5e0c64f0e476b2580fbe3efc3fac5c445951fe3f164e48f20d50916311,other,0.0775,0
polymarket_0x00c62f131b50a9e6cef6b6e2d22855c663326b7a8486f58748b97eb79f5f793e,sports,0.49,0
polymarket_0x087a547d9202ba7928b6f5d6c2d3aac06182e236370ee812dbde768de326b8cd,sports,0.0005,0
polymarket_0x03afd7da6ffd520c7d0249bff059de9bf4f5f3ae993b1c9a26d636004389f46a,sports,0.49,0
polymarket_0x3574967ea6e6090f8243298577178b391caf443d045bbfde9a2f3f3702b70a96,sports,0.88,1
polymarket_0xdc94cd7ba364829f78c56484761e22eccb57d982dbef5b9de852666187a80aa3,other,0.11,0
polymarket_0x301b154251f874fe66587efb5131bde608022e3816decc893051f6986da34f4f,other,0.115,0
polymarket_0x9fe130cd2ece4d03fb10d6ab55ea9ede569e1dfe1ffe62b4972affa2b2b51341,other,0.24,1
polymarket_0xed6f70e397d48b2e20d515bf3567ccc3e8941ef59178f1e2e15eb790b1b50beb,crypto,0.21,0
polymarket_0x21a2fbd8f3acf80b96b52d3f5dfb1f1df5d5da0824586cf70625669522b27242,other,0.999,1
polymarket_0x830043076cec6078696cafe754886afc231ad9874a20ac6dd4bfc4247ecbd71d,other,0.016,0
polymarket_0x4fdd1e79952b45c548781eff1eee2d56a38ece0147ec19fc3cd9915483f468ca,other,0.235,0
polymarket_0x12992d76920358550d8c9f2c4f1dc63bb8c2ba0be8d48b51b8b8cc459bd7efe1,other,0.815,1
polymarket_0x6022b3c1108e05b60d9b3e7f83a1151282e8ed1bddc4fc3662cfe7fbd3710468,other,0.0255,0
polymarket_0x506a139bd81c9bf530dc6cb5ce9f95e09866eec0a45d32f530f63d0c6cef0ad5,other,0.505,0
polymarket_0x4e29bfe6571b98ee592f14f34e02c52f7483f706adf5706bfdf9bc28b580b499,other,0.415,1
polymarket_0x82ddf484e7ddad6038dfd61a6fc3af8a9990baea6619a6abb3ca059c3fa36163,other,0.0085,0
polymarket_0x22254515565372beaaf600e1e7cc052e9e29972cefd6bf7030bddf280dee5ddf,sports,0.205,0
polymarket_0xed33d018b8bf0cb34ada6ce45df74c528314b2ecc2575c2251336e679375434b,other,0.33,1
polymarket_0xce39bb1419855a3ebc0226300f24a5f3ce48cad2d6454021118d42d0dd0c7ecd,other,0.5,0
polymarket_0x4342164ce145b8dccd09172438d9a0ea7f5f68122d0710e65323f7e6863ddbd8,sports,0.5,0
polymarket_0x7834aa68c7f720384460c9c48db0c8a1769a02303a0de1aeab578387d468a4a4,other,0.585,0
polymarket_0x348dfdb14af73f98540623e37abda3d869d5ca81bf4384b4dbf9e6feb9f7d9da,sports,0.755,1
polymarket_0x09d0ed29575b6f4cfa15fea9c1e8977809f77009a12f6f5342676b09e820837a,other,0.075,0
polymarket_0xda75a218894646bee82471e47ac75a9297a3f9441f57abbc885f0e88040d6c08,other,0.9955,1
polymarket_0xd4c317d421f557f9a20830701fb8d8953ad934a8bba7622848583ea71b3564c0,other,0.255,0
polymarket_0x9045a79c5a4a8c55a1690e13e7d1356396372284cb62519ff41cacf648423f1c,sports,0.74,0
polymarket_0x6c1525b6deb32c17463397d3bae0fd644f82c127afde74af43d915170f02475d,other,0.37,0
polymarket_0xef9ff1a00ad20295e6e04a83012fc8fcd20b613783d04d38092415aff18fc910,sports,0.475,0
polymarket_0x9b017c90e78b5e4a2045826952dd4eaa1f5c56250054a4ade32c7a1163010c98,sports,0.5,1
polymarket_0xc7995ce2a8c03d8517c889cba1fda9777d8d3537ee0e6619fcb6f468b29320c4,sports,0.125,0
polymarket_0x4640ec393d33ba09c3dc4c4286edc80dc1ef45b63ee96d417d5489bf324b9eb9,sports,0.5,1
polymarket_0x859451b7ed9d23ee38ffaabd98ab0c15142324d3b1f09b99d205034f34f990b5,other,0.055,0
polymarket_0x91ea361f8eba82f49add1e92a2ba5a035d6a2da8b59fab2807bd1042e6614671,other,0.535,1
polymarket_0xf64881ce446a8def75048bc689edf3beb41fd04ae9b9712acb7bacc4d3073ff0,sports,0.765,1
polymarket_0xec499b83b70c5efd5852bb5289b4a4bf4aed22e871ad37369d70af61310ca3be,other,0.28,0
polymarket_0x0695bfa6fa591fd9bbda9125033ec8ab664077e806ee1d66d6ead1ead9a547d7,sports,0.5,0
polymarket_0xfba99e23af58d473a63e49ce3bbc5ac76c65a0c7b72685a1688a1f4d39402cab,sports,0.5,0
polymarket_0x07be78a782d18064a05205ea45c70adbd34ee97b648f151349db16e096ce0e21,sports,0.5,1
polymarket_0xa5d7546d76e0ce56b6675d83a8a9eadfca648fbae08ce6ef7e3d4b2868a02cea,other,0.002,0
polymarket_0x5710cb060e69bc5704315a466fe4780c19f0cbf1fbef533f43b35b83c10c9c46,other,0.0005,0
polymarket_0x48e78980372fe8536a3af85faec8f389a2617fbac1e143fc2d7b644d81e0a10e,other,0.5,0
polymarket_0xbbe6d8d39cc5309ac146a161e85edff9ee39ec551a69c7c09bdb8f512dc34b1f,sports,0.195,0
polymarket_0x99069f3be20f5ad41877d09052e3119f357da8ecd4385d65b605a0d249aed80f,other,0.325,0
polymarket_0x5437f1081988159624370ae62d11294c1896a06fa417cca9a8e3aa24f848aa8b,sports,0.5,0
polymarket_0xecf3902ee7302fc70a9499cfafff7a6e37dcb6defd5f9afd10720132e8edcbd9,sports,0.5005,1
polymarket_0xf2b2256602ff45834b7d5b6f35db665e046d78aa3d20115bdce4e1400071b253,sports,0.5,0
polymarket_0xa0cab6af61dafe7897b5f3e78d536f6b1cfd03ac96a553695b710c5659d9a16a,sports,0.5,0
polymarket_0x2a1d2f4ddd89be2dee86e900a48cddc5e2eb94e78b002cae20289ed3c8fcdd87,sports,0.5,0
polymarket_0x2fa4e0a430eebc963d212f471fe1bb5e7d45ea442f48c02897b8179947a31a60,crypto,0.24,0
polymarket_0x5a4be501b45b0ff5f57d9af217949fdb73aca358c8f7213a47f6b14043afda7c,other,0.08,0
polymarket_0x860e7334cbf88438ce533057ec8409669fb58e00afde406537e6e43670ce50e4,other,0.0005,0
polymarket_0xd369371d6b558420c9335bbb951a20b25506a1bb96fab589adc94d331769cbf3,sports,0.5,0
polymarket_0x3550316fc0692ec69fd961698a2f9f20ad18571c9bf752308421d3ad735d939b,other,0.08,0
polymarket_0xc472b94da472146895cf51264b1df8fdd774fb7d8ecf061b475f915fcb9a4823,other,0.0005,0
polymarket_0x013f2310e5e5f31db3dc188e07ce24a8ffe0a782eb877fd7a549b0f4c90124b8,crypto,0.07,0
polymarket_0x56a19cc92a36d90e7f38c8d0a45da8362d45c8525a766db9558153205fb5d3cd,other,0.008,0
polymarket_0x752806dfd6682d671309f5acd93edc85e552b53575a3554965192aed8fd71e01,other,0.375,0
polymarket_0xb93af95e5d54e3339849ceefe604db3c6f1255d91d2122df9c6d75921c79c5b9,sports,0.5,0
polymarket_0x0ee3cda6b0de9439e515918725bf79fe10bf0d15cfce5307b6212d5d44473862,other,0.86,1
polymarket_0x887327da940f5a6c1126c22a1506f6768cb963007427094f465008ac0d388a27,sports,0.9995,1
polymarket_0xcd3c4c6747c839f510c62406a707b8a4e207e11640409145aebb4ca64445e76e,other,0.04,0
polymarket_0x92cfb79630509b879c6826b87f2f3754325c1a152bf63d748fd0874560f916bf,sports,0.84,1
polymarket_0xccb20b7cbd62ae54e67f97197e12ede5b8ec7338655be0083b4540642e0a3998,sports,0.425,1
polymarket_0xae05c2144388f438ac57d3cc3845a3cb0d4b683f92ed7532ca610613d6eafe0c,other,0.105,0
polymarket_0xad27ddc4a1c00ec9278d28ea6b63f0a7953c064c080efcb6d8e0d572a980d93a,other,0.0245,0
polymarket_0xa111f7ab24b257c9210499be7ab717f56277f8afb9147448924c4dda7377e01e,sports,0.5,0
polymarket_0xd365468fc977f2bba6a57ef69a0a72ac26bc94ede01e66c92276e120e759f90e,other,0.405,0
polymarket_0xa06c7a25d0aef384aabdb512085c88bf6efaa3d6c709b5deed19e42958d4eac6,sports,0.74,0
polymarket_0x4704afd79e77c21a1e57143ca1a6f64e9518ad1a02f9f1d1932964be0aa17987,sports,0.185,0
polymarket_0x176a93762f4a9b47ef6ce4ba55c7aac71d538c6c7fd600649b3c332551438f3c,other,0.365,0
polymarket_0x560cb0af355ef7009f4de66b4cb8dce7838e75f8cd2014f53b6226347ae72f8b,other,0.0075,0
polymarket_0xfcc07ad32bf5e5d29664a3cf6fc295db00d2ed1ad4a48ae9628970b8b992b25e,sports,0.865,1
polymarket_0x348a7f919c75ae1f6daaababdc53b4db2973826b622e1a6b17c86f4d1725e8e6,sports,0.495,1
polymarket_0x6279c9f2b22edf7107ff8a074ec28716f74d14476b59c8cfdfda6276d3093c7e,sports,0.095,0
polymarket_0x8d728d111967e1a40026c4728c3a02e27f1f90e96466437a7275417979c7af71,other,0.425,1
polymarket_0xe74669107193caf61441654a7f59e11cf0f2cd9c269b85a981d17e4459479e9b,other,0.0015,0
polymarket_0xc9912776fae0cf469f0ebb29d27c6c1bd8afa42074915a121516074ffb91785f,other,0.345,0
polymarket_0x1af238234c31dfd7f13b5462519792c453f94c79ebc8d13822a4ffcd8b818884,other,0.0145,0
polymarket_0x93cab5a8f1171b824ab4229f453aeef1e40d80697efea2317fdf6055e4f64c98,other,0.007,0
polymarket_0x87d4d45a2b34a7912c962ca701bf2ea7cc067c2e5fa4c8a8ffb207a0ae525548,crypto,0.675,0
polymarket_0x3d0b13e52939fb03fa6c3cae279ad74dbe634c4f4437c6daa52bae0267b87d5f,other,0.05,0
polymarket_0xa9780a68ba6bf8943bce6a60e0b0bdd6d579b23be55531601a3f540a8d020bd5,other,0.2405,1
polymarket_0x628a3814dc64a68dc3e6edb92db6d4cf7c6fd0d8b68d695098de49785dd45b8b,sports,0.475,1
polymarket_0x38ef216e67900f2618bc2beec2fc2e001674c64b1798aa88831943a38e26f51d,other,0.9945,1
polymarket_0x1f111bfcbaf29bf2015b7f7296709e4c8ba3e9180cf6b0654d8fd0e033834679,sports,0.515,1
polymarket_0x11f1cfbfe078183a353bfc7055c70f2763c2a4ab2486de0bb53ed6288868e4f9,sports,0.49,0
polymarket_0x41adb77c5ebe4d77ee7b686700c6bf050fefaf9b6848805c0e5337651183580e,other,0.0035,0
polymarket_0xb2a746b57ea0d3101a198da2d7b70a17da45613f7a4018ca5481649c725dcfb3,other,0.33,0
polymarket_0xb3664caf6d3bb52354ab1f7445bb8866fabfe6113674ab4474d441cb684d3dab,sports,0.5,0
polymarket_0x7665e018c9061117c0c6e1aa581c274ac044a07811c890f07ce47a71e9907550,other,0.0005,0
polymarket_0x9a84c17f1f613a1348471792300bfc4906267ae994a3e0889f205c4fdcac4daa,other,0.73,1
polymarket_0x81a824894b24d683fff8eafeb2b81ff03234b69d77420335e4a6b18927dcc906,other,0.305,1
polymarket_0xeee753bc2f270b870ef6c7cb32218df51df31bc0e3f97931c8fad7339b3d219f,sports,0.595,1
polymarket_0x9504ac3b8bf75efb466ad42e61780d616d663a843949949e9a1a0ee2d8d1642f,other,0.034,0
polymarket_0xc4b44ee7156bd8aa54883e509352a5abbbf8fe40355a797c502e9cb648b8c995,sports,0.3,0
polymarket_0x5ded3c88780fcd2b39f5714f7628d009a8886adf830c178398daa903ee7909c9,other,0.525,1
polymarket_0xe01645ef00c21ccf4ac3d96ecab06f5af74165a83bef076128b8f64b46449faa,sports,0.14,0
polymarket_0xb8c71861bf1908817c94e84cf5eea6f51fe913860fd2243cd80af9ee5abbd1bb,other,0.055,0
polymarket_0xfca7e2c67545893f0911cf5c3b6a872534bbd6787314d2926afebe5411cc10e5,sports,0.5,0
polymarket_0xfe4c440345b888c44c0a76e1c358f8e58909ae0ac5657766451631eb5c89b7c5,other,0.0175,0
polymarket_0x5d1ae59094076b38e354f0f1d3ac5b1277814de8753237890fcfca181aee5fea,other,0.08,0
polymarket_0xf0b04e309eccbecce31cd3707e7feb649d2f562fcf85be0220b9c9bbd6eedbca,sports,0.5,0
polymarket_0x6323da7db6e5a57d71a03e2af972931db3e4f341261b331663896f397dfa0f17,other,0.9995,1
polymarket_0xb3e3079b0cbc967cced802d8d279e5ae8fb40c743bf36e4f06184e6d1add0220,sports,0.5,0
polymarket_0xa205d747d4988d8fe9f9e0080e6b93e72befd63e03cf1a2094e2f5c4408c19ca,other,0.0125,0
polymarket_0x5b6aeeeecf17989e3630b7c698771f37b44918f194b0f60cab19e3c2d82619d2,sports,0.64,0
polymarket_0x9b83be2e67b1d13e299ef5a1e4a7d7682cdd69f5610de31afef10f5a27706ab8,other,0.325,1
polymarket_0xf1ae6263c33910aec2296b163dcbdd1ae414ab4f253b70cffe76059762268b8b,other,0.5,0
polymarket_0x19094f450b768f072404059ba4d8bc9e8059aea4584fa5092244c3cf6a978d02,other,0.07,0
polymarket_0x5bb26ba414c10df17d10c361b7246903d14b41142a4af164eee2de92614125b8,sports,0.77,0
polymarket_0x6f5612d9a1529d53e1f62c1b31d403898dddf977f2d452f3434a02d8708975e3,other,0.405,1
polymarket_0xb6d196540e10b28fe2c7c88c21b3b1209b2ba672628fe0dbce173f1ee0b44bb4,crypto,0.435,1
polymarket_0x45d603f4843c00eb973015a6dfce768b59f63ec7a725b261cf7b437cf70f9306,other,0.995,1
polymarket_0x32f919e7043b30086146192e57183fc8a57f1d8541620ba9d45201544771cea6,sports,0.51,0
polymarket_0x8eee61fbfe18dfcc938165f5f80143cf970710422f36dbbc87efc29825bed402,other,0.055,0
polymarket_0x918ba338fb5192d37f46cd633bec35cc95c66d165c4c0e834fbbba89eedd2959,sports,0.525,1
polymarket_0x5dfb15f9da60f87e9193e711ade54ea3898d7977162f86e0e536a1580472b7d2,other,0.37,0
polymarket_0x1b2c43d0e9fd1f0398a95c17f8a1e60a39989c2080182d504de6587f4fbc9c2e,other,0.0005,0
polymarket_0x31dd48e15fac3ad2f7ea7b4ddc642cea51dc498615b0ca516fc86a562708d17e,sports,0.415,1
polymarket_0xf577849d4e41f85d81c20bc1809817fa8258e3e66b96ea1e69fa01602cd3f65e,sports,0.0005,0
polymarket_0xe51e3ddc092cc1294994d67634507da9225bef0fbc5657dd239300345f139544,other,0.385,0
polymarket_0x6596bc3b5ab33207f0ad1f71abe582cf16e21d7c0989dbc3987279225e44ad13,other,0.17,0
polymarket_0xd15ff50078abbed7cd571b70c638d94849eb107528ab1aa93b2d3afd5866c5f8,other,0.105,0
polymarket_0xa0ae02e2ff4f3f008422153fabbe274571af60a38954e8f24103beb4ba7f44c8,other,0.1,0
polymarket_0x091c9ba6be983927ca49945c8c56b4b11f58eef7608a36e883d540787f2faee9,other,0.345,0
polymarket_0xd0d9229ff8ac849d73e5ce04e08cd22c3cd50b2b08546c5fd045b136e35bb077,sports,0.5,1
polymarket_0x1bcd20ca196d6bdf9b3f93d10d3f05c52ede2207bc94751dd024d9c56fd33a2a,other,0.845,1
polymarket_0x0e5e95ba9d85c28bdb3634ae7521a1d39bbc8eeffca358c5a70866b4fb1099ed,other,0.098,0
polymarket_0x88079cc2484050798743f6ce42f1edbb1da44eb40a3c24f34b8f814342334282,other,0.0015,0
polymarket_0x2881597f5fb84dd45108f41d4703d7fcd56e3ac45496de94a2f1724568338b35,sports,0.145,0
polymarket_0xd0c9594980f7651c45f58bc78e7b39a3bfcfc7ed1025676e6021a1a11d56a83f,sports,0.365,0
polymarket_0x18a6671666aaf2178ea1aac6eba3b3e7d614d9e71a06f5c1cbe6cb484901cf89,other,0.14,0
polymarket_0x672000cd9803bb1ea9acc8ea3903bfa61e4beb7e4f2c98fd93e68ec35beaaa4e,sports,0.5,0
polymarket_0xa65cc5fad8146d3a0b591bdbb36b32cf09e0188985b31604c415b306511e6efc,sports,0.125,0
polymarket_0x5b383ab7bf5bca747c42b8b82804f13586060c475dcf0b82037062e048fc4e44,other,0.9995,1
polymarket_0x4597d4ae9637dfe02be195f3c1e6fd252a0399f079bc7c3b9c1d6dee731324b2,other,0.0045,0
polymarket_0xefd5bf26e81bc7dc346b2c0b56af2b89177ed12040ce33645d7392c89d3b9c16,other,0.08,0
polymarket_0xc9db051876f3f66bcccbd221b405db82bd6b05145e0c11fc2c2c545f90a5cb47,other,0.017,0
polymarket_0x5aa8f3f76d7a425eb359dba2d2393301e9d6182510cfaf0011adc616992eb4e8,sports,0.5,0
polymarket_0xc542cad332df81ce476542c567c1e5bb05677c14018f88ebf646b56c61f62cbb,sports,0.21,1
polymarket_0xfa4126eb0f8361388b0d197ef382925f1f070d3a7c5d288e804ee2b0a479d289,sports,0.75,1
polymarket_0x3f705c47cb32e523c544d593b0ea3f72507c0e2b6b0bbba022dfd7c2ebb25015,other,0.015,0
polymarket_0xb51835f7c52476ef253e31f465a04deeffb10a7a61c9e2e9bd5ec94a6b8d452a,other,0.11,1
polymarket_0xc201b3cd84b93aa36e7241d16342131671601019b99f5801696c66719a8ff022,other,0.022,0
polymarket_0x79cb893c7963d7a25b355502dfef29530800a602edaf7e6d17ea044463d4ca97,other,0.155,0
polymarket_0x28e2399e49777f6e7aec809275e0159096201965d429c49119fc542e590ffa4e,other,0.0145,0
polymarket_0xa78d92b564e4329b251dabfe1aa68f2c524510a6b62d61a33b065fa437f4a906,sports,0.585,1
polymarket_0xd2e1022f6b015ccbc5e07009d28d8dd8d3476e3b5a5fcb8563cb8a089c878906,other,0.041,0
polymarket_0x2554b834cdb8fbeec6a07d99e4f505c5155caf22287bb548152784daff561403,other,0.11,0
polymarket_0xd704e75bfc21c593dc56451520f5d0f48e073350c8714c8fa6f6c25ff80b57d7,other,0.205,1
polymarket_0x24e4c05289c73359b2a3b66ba5c123092fdf296a8ea4ad27ee7692c85fff0f83,sports,0.72,0
polymarket_0x82d01ef0eb41bcd392bcc1831202b15b76b9588e8e446e07ff1ef9cf7b302c57,other,0.0495,0
polymarket_0x19ee925fd27c9211b50b410d92e3de72b473beb46302151b67b2b867687b1b10,sports,0.31,1
polymarket_0xfcfce8c9c0b7fa5587e5298a2ae21a0da3aeb50686afe9a805b82db34be357ab,other,0.18,1
polymarket_0x732146ae920126df6822ca889b9f0f7426dbf7e04792d4e936c0e58ac8a8577a,sports,0.265,0
polymarket_0x92a4f34dd96758697d6bddf4c1187071ea1b486820bfd0b74ce50daff708d4ac,sports,0.5,0
polymarket_0x1d501c28257d05e354c0f8a4281e5a7515081d3d3646614ac61ae132cb386046,other,0.045,0
polymarket_0xad8bfe690b0c308b752a811b81297dbce16fd53ccc992212653102ba4ae8a4c1,sports,0.285,1
polymarket_0xfd6b57a21c179b712f4b4a9fcd40d04e9c08fcff9e35ff2eb53dbc74cb63792c,sports,0.5,0
polymarket_0x15baaaef052624f87e54ce3b775a96cdd50e4a459f3f26ad58fe60a8b1624753,sports,0.5,0
polymarket_0xbb446055ec4ca0f2ec58c6dd1fb560bb9d8e4533734de25c14da6f1266268565,other,0.5,0
polymarket_0xb78a06f3951b4058a24ec05ad2673b04e3a236bfe33a2beae27fb8cfda28c3d3,other,0.0205,0
polymarket_0x79089732b75bca74acf4c44d7937133fab572c2267f1f7a1fcb77daf38ddedd1,sports,0.5,0
polymarket_0x14de99655a024c2ed5de39d1b35dc903d943837eca538376c999935ae29d94d9,other,0.9995,1
polymarket_0x2ae0e6bba719effd55b8cde61f17097d1b3bba02255f8d3520302853263efc32,other,0.008,0
polymarket_0x1247f64d7997c22bd510166014d2aafd86dd36ed6eb9fcfd75a3810319d313fb,sports,0.5,1
polymarket_0xa1dea3e28a6d09ec81ba96837fe2168e355a341ad0aa18396c6db00cebbc41f4,other,0.16,0
polymarket_0x4cb53cf68bc04172a02864084e4a3c152abaa51ed8f99872b2166ff8124371e5,other,0.205,0
polymarket_0x7d0b6aa2aa98e14884a7224118687e651355872b12bbf38ebf9f9fe098843461,sports,0.655,0
polymarket_0x0fbd456c1e81b250c153d91e2f42760ed846a710ed108f34a10cc6f5d1c8e5e3,other,0.545,0
polymarket_0xb27ac4998790f3831523b7e10c0354c0eecdb0a120ddd0cc3eb36ee766004e85,other,0.008,0
polymarket_0xdeb3142e3a31a9c6250d4d1509757d36fd015513dfc68a77cc567c73bd5085be,sports,0.5,0
polymarket_0xcca9cf39b58e258061af40fe6f433656a25d5251f1e21724b45111396586bf49,crypto,0.46,1
polymarket_0xf326098b2f0b740c70b70ba63390c7cb659c19120a0a1ff008c042231f32aab6,other,0.495,0
polymarket_0x823baefd36cc95daa42634887c2e5ecaf6ecdba6cb2268f36a2c1dc1e981d046,other,0.0055,0
polymarket_0x45ccbd46879f8dcbbc76f2e5076fe6b3993be160038569b68f60bb84213e903f,sports,0.5,1
polymarket_0xcd0b9e50f6408851af62146d8ba0b520cd151222043dbe509e5dd4486fc6411f,sports,0.765,1
polymarket_0xff0d0d0ce93eb5e5c5f97f6d2a7cbdc818675b6a970dec93ef8d092fcf5f7682,other,0.0375,0
polymarket_0x2eb0963d8524b1feb10dc7eb0d703322f1aef9d9201a680c0b269e852ee87dc6,sports,0.5,1
polymarket_0xa96df79b3d9f8f169438f86f7e8d4d799ae858c64d953576b5038dd5e209ff01,sports,0.4995,0
polymarket_0xe2f0c74df6b2a2b26aae756aa70d7283b1a759077547d70c288d9117cacca2c6,sports,0.5,1
polymarket_0x00e7f9bf84dfac1bda406bf44a0d185db471dce06654aec1996885bec30b8d47,sports,0.31,0
polymarket_0x4d01103bf9f39b35bd3be09b3ab7b9a00b1fa90004d225ede226ff4e4ee9f035,other,0.0175,0
polymarket_0x9d28da4015770d7ef6bb44cd6c183fd0292bd9d15343fff7ed7132fa1edf9724,sports,0.53,0
polymarket_0xbefcb904ee3dad1b0b47c7124ef7d48f8a2833796688883182c1535e7a913547,other,0.009,0
polymarket_0x3506be71069b0aa9cbb77969ddecc4c21d6e6d51e003d776b1e6c15afa304a95,other,0.23,0
polymarket_0x197e5697bd7b6c8173b0ee24e8d4e7e03f94088c6dc0455b8bf370042caf9790,other,0.62,0
polymarket_0x6870a5f0f00e54c1e9b53df6b116d01c5e339d425ece6c99d340f95b27126f09,other,0.28,1
polymarket_0xe9f5b3c271445c85589bb530cbb71db913568fc62231079197b50eec73165dd5,other,0.0155,0
polymarket_0x4ec894295788cede3fe400ffd246c9f6554715aec0afb592c93e95294600e922,sports,0.23,1
polymarket_0x5a8fe58167ae9e2fcd0c5a96d3e231a40ed5b561686ad81ad0166f79d204c647,sports,0.425,1
polymarket_0xe6bd9c51edf7cc50587572c0bef17c44c3eda0b1f7dcb6c1caacc5b2fa1f3985,other,0.031,0
polymarket_0xcda1fd4043bfd4dc0d94635696086de3fb74901f856fa306879cfcc9e40beb7d,sports,0.51,1
polymarket_0x57800d49eb8bd46252cacd84de63ca114aaff723ff8b98c19f2751f2e980079c,other,0.47,0
polymarket_0x49ee24dda4ba178c6c22d09c628a3173bed6c85deba935391dd96d6c7e2e120f,other,0.035,0
polymarket_0xbf7d33271795feaba8bb0013a0d8a1771162e8bb7eeaf4db9c9b4297cd36e32b,other,0.3505,1
polymarket_0x3f00227c78e5cb18be82f9a7178c51c34f8be633ef8a4ed45a6981f563259c37,other,0.455,0
polymarket_0x2f8aad2b5904c6764be3cf662948728369aa5ec2e321e4e86c14f69804a524f6,other,0.175,1
polymarket_0x7880aecca040c2c6c024648da9fd2741ba0e6bc895636e43a556a43abf22b634,other,0.495,0
polymarket_0x7c457e0629d3f328ce3ea2f9412aa870d5c46c74fbb003dc19b89890b61d3b18,other,0.9995,1
polymarket_0xa3666abe8b20a5f5aa5881db19108abbd954c6e48dda3da1b670ea199a951aa6,other,0.022,0
polymarket_0x8bdca29882ab7e580a0be08f03564496be31d1107ecae34f4da5ca88ff0b57e7,other,0.0005,0
polymarket_0x2b015e32542ba205b6147cabd689c076eab263e07696c1d95de048636793640a,other,0.61,1
polymarket_0x6972e7771000793cee71370b91c53fa881545a43b4a38093a59da33ffef1eaaf,sports,0.25,0
polymarket_0x9c445b67a7e072039620b247d88e92107153868e47b50e6fdf16a811637531de,sports,0.515,1
polymarket_0xba3926b747a205615bd2669587618f6de1e3d2ac4fb9f70cf2e547188537d947,sports,0.21,1
polymarket_0xd3128bce2cfd79336e681810618a1d14e94d336e6917413e17b3ff3e75b61faa,other,0.555,0
polymarket_0x78fcac476894e6b7a436ef6a06244e4f60659e9650d0e08ece2f5f0deea4832a,other,0.17,0
polymarket_0xf64811feac6cdcb4dd5c6e31888c7f46dcfacb7105585f2ecd4a43e514a131f4,other,0.115,0
polymarket_0x395af4268a3e0155ff7662077f4e8fc8090165a18d6dae6a9916e28ee792f00e,other,0.0015,0
polymarket_0xf20b9c5f5db38e7290976c824167c790f78627bd27b30adc9ac13edb33fef1c3,other,0.48,0
polymarket_0xe6dd30c42c078c77043a3e1d3c28e418b6e8f6faf6178a541442b868c129241b,sports,0.5,0
polymarket_0x55dc071071fbf3c3d3866f0e8a161c79295ae4746c366d1f946246987afa7bb1,other,0.235,1
polymarket_0x779ac157ed10e02fd7e98b7c5bc914b913679444cfce0b350983940b7a083fd1,other,0.075,0
polymarket_0x723f9acfd00999e3ff34fa6e753f36f5a95f856a924b75f57e23b63129195471,sports,0.14,0
polymarket_0xbd53e0b0a4b0f743343138311a1107fa0877a661d619e7d3750dec4ffb559a40,other,0.009,0
polymarket_0xf3cb0fa257a218a8f84daebd67891b19213222be78e8be2ab47289a40a0991e9,other,0.57,0
polymarket_0x01d6ef6667cb8e7051842965eb28b2d9ee4985b51995d16de100a1a2ccbc60ce,sports,0.45,1
polymarket_0xffb92d151e128d02433a2913877fb739fd4524f0bcf3779692c97a030dbd79a2,sports,0.575,1
polymarket_0x276b0789a7c5c71be2697ef0fcd9c67ad431548b628f39a8e2e559c50e8a8885,sports,0.58,1
polymarket_0x57ebf1ac837cb206b3a0c64ab165fe9f09bb0490f740cf52320bb2742f8a59eb,other,0.28,0
polymarket_0xd799d1f02d08a374764def23bd81e05820a98b3b69765b6de2c30008174d1e67,sports,0.575,1
polymarket_0xbf9b16373bc0b9b9730adce9cee69597c4871f22ca4a9a11c30344296c251ee1,other,0.063,0
polymarket_0x2d3b6d48ad7ffed9b3e6802a333471fa6985dd6719d952fed20dc8e49487c07c,sports,0.5,0
polymarket_0xf6f7699234bdfa57480b83ef289eff0981bec8807146e2ea9c50a4752628af9b,other,0.085,0
polymarket_0xba9ae9aa824643850135ae1cc8b5adb6137f489389a763ad2a5968d5f0581034,other,0.008,0
polymarket_0x4df860219000f203bd1218581ef2aa94ed6c6d6db43310781e37d434504b2b93,sports,0.5,0
polymarket_0xb89cea6ba7f575713c37986f806092335f01f9c261f8e572e85ed344b02de961,other,0.23,0
polymarket_0xc402d9ff6927d68fc4e3737cac42026d983475afd90f060445c57d2783068811,other,0.335,0
polymarket_0xf6c775d1f55bf1b9dfba406c12f695de400c3ddaee98e882262698bca643a3ef,sports,0.0005,0
polymarket_0x493b2377198e534b915ac35f0ee98ba6880857330a0bad37c10a1205501118d5,other,0.55,1
polymarket_0x1ce946947288dacf52643a3b40493bde4eac5dd4d0e23470e613538128e02211,politics,0.008,0
polymarket_0xeeec855fbcebcee555c4d9624c7ae57d449db0efec2d6bfb59f4ab95a797ee8c,sports,0.785,1
polymarket_0x25fdd8196514d1f1c26e237d58e44ec639031d0cc4e60e8f5da6816dd24a6d2e,sports,0.5,0
polymarket_0x40b0e7159ee5e51b6722f4018a1561e1141dfa6faf37c268baa015eca0fe961d,other,0.0055,0
polymarket_0xa7626742762a8b0122b8127c2927da0611cd659134e79dea498d5cc55925b606,sports,0.3,1
polymarket_0xec9980aec8dfa8fdd8aff87300aa7cb8aaa385e6f53065a5971703943c7450a7,sports,0.5,1
polymarket_0xcd0123e046f5154b968fbd244e8eb52d408fc44e5dc7732f27bab2cf18915e74,sports,0.5,0
polymarket_0xf86bf233403ac410cf17f1f35b9e8262d2196ac6931e5b7decaa7baf56caa6bf,sports,0.36,0
polymarket_0xfab1d459cf994c8c1283fb56676958ce72839778a03a9377507b9b4a03ec843a,other,0.9995,1
polymarket_0x9248018ef3d44ad6ac957c3a261233a96c3c000f42eea233e37986ed0139d5f3,other,0.25,0
polymarket_0xad5afdcfbf9cbe8ffe9d41f25ed698318b595805a41e3fe86ee24c9add1ecc0d,other,0.105,0
polymarket_0x6a8922fce110fa59740b29f007ba1a9bca8dddfff803118d710d862e2fee3990,other,0.67,1
polymarket_0x657aaf739580388bb25a54f1a2bccb39a1c05789fb1b30660be95db4491d3d8e,sports,0.5,1
polymarket_0xcd2e49fb8370a239df8d600e39371997632660a8eb85aba6107e662cd096a79a,sports,0.135,0
polymarket_0xec9d78f594e816a8dd627eb8e0b758b13596c336fb433fa9181a0aed54c2c95c,other,0.012,0
polymarket_0x3ba77ba3e5e81a01a14514f014d80ba2144d3ad78d31fa338198873ae350a798,other,0.0005,0
polymarket_0xd0435e67cbdf7a8053f209d082a0a491c1821229619dbf40d25764db45166f5b,sports,0.5,0
polymarket_0xf0430611219f0ca3dda4ff3ea50a23621e5e8fc0e7d61535f13b4fdc04d1f282,other,0.38,1
polymarket_0x04af93dfe78a77ed38fbaf18bf6c7903c5b4a2b6837c0d01626fcead5249fc13,sports,0.5,1
polymarket_0xa27eff8d6d78a2c76b46644bcf668ada7b0bfec65d0eb5946d7e20ef5f6c06ef,sports,0.345,1
polymarket_0x70e889e94e7b8fda30e423cc8b88ba10cd4135f201d08ad3b5211e946748e959,other,0.0175,0
polymarket_0x48084e128acf7b95cf1575c4998168fa0138beaaab5e88ce843779f6dd95e5b3,other,0.325,0
polymarket_0xac3e76c1b50180bfd2fe992411092d4d187635a35c1ce6d849f74b046d29aa8f,other,0.9925,1
polymarket_0x85c80acf0f799292313efc6a705afa3044f72d88cc55f0a44dfb4eaaacdb56dc,other,0.5,0
polymarket_0xb4e9688ce669474948c158dc1549ed1ace3da1862156303d9432215b53280053,sports,0.505,1
polymarket_0x0ad8c9db198069d2fcc723fb4d54d5017497d0e32a5df25edf7fa939c971e085,sports,0.51,0
polymarket_0xa764955a7a0d47058ab57f7e8c59a3ca6ddf0952d60788e86dddbbf262a40b0e,other,0.23,0
polymarket_0xc528eb9540f61bd55a8e572f5fe7035714660200bf592db4b6ffd798f63e2552,other,0.515,0
polymarket_0x008c9f0a220011e46f208f2ea70c67863e77f571ead87a0aef955a7759c33489,other,0.0045,0
polymarket_0xe36237fbcfa15cc6f580b4435f73f15ec56d6273a3c1cd594e6464e3f6cc7ac7,sports,0.5,1
polymarket_0xb3c238b42ff5195ade37e8d839ba1d2f1680cbfeb57aa5c3c8ca096eb189ca94,other,0.335,0
polymarket_0x216c9084503f2432c9935aa16796ccf393948b68b3aba994f992a7482a3dd943,other,0.0055,0
polymarket_0x07043f8bc8f40ba7d5dadea162968f5096895f2fd4f2ce1b652f4befa3c389cc,sports,0.5,0
polymarket_0x2ff25915a3e569428d69252f36d5ea087ff813487fcce5f68788abfd36c1ea6f,sports,0.5,0
polymarket_0x011892d762e147bf3b437c7958596b88326e8be6f34f7594af4c4205f395b9d5,other,0.14,1
polymarket_0x251a00ea7cc2db6d971dc4926b65c55b515a30dabbd2cdb57f066900739dcb4d,other,0.0255,0
polymarket_0x6a1feef4b8ffae27bfb6e3978df2d17aec80d631f28e3069c5c5e3722fd22b37,other,0.505,1
polymarket_0x98b6f6cb0664e708df985fe93bda5898930a2be1c1b27349e588b2ac8a188232,other,0.0285,0
polymarket_0x7ce04ac77c6cbbfc1cdf8ed117ceb65eaa8e94129a16cbbb8ce17354d1854e28,sports,0.0005,0
polymarket_0xc3928007aeadf187aed928840c0929a7f9afd45b0a9415545ddc68ff82f506f5,sports,0.5,1
polymarket_0xc20c71bb0984a0c08cd89b1434717af3063c698bcb697ce37a3ee38957734c91,other,0.033,0
polymarket_0xfabc8a4ee33853dd0cc2f8d6112cd93b219a8d41471584a4c7dabe838fe6f347,other,0.0195,0
polymarket_0x7d01f87271a45ab34d220bcee285482b78ca31d38229ee1b1bcff0064ae1f9e4,other,0.018,0
polymarket_0x6bce6f2f55eaf6f8d9c1db2ff1d8ed0cd5b8bd919ed7289bb786be38ab755da8,sports,0.395,0
polymarket_0x1c05f06d422d5cf9d21608c90ee0bd8db03e2234bbcaf9a2cf369772defd97de,sports,0.45,1
polymarket_0xc91014825d06d2b93972a79eda906562df468fdc050dc49142194bc11f2f7557,other,0.0355,0
polymarket_0x30df293396d03eab9739d548a2006d273ceb22a004d55e7b7695665764f7f1a4,sports,0.5,0
polymarket_0xe514a83693f028461e240ee49667a5defadf162f56c60e658384d14de27eb562,other,0.07,0
polymarket_0xad755ed15a3d1676392cb8f85b450dfcfe0267aa44420a512d13e8f7f68b73e9,other,0.0265,0
polymarket_0xe6d047a9a145b0fc4f92cf348d2e7556e8e35bb118c846d97f4e8c1f59a36363,other,0.505,1
polymarket_0x34f683c648017adffb333805529a6d123821df6f06f4b023a91ecf57ab138c8e,other,0.67,1
polymarket_0x6410aa94a647a557872641336571934b938148d29c7e398d3318c40a8c158a6e,other,0.0005,0
polymarket_0xfab2a9ee7499a4d8a33ca6790bbdf1848de2cd2866616f5d749d914cc9b2ba1d,sports,0.225,0
polymarket_0xe242d01b8e1ff74703d6719d7087a34eaafe7e395739434448a9036e03fb8141,crypto,0.0115,0
polymarket_0x3cf134bb91d69a27c599051a8945f07505ad1f4c172cdc9ff38a4e8a07c5abba,sports,0.5,0
polymarket_0x065add7d2b3a4a0353f5781caf321267fd2dae7f49ea86b4d3e5af04dd6f822e,sports,0.26,0
polymarket_0x5c4773c1fb339c68c9d69dc7a3313ce316dadf0db6ab08eb58e01e9a0f916710,other,0.27,0
polymarket_0xec92e039e0fa92460be26300d37df585eb6e0456644d71e6b92b7b73439ec69d,other,0.51,1
polymarket_0x39df848c36b046f8a85003cc0702e3e64bbdc88a5067d71fea75eb9f0edee953,sports,0.525,0
polymarket_0xfe7c6538a7bfc9e596c7a9dada31327b19e106afcebb8dad7b72c46fb6043805,sports,0.5,0
polymarket_0x3549129878dcf9216bf4dc16b921c5643fae018eaed2b090abd55e84b51b94dd,other,0.016,0
polymarket_0x95eba26c144e3ea5a290ff5475ae2c2118f47b56683157ff159ec994a5d89b55,other,0.41,0
polymarket_0xfc6db0f5e154f5a109ebe84b19f528326cb3e5ca874e2fae1fd8a979feb92c60,other,0.165,0
polymarket_0x7ddab316567ea10c111730d5dff621a484130ba020fe74a01a649becc5add737,sports,0.0005,0
polymarket_0x59fcae6c429044dda26272220bc4d9054aa0873488549fc5f7ca1de259459e3e,sports,0.49,0
polymarket_0x46e9d827cf1b8f11b63ccab39556a6f38aab3240848f74a2b9f9cea77f87c5b7,other,0.265,0
polymarket_0x40ab1b8983636c98fa6c998b12ba110f438c875680996314952931f957a2cba8,sports,0.32,0
polymarket_0x9a026990a049a588759bcce8faf12cfcdf54b0aec74520a9710831d51d884c44,other,0.005,0
polymarket_0x406b2d70631076ffce0520de9540b051088fb6afeffa5b334170bc9932684559,sports,0.685,0
polymarket_0xfb93172aa029ba156d3730d81340fcd96c1d8deb1c06824f5de1dd095777c1a7,other,0.815,1
polymarket_0xdb0b2af48bba7d3791dc43dfcffcdf4a4f83973d3c9b062e0fa6c043faf600aa,sports,0.67,1
polymarket_0x38f103cca1e4096f1a27351d659aa5e55934791aedf09ef5ea0d3c3724dfa223,other,0.63,0
polymarket_0x73d77c04a7a1a12e5b40c83bda5899507fc7235b1015d9c6a58023123281d485,sports,0.735,1
polymarket_0x63547d649b138b651922a2348ed2e182c244acf5a236dfd2873122af60b4d719,sports,0.5,1
polymarket_0xf6cf35d13d30632ec4e5a2d4cce7b1fefad3e3771068ed39b6d72620845e9455,other,0.49,0
polymarket_0xc676f91bdeda18df9f6e887b5884b7129ce4535f6a55b9be83009162e62ee88d,sports,0.505,1
polymarket_0xf12cee0eb2916c7d8a7cdccceb2d8bdf399d0b74198b83549513db4a7b17293c,sports,0.23,1
polymarket_0x0fcf0614f43dfdcbaf1c46e43971e95dde148dac7161df3bb430ebf4f2bbe705,other,0.106,0
polymarket_0x560016f34522815f25bf3cb29ac3b521f2464f67f1eb7229b41388d4caf0e839,other,0.0005,0
polymarket_0x79e1d6ed6ae7f24ca55f341a0579ac45c78ddabf010ebc0dfb2896c71af9f325,sports,0.205,1
polymarket_0xfe6742fab48adbd0b4aa0658898e849c64f6dab1143b5e09f2577b7c711fda4a,sports,0.5,0
polymarket_0x4712500b1925e126bda815a55b4a29a32508ef3303385f02f5a5056783fcd3a5,other,0.105,1
polymarket_0xce96709d7baea7749c2f789dd53e8e3048c06433ed14029a2779b7b905c46fa6,other,0.055,0
polymarket_0x2314c6c3071370adef3817b996cc5553f19a9f2dbc6743dfd80f87977beb53cc,other,0.006,0
polymarket_0xc1cdbfb7e153d3a0aa93e8a772028bacc7c4044a958d2072d633edfbe7eda1b1,sports,0.0045,0
polymarket_0xc053be002eef0f3ded044283a161e787c4aac27eaad48ac50c15092bb4c2fd41,sports,0.21,0
polymarket_0xef78dcf8970b1cb0b13950459f2b90b6fd058fa91398f386e2710e8aab2a6a3d,crypto,0.235,0
polymarket_0xae7d433770282e163a952f4c5d01ed877f9bdd9624d9ba14a3cbebdc0d953488,other,0.155,0
polymarket_0xb798c497ba45c73bfc1072b1daa7372d5e96c834b5a6ab0d43347d6ef826bda1,other,0.045,0
polymarket_0x7f777a965c763b2379a1412ee807c4a3e4d8047ff4e74066eb691e95d8f8e292,other,0.001,0
polymarket_0x4ff1503d3bfa20b44c6855a62d993982abe3b00e9dcf91805e583bb7544a6453,sports,0.075,0
polymarket_0x56f0612aea79dde59659fdc8e7a0284bb20a9132354e738c8c6c3fa2ac10e1f2,sports,0.5,1
polymarket_0xf093657d71b6b01655662b93cac1e8a909b006243c4f10ace3e5ec5282e05947,sports,0.105,0
polymarket_0x980cab06f27436390b6f4ae76b2bb3e454263d0d73703b1ecfa5600152688427,other,0.977,1
polymarket_0xfbd1317083da95ffac35bc21f5db2a56738d9667a1044895c969b9a1bd1f1a6c,other,0.0025,0
polymarket_0x6848f12e2139f6f1a1950190b7154776fc0e5878cd55e02883f074a52a6df4f3,sports,0.505,0
polymarket_0x81f4b736ddff70a6fec27f1e3bff4f78359f01c83233bde0929a03a62bf84243,other,0.565,0
polymarket_0xfb41343e0d84d96fbdea78b036c13ee58e88080f3bb1a93b67dfe9d1857b6467,other,0.0005,0
polymarket_0x2082b73bebdbad1eab3cdfa45f2645848e114eefe029b26962432f26029a8022,other,0.05,1
polymarket_0x8a42c9efd1d7088d99b6f4a91cb90e3f30851b46835715e6715c088f98fe2935,other,0.48,0
polymarket_0xff46383a899b29bf5972aa92dfcb180200e1eb0da7eec2298cf34c8c7c8a553c,other,0.157,0
polymarket_0xe8352520059cbbc85509cb18dabd0393117c8e7739728387c2e52d74f026c197,other,0.07,0
polymarket_0x4c0ec08b64f3db67f3d1143682f20c0edeb98358ad99969fc973421336809ed3,other,0.185,0
polymarket_0xdd37ac259a39f5fe50ff5efc1306d46ecc1b45f2aaea06b6f95f44762cfa992e,sports,0.24,1
polymarket_0x7aeb60a65b3a431592bd5118c5f33b450a7f55ed76441c895c4226d57a0c0045,other,0.33,0
polymarket_0xc58bf89135c866fe05190d87ad496fd3c85ac7ef151ed44fcd8221a3cc410f14,sports,0.41,0
polymarket_0x02df15291c4dc3632711f6139bbe256140d2964e8f88394552d4ae58df511a0d,other,0.003,0
polymarket_0x128ea00efcacbd9211838632e01c380650f8ac8d8822d5d4a87ab7e77574429d,sports,0.475,0
polymarket_0x56196782619800b80bf727a85df1ca9f726309b47e877f352068e75b3ed080c3,sports,0.5,1
polymarket_0x048374a28e4ff552bef4c8b783b211f91c7b3b989888d764b327d338402898fd,other,0.225,0
polymarket_0x12eb4cba3d1d1a590d7b8bdd9b78620a24f9c697001f823f8371728e469cc9e1,other,0.0285,0
polymarket_0x647e22f09f136bf10a0b6b815a826debb3ac62ac728d2d71f61a331337803266,other,0.0255,0
polymarket_0xb58c6ae846bfd6db61f835f811f025f6cd4667a4334e7ccd8434dbb4fddea8be,sports,0.44,0
polymarket_0x7c37c5e915d95ef8d3d13adbd748496d428436ba9b78d4f7f6e592ea1870aadc,sports,0.5,1
polymarket_0x5104b8b465c913ae14004baa14ccdccb38e283302b38bc1a0589bda24c64e9aa,sports,0.5,0
polymarket_0x9535196547887513273febd059a9f22727ce478e660aee46bb48f39f58225862,other,0.1,0
polymarket_0x83e72e680ad992919d8a659b282ddb143eadda3436774b7d6dbf8e3e3741845c,sports,0.5,0
polymarket_0x3a29ad2345dc1f9db1abb97090f3dee86af24c09b0f476029f267586838829c2,sports,0.155,0
polymarket_0xcd6e5548463ad7a8cf178e663e83673931c9a630da74912841a4fe820e1ed961,other,0.32,0
polymarket_0x266052ed4b16b201939f8e6191ba2d95e93a6758ea87dd739af7d8dc2d006be8,sports,0.695,0
polymarket_0x02b05705a38e808a9e58d4ce2933d0c9eeab8b93288428f6ea356274a0aa0f1b,sports,0.5,0
polymarket_0x5c9b690b4612451499c50ab094e95e70e14d4bc4061e54335f4ca1f1fd0478ae,other,0.43,0
polymarket_0x1605aa65a609e4e55b96274bb337edb04a1d13bc2d2c0d8d5dd84f4409e729fc,sports,0.5,1
polymarket_0x8ae3f691badc9bc5ba90fd8842b2fdb34f4c1585d71bcf064b2bf320f255f289,other,0.21,0
polymarket_0x54d14de2e55e662b42a906ee0bd8490acc74b4559e924c69139bb54398156614,other,0.425,0
polymarket_0xbcec35df879043d808cf92cac54f859297f0c6c227bc67c4fc69e79b632f76e2,other,0.946,1
polymarket_0xca9b5e24ca1a36e72603d91256ee8b968eed8eb91b64e926cf253cdde61e6ab7,crypto,0.05,0
polymarket_0x398d6d30e4e7c4fcaebdb867d1850830cd64a88c42b28da518a9dab13f442f64,sports,0.25,0
polymarket_0x5ed24ab536753ab61e4d0de2989306c6e91de582c7099e1cc6f9be954e688a7d,sports,0.915,1
polymarket_0x41b9fcd70fea88d9bf3d2cea531aa12e1702987a9b5c299487cef25a0a26796d,other,0.0325,0
polymarket_0x170fea67bc5f58d243b4f1d128cf46a1d003e5fa929d30ccccb09236b057bdec,other,0.985,1
polymarket_0xc93add48712d75a808079ee4975a762581546f6ea0b468365f2d257cc5d7d63c,other,0.0045,0
polymarket_0xf9450fb953db9febefbe92d053033547141b03eff24c4e21cd5a1b6127fb66d9,other,0.0245,0
polymarket_0xb37e4fb462ab146b2593e2f485423a5d0a59f4f600a4e6490d236009822d9740,sports,0.745,1
polymarket_0x163f0a71361ecf540bdefe45619e91c596b51a033bbdde39d9ac7a94c4d2546f,other,0.0185,0
polymarket_0xf8a91ad68420e0f14dde36b35c6f7d12b8e69e3eb0a6b01f57e746ff7d247f4a,other,0.42,0
polymarket_0x96080c3231efb5d0c2393963c49cd9cabedfaa77a9655da3373c08a392529c60,sports,0.505,1
polymarket_0x14fa0db5ccbc28db3555730d58834d05f18de8fbc970f8c74b731f21adce15a9,sports,0.625,0
polymarket_0xacf0b9f55796431c531d3533a684d91413265f5530d4c466521c365f3c833678,other,0.795,1
polymarket_0x727b2428007fd2242a03de75fcc94e0fac967d27422a650afbc7906dc3d68cb8,sports,0.5,1
polymarket_0x1e0f2eddcfa07a7195d1ebe7c130d1039a9eb33f01958271dc203b263bf218eb,sports,0.5,1
polymarket_0x2328ff907fe1d1d9d1db7dec138828b80f03266028ffbb32f04de878b527d62f,other,0.67,1
polymarket_0x2363641698db241b801dc087831b759f03d39a64d14ea86d9ca80678d3c5b374,other,0.3,0
polymarket_0x9eec075c16af5eba83fc45ba81afcc04a81f5f752b0cb7616465b38989377c3d,sports,0.345,1
polymarket_0x019fead198a6dfdec29b95d0f820eae0609864327c0c34aa753e8f1c620aed4d,other,0.9975,1
polymarket_0x726a97474b46c14b802ff3e6e660cdee1fe01fd8d227e39898e0c8edb685e84a,sports,0.5,0
polymarket_0xa25544b43fdc8fa2987f81eaec7db4252360ff3f0445142af064fa52fcaf5a6c,other,0.445,0
polymarket_0x82e5762aeecec13ea4bceb59f65f4e56d6fb23f0e085b2871fad76e266b178e8,other,0.01,0
polymarket_0xb71ee008203a7dd14e5f7cd77a98fc99208b148d654971568f950cc29f0bc969,other,0.495,0
polymarket_0xf5f913ffe45cd62ab7e328819b26c53da3e92f0df7d0b24508d20739ee9b4109,other,0.012,0
polymarket_0xf9648be61b77b7b47ede2d6ebe093f9e723776471f804d5534d459131b78fee2,sports,0.425,0
polymarket_0x97662882d46c78d0f628b09a7059208c5bd0e689c137620feedd9944850f012f,crypto,0.0155,0
polymarket_0xc0f676c42dc08020edcb5f76a93dd598fac5438f9f4966ab412b1fa9be3f50ab,other,0.002,0
polymarket_0x9121e0293619c10cd18e4265fd31328087112a27afca72daab76063c9f9a67b1,other,0.028,0
polymarket_0x3a998cf76a73e7701069d35572a9c36a90fde6a15fca12ed6600f6c70654551a,other,0.565,1
polymarket_0x3dac5e5372bd329c744cc3fbbddf8619d1f9223a32513fc13377f5c5519d529f,sports,0.5,0
polymarket_0xd344a9df889cd1e6a4908ea053869507daddca91e362686fb3909a108b31573a,other,0.725,0
polymarket_0x42843450e704621caf9212c16d4d0b968e41dadb882d0a07ea9ea78bd6a5178b,other,0.155,0
polymarket_0xff9982c777062120e887d2882bb1e1452e8e75df2673cd62e66cf129f3594166,other,0.425,0
polymarket_0x39493f0dcaad92b6abd963c366f6103338ce0f0e694e11ecdb2d9d6f6f24eb69,other,0.785,1
polymarket_0xf370a981fbed69834b37f0642a8fb22af99573c3ff2549667eadd18d0a14847d,other,0.075,0
polymarket_0x45dd349b4a9b281d51ce027052762659338568ff10644610e50262a516cb6e76,other,0.41,0
polymarket_0x317e932765508e52f2253b1e644401cd790ff4d986a1387d359905e985671471,sports,0.155,0
polymarket_0x7872d10b179ad0da8cef66ef84565742669a921c70aa7218721cce407015e4ab,sports,0.5,0
polymarket_0x3a5d02243dbb5f620470f9c990595212bce8987efa8d4cf7c286fa095a5e6dbd,sports,0.5,0
polymarket_0xe2efd23860b824d0576f26d7faef65a2f8df294a2bdf2e7db8410d4cbd16af64,sports,0.5,1
polymarket_0x5b5c1a9ea93d56fe89a9a5906226842e8807e129fb28cb4bad3113dcce80e8dd,other,0.355,1
polymarket_0xb2223df4e32ed2ab8a44c67765f9d33725b30ca2d91ee5fd864b2c59fe2d67ee,sports,0.79,0
polymarket_0x08ff241dfb1f819b960e8b133460dea71454bcdd7a4d97da23956a19fbaec0ee,sports,0.5,0
polymarket_0x7ea6a0c8067026d645d51610dfedd9efa29638ce36d9589e21377e596405edf6,sports,0.5,0
polymarket_0x45dcd888a73b6e501ea345a8762aadef58c3898258da0e7ab8ba1edce0551728,sports,0.51,1
polymarket_0x082952cf9a0f317aa880edc01623bfc0daa915f8517f71994e11d9577fe1b26e,sports,0.43,1
polymarket_0xb924de9213eb8863056c47e6ac990ddcc0c837f8c68072957b85c09a5886f137,other,0.34,0
polymarket_0x97630f6f82465bba54a9ff06fdb27b91f12d2cff61cc5fa93d5cfd5eb6203531,other,0.011,0
polymarket_0xe7c565eddb67028c91b26929c436c456cf38b33245319f8a1d7e1833ac88e11b,sports,0.5,0
polymarket_0xa3cf180a4d570f2fc9e0afcd8479a142063503d1784ecf14e1057cc87970b071,sports,0.78,1
polymarket_0x99146a52ffa1d82191515b799c634c8770aadce3800ec8abd206ba7173283116,other,0.115,0
polymarket_0x6c24046c679c38e791f7e9a7324b17c6aefec34d99cdf2915bb6317c01be10ec,sports,0.265,0
polymarket_0x3cf55099bde48572901af5b25ed9cfbe0dd14e6e578bdba0a1f5a54dc9c62745,other,0.0005,0
polymarket_0xcf857ff7d1da7722aedf47c766fb1b53fe3104dccfcc35ad9b79d255a720ed17,other,0.675,1
polymarket_0x25ae67b3e2ad3897a6bb4261c4df6de2e56fbc49870dbd3687051e0cad196fea,other,0.0475,0
polymarket_0xdfc3e0a2f37cb80ef844d0020c5bdedc63287f58b4da8936d9e4ef833e366b1d,other,0.0355,0
polymarket_0xcf3fd1d00a8961096f6a2b23013f4eb2466fed8429bc4f663ae6d84071ac29b5,sports,0.51,1
polymarket_0xf07a9d08365c2f0f8d9f163d5a20bcf83c7e11d43ea83dcc302168f954d87dba,other,0.635,0
polymarket_0x59b4afb394c5cafa18cee92444c3208e1c39555613fde9f7d5862c22e2eda912,other,0.765,1
polymarket_0x01b81d9e68993ba87cbd87e3d04ee2227ea4606df5c26d6ae5d24f9137148c90,other,0.0005,0
polymarket_0x42495819b1cf31aacf688618aedecaac27c63a132ec8c34a4fa9074c95385b81,other,0.5,0
polymarket_0x24a791f48d137c47b055324c7cf521c0e75fe3ac8489ff20539f66e9f2c7a2f9,other,0.25,0
polymarket_0x1213df862fad726da77795c85a5c063ba85d56e017aa449add44209ae2b8973a,other,0.36,0
polymarket_0xfad3e66ce8119a263d7d101202e2ccf7a79d26b48b3b7cf623d3a413a70d9e7f,crypto,0.625,1
polymarket_0xa178667c032ac05d911d86b6754a6cabc25e8ef5e9edfc4920fdc280a8aa8971,other,0.0145,0
polymarket_0xc7cbdb9583881361523fbe79a8a18ba67509f4d3c42f030a5aa02ca9013c24f8,sports,0.0005,0
polymarket_0x6458fe7972c7434bed94b330a6d2923eb5112319ea69af7c7fb1fc0800a5c74f,other,0.06,0
polymarket_0xc104e34b1b43c638335932fe315402e8df6d4aeb3c8c1f4f4b7959ecd31de967,other,0.165,0
polymarket_0xcc35a040cca016765554b42b1f21e82e68b1f7bf8013a3338376d992bfa15a2c,sports,0.255,0
polymarket_0xa334d99228ff14e66ddf909d5452b68c0f0c536d92d263830b6a5e077090c70c,other,0.0095,0
polymarket_0xe618936da379edd5c345c76de4c3e20bc395cd282ce1cb0ade33081d487247c1,other,0.115,0
polymarket_0xbccb97cce9e14fdcadf5ebbfed63b752eb6cb72e5d0c4ff6c26197942b703879,other,0.008,0
polymarket_0xd3aeb1c5d38b310ed96b6a9880a5ff0cb556d47aff032a0630e462232346443d,sports,0.5,1
polymarket_0x0ef41891c7099a54ade950e5a4a2826f666d47ac856775d5c13817eeca53d840,other,0.49,1
polymarket_0x527df1c06bf6df66fce4a0d52fb30c23a3e04d0b4ba063174dd312c067adecbb,other,0.007,0
polymarket_0xede80b63bffb230d925e8e90fe0dba61084094ca56001c586693c3f4e3b454a2,sports,0.48,0
polymarket_0x3c870b5c93e1aa670cc421019a8317af0dff7ed2bc13576b3186a4b52f589b18,other,0.069,0
polymarket_0xfc436812585b6010aea6d6ad7be9bb5ce1e78536b334c2d8528f7395e32df532,sports,0.5,0
polymarket_0x6703cb60f87a39b9aa3dcac8ee89dc59cc659ad5ebbbd437c7a98131838134e9,sports,0.525,1
polymarket_0x8c50c12b83ed156b07827a17f416932a0d7c05fa1bdf20d0443826e1c1982412,sports,0.5,0
polymarket_0x42656a459d2037cb4ea0bf5fda0e9dd247df4bdd9847f95ad0faf2e925f0288f,other,0.0055,0
polymarket_0x56804b1434b0a282ce518012d149ea604615c4b3327febec8a86b91be0ed561e,sports,0.5,1
polymarket_0x49d4c872f39be2ef3a05dd87cd7f3a97fa4e0ced1ecbf8505060263a73ec1062,sports,0.43,1
polymarket_0xd008cd1470934fb24806d2c48bb07ef76814932ab14ca97092503b885a31057f,other,0.2845,0
polymarket_0x5fe83440137f17378fff7e1e00147fe1759414a97d184e2c0ae5d113c17c2cf3,other,0.0065,0
polymarket_0x269080c335aecb64caebc5f126c0f6053701f6db70a3d1c4d69a9d7474a0ebd0,sports,0.5,0
polymarket_0xe0bbb5818cce0afc4afc250fb19ca73752cc0058cfba09a62bcdc48ae9d629af,other,0.005,0
polymarket_0x50d3b0d91c4b1709fa7eac248cc91ea565c14f21c206a5c7cd6c1916c2c721f8,other,0.255,1
polymarket_0x24a674f5921c2f297edb85c3ed32a3d290ecb7cb2aa32820e5aa32b405d283e3,other,0.005,0
polymarket_0xce403161064c4acc0ca5e9060a58681afa63cc93a34ec106f10a1864145fc168,other,0.195,0
polymarket_0xf7c3467d7d2d7472a17a47d698b6b5c583433aaf66d2e12c9e63e1e15a961aae,other,0.0545,1
polymarket_0x92d2eb1fb844cf3af56094bc45b437d63c4f02218b505521af9219dc2be4e334,sports,0.5,0
polymarket_0x82f337b8e8dd81623c4b85f39786e7f3e212f6bb6a529100319ad5a6643cff30,other,0.008,0
polymarket_0xb47f3f992d20ec5fda355c35b89fc1c5907eb91640fcf79c7b5643fafb76426e,other,0.26,1
polymarket_0x4efe73f2be443fc834eba4c76a47dd1d4b8e4d6e59b31b30d2ade3de0eaf88dc,other,0.0045,0
polymarket_0x9415cfb6c63ed4119d13e6398cde4d3a7265176d85cd0cc40b70bed4e7d8f6d6,other,0.0005,0
polymarket_0xf80349b472bf3ba05e7d12a2aa0f66b374978c267fa38c9d659cc3cca948115d,other,0.335,1
polymarket_0xe40e8e85be55c4885beb67e1754ba061272199f4faf5ed5b70923cb758fafb4a,other,0.05,0
polymarket_0xcd4d9e7390389dd3cf2a23d96790a59faeccb8c32fdeefc9b11c7f52306da98c,sports,0.5,0
polymarket_0x0285195321da318806aedf94f16532901b945606bcc1b5ad6da5074dcfd84d09,other,0.0035,0
polymarket_0x78b1cb76dd9b12f4be7acbe434a87d696953fd47a354aa358f38698d36438623,other,0.0235,0
polymarket_0x74742f6f437e792d4da8b8a8cec810356a120662ebead0789a2ddd7d2ef7b4d7,other,0.195,1
polymarket_0x4ff875c4cbe15d53110231513792bda577329b39cd06321760af6d124da329a4,other,0.14,0
polymarket_0x71f0b2edc95aa38b7cd8d66c89f8644c5fbfcafdc1378d29639b3b6b43be5df3,sports,0.36,1
polymarket_0x1b6c8b8139370d4a19e30eb54e59f3231e4372a2c30ac2ab0d2721604f24d8bc,other,0.54,0
polymarket_0xfb178547e84095b4a312392a4d703268f372935daec86e5795305db424c3ab00,other,0.088,0
polymarket_0xff6eb1dd179ecdbb77386f5db3d184fedfbf3f44fda376391d14309a51e3eee9,sports,0.78,1
polymarket_0x2274ea603dc401ccfd0ed03f98a6b126ac28cadc60288cdb4c2b9b741e5e3e7a,sports,0.9955,1
polymarket_0x2f46a8d68de77948fff3fad16caf202e68954bc73fb5ffb022fd26e12b9e9c44,sports,0.275,0
polymarket_0x20cb0ed5a02c2abf8476dfa08876f5499cd20c251602f094cfda70fe9103cd71,sports,0.5,1
polymarket_0x85c1df0feabdb5c6e1f2a3ed1bbb85d17ef94a0757550569c799d1a82f037530,other,0.48,0
polymarket_0x15109a95a0365314fd7388fe1c16b67961ef41c7dec342fa4bf9e739134e082f,other,0.515,0
polymarket_0xc33569d2eb4823556774d2f6376992ff43a2b02607d06e67678d16b938773aac,other,0.455,0
polymarket_0x92eff47c976dae1915bb35a8f99352b590c1e2a27eb0d8fbab27f09e9e1fdd44,sports,0.5,1
polymarket_0xcb65cee62ffe567ae56a9a5672746363d0e50c63e584261da1ba9d48b6cf5133,other,0.0085,0
polymarket_0xe474135156eafd4d86632961219093d9a0b8d2df0c3d609f0b002881a11e8f00,other,0.0025,0
polymarket_0xfdff2aaf874398e1b0548a87333eb7c5e76f4ef709d318eaf4688a1c8db5c55c,other,0.003,0
polymarket_0x861eaf20f1e27e69fe37fcdb8bbdd37f8c8f4d2529773e0aa6a0217d9b0d6790,crypto,0.14,0
polymarket_0x164353ab2fb4a513a25ce9c3bec57df802182d21f7417f038db42ff8168cc95f,other,0.325,0
polymarket_0x55f1d363c09a7243f7b95e9235796ecbe2df71b02fbb0333119355374881bba0,other,0.445,0
polymarket_0x97f319059fa784eddcba724913a779211694a5124752c85fb602e7b3276d6f17,other,0.5,0
polymarket_0x682e673e1d44bfe82724468ab6bd568652625f330b72bec56078898bd942b093,other,0.037,0
polymarket_0x750b681fb552f0b684cc13853d532751059a4ad738cc3e0f87819cd9bb317977,other,0.045,0
polymarket_0x1a2c54a153f50ff014c4badb88c0bba0f01474b8eeb5e8ff5c699d603f8df3c3,sports,0.016,0
polymarket_0x0b74d3fe511704dba498e2c53edef98728603f99ca9fd6a5d68b97ef0d28e6d8,sports,0.5,0
polymarket_0xa38886fd76e22f7e141c6e05cfa4874347b846f1299e37649d643917d8e03b41,other,0.0005,0
polymarket_0xf17aeb6eefc67b869130f360b5ad1fe4cda508ea2cf8a2e4807f373aabc84dd1,other,0.44,0
polymarket_0xf8d543ff299aad2ae5741819c903da9ce4e54d8a15438b620b289e52172ffccf,other,0.235,1
polymarket_0x2e4a3f2aa2c9d779efa5e25621daccbe3d9e464460dd0be11b41d8a052022652,sports,0.5,1
polymarket_0xd91c977d25c886ddb9245158f5d9fa4d42a1673525408b9828b77331313709c7,sports,0.5,1
polymarket_0xfa4e07b54965be10896a1cd60717ed5887c87e98e0142727756ee79df62202ea,other,0.275,0
polymarket_0x5bc5fee7158b8ca530e41876caad32903980183b9ccf1d0a9bbb21503046ae7c,sports,0.475,1
polymarket_0x30deb216308114bdc52f2b88a32884b80745254a326e04f8efb43318d3e8135a,other,0.39,1
polymarket_0x7611b75315bd39cd8c8eb0259e651843c0835dec7527c263c89f412a01baaa4d,other,0.9575,0
polymarket_0x31fa2bab9f95f69219d2b2a02327328f64ec3ce1164d76a74a841c52f08a09bf,other,0.19,0
polymarket_0x1f9d445e5b5cd88b029e59a3babac573de0032ec5c096cbc47cb644c4fb82c8f,other,0.0005,0
polymarket_0x9067388fcba792b8d61433e7a864dd44a0bbf71b7623784c359b10bb017d98bb,other,0.345,1
polymarket_0x43be3af99e2e2b39b843afdf9b419d0a56e51942fc7d12b86a536b27f9082d48,crypto,0.9995,1
polymarket_0xacca55890f7b250ff8e515bb50ba2cbefd96d7dc32fab8d6b056b7cbd2f2bcd6,other,0.005,0
polymarket_0xa4dad16cc1eda3cf8f8a26d39e1c44a16dff2b4fabd4d38e2ac85ddb9af176a2,sports,0.5,1
polymarket_0xe9247460d116b011f7887a104ccd2b3d9c6573843bdc33305dd332b564c9b9f8,other,0.235,0
polymarket_0xc97c40a35022192de7e0e5a2cde1c47f6b0a9fe5bfb9c49f202fcafb22f54fe6,sports,0.485,0
polymarket_0xe8565ce10d68ea0e992d5867eef6f9b45cc8a7c317a76107fbbb79ef25b5097b,other,0.365,0
polymarket_0x9902e069922216abf51bf506845b39eac95d97ad301620c27b437269714d0839,other,0.725,0
polymarket_0xf4a119e4770cf313868baa8d227b9050de75ffc9dfa57ab6aea030c76da1ca66,other,0.0225,0
polymarket_0x3ab88b734659dd5cd876158d7509995537b09e352b99105b86ee81f4786faeab,other,0.485,0
polymarket_0xb72a2860af8bf063f3a4911b9fc8af79ab8d51ec408030b6a937145a4d7a96c6,other,0.205,1
polymarket_0x4168a18ce024b93a81fb13841d9afcf5575aa0fcf2372b6ddda33b92cc3d3ebf,other,0.295,1
polymarket_0x6e67f163f337d870cf13fe835d41ca45b182d21e81cf4ce1af4d2354330c6415,sports,0.89,1
polymarket_0xbf918dcdf43e0ca45886f621031c81d02fe3c8c0df5195f5db4ae7dd333cb815,sports,0.255,0
polymarket_0x102aa2ba33af5a206ce9558d4e5d9e1e8e07fb63864cc92237801409ea3323fb,sports,0.325,1
polymarket_0x8004afe8ac317ad9be8986ec560c56863dd58fe1fcbf30a6be17f51db5549fe1,other,0.53,0
polymarket_0xc059a14d822806ce38668873709e56ae49f657172a10bbf89a13a41836889a42,sports,0.5,1
polymarket_0x24af33299964f10529063a5774748a6f9027259fcb91d63cc21f1212dedf79a6,other,0.0055,0
polymarket_0x0cd2475d9c30c0a8cd29949c2ed4cd6d6cdcde628c40eb37863cc2c5d56aa84a,sports,0.06,0
polymarket_0x61ff8440408e76173de3fbf9f44bf7725ea3ce3df48547fc1c3bb3898c508b0d,other,0.03,0
polymarket_0x9ad744ff9fc97466a4bc5515279770c26675f33ed5e2d626e8bdd9d40be238e8,sports,0.5,1
polymarket_0x93ec7298069d02293cf8cf4261e0c6bcee2f83b4a4ff11ffb9abaa8c4261c681,other,0.31,0
polymarket_0xb8f6912e165df2c7f14d7069900f374f8db3b21d00669e9d5bbfb0bb6122ce96,other,0.0095,0
polymarket_0xdf7168bb6ee45e670ef853c4e51b869dfe73cec64bda32150ff0c683e99cf119,other,0.25,0
polymarket_0xee16842c8b3ffe8442dc66f0da2e9965889d9a3b874e6774c2347c153299eecf,sports,0.385,0
polymarket_0x26f570bcbf81164691d3ffdfb3dfc0eae160f9dea4574e8c149054ba8f55931a,sports,0.095,0
polymarket_0x168671e76cc5e559ae4391c44f1166b960740b922364ad1aec815b2ff51691f3,sports,0.535,0
polymarket_0x22bf5bb8a6964c057d2def56979064a926f6b0789dd7abc6d1bd808de8669dbe,crypto,0.5,1
polymarket_0x2c3fa2f2447a88d10b063643ac22913211da1e0ee1bf88d130a344161bbb5353,other,0.006,0
polymarket_0x08f759724f2084b8318a884f6ae1521cab570fd4fa5ed4ac53412d090c483e8b,other,0.255,0
polymarket_0xe7972ac2438814a05b0eaa8a4021b6132b22c5c913be6549c6a54fb7254bf67d,sports,0.5,0
polymarket_0xd21cf139ebe2de9017a8965d4cc4298f252a8036187202ce7644ab70fd0d278a,sports,0.69,0
polymarket_0xf41f2f2888ab477802463352a7c9c959d5ba45d176d46d62827ac7589bf60e45,other,0.51,0
polymarket_0x4d7f9fb301cf4ff246b7ca2ea43963a737362559378721dd5968b633f009229a,sports,0.415,1
polymarket_0x6823a58d0431d059af5096fb70ddabce72361b0844b3d93d429f54a932c273a8,other,0.045,0
polymarket_0x1dd0ce417671f9eff7009d9f6b2302c538d2ba20403e1efdcdad1e4af77e6ccd,sports,0.49,0
polymarket_0xd121f13ad4b3ff6523641f65c4d0d131ecc82d86a084f29ff15e6b1ebba665c6,sports,0.055,0
polymarket_0xebaa38d3e0e714f59e50096a9f4682a8266ee60307aed39898b691d3b2b5cf9d,other,0.12,0
polymarket_0xfc540eca708e82018ef510fb64117eed65c7a20491815a224cad2c8c222e1a02,other,0.505,1
polymarket_0xb97adc61b9a0f3b2a89e6c63bd3c3d0113a22103f44cfa3f7ac4111ba5080690,sports,0.82,1
polymarket_0xb1a62aedd5f17c4cd043cfc92a5253b2bb80a5b882aa0df95643c56d143199ba,sports,0.13,0
polymarket_0x2dd885d675bd581b539c65046bb73d41f03a9f136104ca19d2d60f4c3845f373,other,0.31,0
polymarket_0x2dfa356dd211e768b2f12bdad026a339520004b0c01e4ce557923fe031296ba0,sports,0.105,0
polymarket_0x9bd520ad1d3e445f1c038c585ea500ede176afcb33301013978783cdb71b4690,sports,0.475,0
polymarket_0xab64d4b82273eaa91dffb428a95777cb234098cf9c168685afba995873a88f64,other,0.28,0
polymarket_0x3875eba896df11e4c04c04f863a09cd6b11d4a9faf70cd1c77ce402b2da3f0bf,other,0.325,1
polymarket_0xd08d1d4e635160caad95c88760da7d59913c7539a233eece1c8dfefac0edf19c,other,0.031,0
polymarket_0x66afe82f6bae9b895141d2c631542d8c37481291dc88b35543fab2d83060423c,other,0.0015,0
polymarket_0x39841cf0d1247ca2b511790cf42c21eb5006c31f8510b8ce596b0daf4f88cd98,sports,0.525,0
polymarket_0x22e1a384d1c81c859f1acefe179b2fa16d6604a534f74185fa422be81f1c1e4c,other,0.0175,1
polymarket_0xacc1d23523b99217ce393627d235005812ea7aa2d782ff1a5695eb078449633b,sports,0.5,0
polymarket_0x0a1856ce1cdb524376a47c98d2e628a6b3aecf8526bf6ff3b7dbc9f58f30b6a4,other,0.0005,0
polymarket_0x85684fbc7dc734965dee45b957a8f8fe52a2fa3a150a6075205359828a2c0fb9,sports,0.5,0
polymarket_0xa411b0f519c8e9fa84a19ec6bf910b8029bbd2f06d5d812cb874516ef9f4775e,sports,0.5,1
polymarket_0xf4c71958cbe91638244ccd9ab40bdc4ca7662b1cf8f6ac4c8d40d1c91a955605,sports,0.885,1
polymarket_0x47a172763a24804dcb5959218654b5501a72cc8ad0f8e9a49dc38fa06ba2dc9b,sports,0.605,0
polymarket_0x9d360db1420668e5d764b4e3b9f4be9af9f9e991e980f11561b566fe34ccfcf2,other,0.32,0
polymarket_0x841cd1da50c06ad3a64858266c401a84a6b7ee2b7fec9f0fed34bd7593396a0d,other,0.46,1
polymarket_0x813a1d46b0a959de903590237ad3d83b7fbdd8376944c21719b5be855121eee8,sports,0.5,0
polymarket_0xf0d271ea80ecf85ccd448d899a8a493fcc12c392ec218da2f5f0b9ec036f8c3b,other,0.0005,0
polymarket_0xd1970f0ab82b7ba7e000709ef934fbe9dbf332f832da17973163866f9bd3d999,sports,0.21,0
polymarket_0x46741b6ffc784a47a1c73beca1d527fb1bc913dd1a68965d6745ce19aa02469c,other,0.175,0
polymarket_0xd9171a31fee0b101bb78e40e90eb4d10a75b89ab5c233250c34982d9a2e6c59c,sports,0.77,1
polymarket_0x1b4100e196323611315741fb6c308e5afaaed3e67c96c2afabd547b055c9328a,sports,0.5,0
polymarket_0x5b45c48b4bfb0838ba15aada97d0ebdbc7d71cad8b83d7270305ec2bc1003aa0,sports,0.505,0
polymarket_0xd922dbcf9404820331cfdb18428cf4ca2c39489c83f3b69b3cf79eda713fb6ed,other,0.43,1
polymarket_0xcb0b778ab384162fe8a48fe3d55740c31f8b070d19f18c23df2a553183e11384,other,0.0355,0
polymarket_0xce360ee8697b35d84f0b12395c93246cfed52ed2834a86fd4271011db9d8ede3,other,0.9945,1
polymarket_0x342614c4531e73660df28687fd017fe251ec956920323511e783e7978f5605a4,other,0.125,0
polymarket_0xd1e68b28c6c15984701ece376d085d9490aba51a78082418eb174588c91e37de,sports,0.5,0
polymarket_0x27418ae5a45c9299155417931499e90272cc76d2114af370847ce0d1cb15b075,sports,0.48,0
polymarket_0xf3f3fb978018ee729b518d43f858da7941bdc34202ff28fa8349954f7b7741f9,other,0.39,0
polymarket_0x69f4c23d1a1c07c33257155ed847700a4887203f18132c80b55819bfc6e27877,sports,0.0045,0
polymarket_0xadb3915b445bb714f922c438807bcd445b174f7baab43f004e5e53f4abae4ddd,sports,0.5,0
polymarket_0x15aad25a8137bf0224ec9493e4802b54f519f9a6b6936c857f8449f0812905d2,crypto,0.615,1
polymarket_0x25f7d84d7251b95d553dead50f0f2e6459437925c0a995d6233fb5b222e50cbc,sports,0.5,0
polymarket_0x421d2266210a77c92161118d75a6c1f37eeb9acddda24cdc4b3dd556d5997e5d,other,0.008,0
polymarket_0x422ec241df84baf55906bf24a3fe7a3eb472043a290f7462dd4651e2723c7dc3,sports,0.48,0
polymarket_0x5fefc6c6668680d90f5276ce0995acb821f5b6937d4994f813a4373fb6031f3b,other,0.001,0
polymarket_0x97873e84cde8d808605ff2437601ddad3ba5804ba4c2b0049c1b3c6cc87d8326,sports,0.505,1
polymarket_0x37b0d415eb67ff5f4763e2b94a25d47a85c4f8d6058310d8180aaeab20bcc346,sports,0.22,0
polymarket_0x1a766a46e566df075e15986b0cb80bd5a35fd0353dab6506d0b04116cea48182,sports,0.355,0
polymarket_0x2e4a71ab6f0c2f3516ea781791c95d4d4b5364093ba2b2f0e4c4d2305950d26a,other,0.009,0
polymarket_0x2285713f0e756df38a6206088726c3544a94d34913718617e90b090e443cb71d,other,0.26,0
polymarket_0x935f52f682ce5e2a05bfc556777404e4169f9a0dd4e0d18429b45c30ae6a6a4d,other,0.01,0
polymarket_0xd4d07b2ec5eaa87c003d7ad0aea865d72876016b762607ca28915713fcc4366c,sports,0.5,1
polymarket_0xb73a32391b2966d59b66a094ff9efe92230017a0f8e1785665513d5526ed61bf,other,0.41,0
polymarket_0xcea0fc044364a75b9dc17d538ec719b9b80bc28eaacc9230f755e688e82ca90d,other,0.012,0
polymarket_0xe39a8ff3851267a0ba734c0b675204e426c83be35f2dde62c018f856689d40fb,other,0.9995,1
polymarket_0x245fb2540ec28fd537ed7f4519583ac6a5e7b60cbe735ffc516aadaae505f581,sports,0.5,1
polymarket_0xd2882d01ac5dd405bed9ad3c64318c3b03c57220c227e25fb393a796a2683dc0,other,0.165,0
polymarket_0x5919a22c83865c794e3b3b7b387cd48da3797df906a13a5835f723ee5faa2fd4,sports,0.5,0
polymarket_0x57b57395cbfc97fdf824d1eebfa29b851ea58e421068a2d82ff939bd8eb432de,other,0.33,0
polymarket_0xd835fd5b33dace0653294234adf0c8e3e7e2c83c0da13b36e2887acb520cf8c3,other,0.345,1
polymarket_0x15e558b67551e64419e56dffb02c393ad5437be73923ddbbf714f93844c0f5cb,other,0.045,0
polymarket_0x56c22f4d9ac9f1a3b23621da3ce1b78b048c20470122b311b7cb0154ce32b434,other,0.9995,1
polymarket_0x7a73b798b0ef95ae876672d8148de09b5218f33798dd4354c6dcca5717c48a27,other,0.0335,0
polymarket_0x2363c0cfaf8c704b6eb1c5c7f6f498aae5efbfc398435524da4256d995ab9bbd,sports,0.135,0
polymarket_0xcbd440685777bf7146409a916408e3e83a78c886c74c46e733d44958a756847b,other,0.565,1
polymarket_0x27915d486aadfe930386eaa84fd27be0afc1ecb9ce5fed5738d3e78129144275,other,0.62,1
polymarket_0x6511bf592c6930538e9df8e1ae3b6194eedfd779551c748f01400a7dff8dae60,crypto,0.07,0
polymarket_0xd518b60f6938fe483ceb6b98418f7d52de874c14857598f617f813bd61b35010,sports,0.9995,1
polymarket_0x0f84d6148d269afb206ba11451e0fe0d3c174444720bbfff210f6af42e3c6e72,other,0.69,1
polymarket_0x12ce6029126e5b15c7093aff18be1a3f36f31d9144449e8cabf8537db79c4dba,sports,0.5,0
polymarket_0xc764c8653064e397726f39e3ff18b6e430c1b9eaa2c0ea0d2849203106adba43,sports,0.5,0
polymarket_0x27bbf2827c91a8ab099cf265cfb351f2f30e3649e05b8b045da221fac82ba024,other,0.51,1
polymarket_0x0964df369a1eb5b80231b4e4e9f9bc33b61576ec5f8b76238007a2c8e6db2907,sports,0.235,0
polymarket_0x38bda5a10263fd30516ea3f6a14263c38e2fd7d7fab2301c22b3e5406644a12b,other,0.365,1
polymarket_0xc59ccb90cad2254d30bf684d07283980540cb23304df60124e7a4f8372cee830,other,0.42,0
polymarket_0x46d98b7fe44f2199faeecb4ed833199f7fb32eb0895a03a0abaabe655744aab4,other,0.0015,0
polymarket_0xfdb757b8ae8ea430dbd56589c6adf8cc58330704256d9424de8e689aa5f267ad,other,0.24,0
polymarket_0xb6a58b8abb85124d43629db245e08fe120dc6785d2e0dcf14652e86665c21d55,other,0.0005,0
polymarket_0xd3e646b5923a1fe20667a0ada6289826053a930829682433c822cbcd73ed2b20,other,0.38,0
polymarket_0x70cb9ebc03463088e222a1cbcfb75e6fdea14edc78bb7f4bb2fc2f5548151ccb,other,0.0295,0
polymarket_0x3cc0cc0c6d7318f0ac4501153dbcdbf11a3f9b20c07b3ccea8a582cf56ad1f8a,sports,0.5,1
polymarket_0x66fbc86eed825d72396fab44e6f89c2f0a05140027102667ae6a06bf8bab2baa,other,0.006,0
polymarket_0x8523bcf72dcd6415597b34e1e7c8397c046b190865dd55846161cc7cfe8fae74,other,0.014,0
polymarket_0x8846491e4b7442c87a64ee3aef2d6ef2b1725eb1ab68003f5265520b5deab1b7,other,0.135,0
polymarket_0x0f2fbd358344081eadf7e291caf1a103acd91bb0d98dc247128aa4f02e07d357,other,0.32,0
polymarket_0x58d6debbe7bedce0d1e8043f89ec27034b86bdd1ce369d240de460c83e5c6f51,sports,0.0005,0
polymarket_0x2cab9db8bd08657c7adedcb55776d8ab9d97728f680b67f74089c28961ddd79a,sports,0.08,0
polymarket_0x6a4ef69e6648e9dea7b5e6dfa257cd7507cee91145245cd3a430ef0202da0602,other,0.495,0
polymarket_0xb818cd17c4aa7611c7561bac4593ab3b7628140e92183b8b45b6d2027ce26171,sports,0.5,1
polymarket_0x878a50b814cc17e62ad0b7bdea56199e5cffe73b0859ec45ccd3ce6e997bc69d,sports,0.035,0
polymarket_0x1ffc73561c452d16150291eed9d621992b75654bb2b57e561530efe672b8e6d3,sports,0.9995,1
polymarket_0xa0e3abfe90ee6664e9d3bff58d804b59be167d5554c1ce09b92bf99fcb4d195d,other,0.755,0
polymarket_0xca1017aa4d06b4a95e25ced52cf84d8caa00207cd3e441f77b2fb745dc7c0703,crypto,0.215,0
polymarket_0xe4165b7d2feae3426d359f740fadf1c62812baf5e36356fbbc38a2d3323394cd,other,0.991,1
polymarket_0x0921293099af24b713c7b6a41feccfb6d8aa1a259f61d420df127c21c8f1165b,sports,0.5,1
polymarket_0x67afb98f02c7b18b9d2e01ba76d7ff1bb8c5c4388b75e69864a4ec924deb3eb3,other,0.0005,0
polymarket_0xb1b0431cd9fcec4b2c40829a5ea5dca015053cdc48e2ad8fc5b7e32c391c231b,sports,0.47,0
polymarket_0x932f723eeae1538fbf954c1a616869dee7ca214993092bcd2c3fca339d60dc63,other,0.075,0
polymarket_0x1f6fe821cdcfbfbb16b8a1797824b1818acda7af9209f2b8c29eef0d61e3c7dd,other,0.835,0
polymarket_0x574ddda1eea14e97d94d3a0d8fea9b496cefb081b186c78a53f514c3025c0ab2,other,0.0205,0
polymarket_0xa87a47f9ef3a73f3d252b7790d49c5f89b96d1f19e21a54c78c615b2e442f5eb,other,0.0145,0
polymarket_0xefa066bb1227305469670245eecd279f09730b4b0330e946c72010da2ca032af,sports,0.5,0
polymarket_0x9a967aaa12db019e8c34584db2641592792fd797c93c904d8f85c1840723ed92,sports,0.5,0
polymarket_0x2e0f8e94ed92d3e82d8a31b5ed4e67391ed77349941c44d34ae7b7ff349afafd,other,0.22,0
polymarket_0xabec94000cc743739a52643dd731a9c60e941a79b2af3f782139e09530fb30ca,other,0.03,0
polymarket_0xa0b39de5c5a9631b6c5440ff75f47207b5eed99c84ecce2b34ca65221de6b00c,other,0.0005,0
polymarket_0xa5af9f66f30255a8f836c861ea144bc1cf94054c002cfb0beb63d00db3d13eb0,other,0.0025,0
polymarket_0xdb1794153bcda118354815961738627534574e4b5cc1fe39f587b442480a742e,politics,0.765,0
polymarket_0x3c44f31b36dede49ef7bbf2c555b9fea293fa294e88065696fcda58afd88a0a2,other,0.001,0
polymarket_0xeb95218d9857ba70d4e11fb72e6d20938d18c8898ac086735ca7c02fe2ee9505,other,0.0005,0
polymarket_0xeea02282ba7136a24366b7e3f965a3399f3260e5ecc969f7ae0694d3eb01a623,sports,0.38,0
polymarket_0x38846dc30ad16ca62744144e63e513bf6ffe0f2b8c0ae7c7d2332a8c797d00e3,sports,0.5,1
polymarket_0xf1b6a75b7bd6e28b39fab5c1980bd785cabf5e43de6dfc9e81154c759a6b93a6,other,0.35,1
polymarket_0xd27f016125724fb3eb975f37263329af6857f3e077354c75a251dfdf8c3658f0,other,0.95,1
polymarket_0xfb705e2c2410911b83394f80d59a301ed75c4e7a840617e8fb9ba8383a008863,sports,0.205,0
polymarket_0x61f6d457e9d12e09f95e8bcfea1030f54189603e8b7657f925f0a80dc2bc969c,sports,0.49,1
polymarket_0xee45ab7fb3be9f590e6a6eeb43ec76f2bee9bb798ec593e81c6ca8a306df8f51,other,0.155,0
polymarket_0x448dd50fd404bd2fa1b01c7c014efc253779b68c7eaf3778db4c43c45b197361,other,0.675,0
polymarket_0x020229273e4d0a6b537dfcbbb60875d9e24014ed746eb9eb9d5a7b1d0e0b44d3,other,0.115,0
polymarket_0xca9868623ecb8c07993f25d84df1396ac6367e3e2dba8a7c5f5c24e43264e00d,sports,0.135,0
polymarket_0xf507dff0562af2723ed244daa15a16ddd1a35a2785c92e74209e94d4fd0bbfd3,sports,0.155,0
polymarket_0x3ff7368c2038c16267c0411c269887b37a0ac23b397193c04a2e8f1a5ea3def7,sports,0.0005,0
polymarket_0xeff34f18da0dd0b6df37ac38be62edf307711bf4de03c0964239edc7a0957c1c,other,0.016,0
polymarket_0xca376f54b01fbbb1199321291bddb5d5fadc0b7a055a4ea09ea90cb376a87685,other,0.475,0
polymarket_0x57b5e10d86d4d3cb27ad20614f7fead18328995b70189c135d2cdc9545ae335b,sports,0.5,1
polymarket_0x838b8402a07534add8eedaf99781a50f091c81d78449e4474f84136d51c9db3b,sports,0.645,0
polymarket_0xb26705174733a4fb8faf5ecd8761e008279b0df6c7fbd0a0272f6ff626523e93,other,0.66,1
